0 verbose cli /Users/zhaoyirui/.workbuddy/binaries/node/versions/22.22.2/bin/node /Users/zhaoyirui/.workbuddy/binaries/node/versions/22.22.2/bin/npm
1 info using npm@10.9.7
2 info using node@v22.22.2
3 silly config load:file:/Users/zhaoyirui/.workbuddy/binaries/node/versions/22.22.2/lib/node_modules/npm/npmrc
4 silly config load:file:/Users/zhaoyirui/WorkBuddy/2026-08-25-17-14-24/soft-ip-v4/frontend/.npmrc
5 silly config load:file:/Users/zhaoyirui/.npmrc
6 silly config load:file:/Users/zhaoyirui/.npm-global/etc/npmrc
7 verbose title npm install
8 verbose argv "install" "--registry" "https://registry.npmmirror.com" "--cache" "./.npm-cache"
9 verbose logfile logs-max:10 dir:/Users/zhaoyirui/WorkBuddy/2026-08-25-17-14-24/soft-ip-v4/frontend/.npm-cache/_logs/2026-08-26T10_37_49_372Z-
10 verbose logfile /Users/zhaoyirui/WorkBuddy/2026-08-25-17-14-24/soft-ip-v4/frontend/.npm-cache/_logs/2026-08-26T10_37_49_372Z-debug-0.log
11 silly logfile done cleaning log files
12 silly packumentCache heap:4345298944 maxSize:1086324736 maxEntrySize:543162368
13 silly idealTree buildDeps
14 silly fetch manifest echarts@^5.5.0
15 silly packumentCache full:https://registry.npmmirror.com/echarts cache-miss
16 http fetch GET 200 https://registry.npmmirror.com/echarts 160ms (cache miss)
17 silly packumentCache full:https://registry.npmmirror.com/echarts set size:63533 disposed:false
18 silly fetch manifest react@^18.3.1
19 silly packumentCache full:https://registry.npmmirror.com/react cache-miss
20 http fetch GET 200 https://registry.npmmirror.com/npm 199ms
21 http fetch GET 200 https://registry.npmmirror.com/react 1109ms (cache miss)
22 silly packumentCache full:https://registry.npmmirror.com/react set size:1255154 disposed:false
23 silly fetch manifest react-dom@^18.3.1
24 silly packumentCache full:https://registry.npmmirror.com/react-dom cache-miss
25 http fetch GET 200 https://registry.npmmirror.com/react-dom 1061ms (cache miss)
26 silly packumentCache full:https://registry.npmmirror.com/react-dom set size:1435482 disposed:false
27 silly fetch manifest react-router-dom@^6.26.0
28 silly packumentCache full:https://registry.npmmirror.com/react-router-dom cache-miss
29 http fetch GET 200 https://registry.npmmirror.com/react-router-dom 269ms (cache miss)
30 silly packumentCache full:https://registry.npmmirror.com/react-router-dom set size:476504 disposed:false
31 silly fetch manifest @types/react@^18.3.3
32 silly packumentCache full:https://registry.npmmirror.com/@types%2freact cache-miss
33 http fetch GET 200 https://registry.npmmirror.com/@types%2freact 199ms (cache miss)
34 silly packumentCache full:https://registry.npmmirror.com/@types%2freact set size:337419 disposed:false
35 silly fetch manifest @types/react-dom@^18.3.0
36 silly packumentCache full:https://registry.npmmirror.com/@types%2freact-dom cache-miss
37 http fetch GET 200 https://registry.npmmirror.com/@types%2freact-dom 87ms (cache miss)
38 silly packumentCache full:https://registry.npmmirror.com/@types%2freact-dom set size:83911 disposed:false
39 silly fetch manifest @vitejs/plugin-react@^4.3.1
40 silly packumentCache full:https://registry.npmmirror.com/@vitejs%2fplugin-react cache-miss
41 http fetch GET 200 https://registry.npmmirror.com/@vitejs%2fplugin-react 58ms (cache miss)
42 silly packumentCache full:https://registry.npmmirror.com/@vitejs%2fplugin-react set size:60015 disposed:false
43 silly fetch manifest vite@^5.3.4
44 silly packumentCache full:https://registry.npmmirror.com/vite cache-miss
45 http fetch GET 200 https://registry.npmmirror.com/vite 1444ms (cache miss)
46 silly packumentCache full:https://registry.npmmirror.com/vite set size:6249334 disposed:false
47 silly fetch manifest @types/node@^18.0.0 || >=20.0.0
48 silly packumentCache full:https://registry.npmmirror.com/@types%2fnode cache-miss
49 http fetch GET 200 https://registry.npmmirror.com/@types%2fnode 341ms (cache miss)
50 silly packumentCache full:https://registry.npmmirror.com/@types%2fnode set size:1167754 disposed:false
51 silly fetch manifest less@*
52 silly packumentCache full:https://registry.npmmirror.com/less cache-miss
53 http fetch GET 200 https://registry.npmmirror.com/less 79ms (cache miss)
54 silly packumentCache full:https://registry.npmmirror.com/less set size:57636 disposed:false
55 silly fetch manifest lightningcss@^1.21.0
56 silly packumentCache full:https://registry.npmmirror.com/lightningcss cache-miss
57 http fetch GET 200 https://registry.npmmirror.com/lightningcss 56ms (cache miss)
58 silly packumentCache full:https://registry.npmmirror.com/lightningcss set size:32915 disposed:false
59 silly fetch manifest sass@*
60 silly packumentCache full:https://registry.npmmirror.com/sass cache-miss
61 http fetch GET 200 https://registry.npmmirror.com/sass 95ms (cache miss)
62 silly packumentCache full:https://registry.npmmirror.com/sass set size:129972 disposed:false
63 silly fetch manifest sass-embedded@*
64 silly packumentCache full:https://registry.npmmirror.com/sass-embedded cache-miss
65 http fetch GET 200 https://registry.npmmirror.com/sass-embedded 90ms (cache miss)
66 silly packumentCache full:https://registry.npmmirror.com/sass-embedded set size:77590 disposed:false
67 silly fetch manifest stylus@*
68 silly packumentCache full:https://registry.npmmirror.com/stylus cache-miss
69 http fetch GET 200 https://registry.npmmirror.com/stylus 89ms (cache miss)
70 silly packumentCache full:https://registry.npmmirror.com/stylus set size:65242 disposed:false
71 silly fetch manifest sugarss@*
72 silly packumentCache full:https://registry.npmmirror.com/sugarss cache-miss
73 http fetch GET 200 https://registry.npmmirror.com/sugarss 81ms (cache miss)
74 silly packumentCache full:https://registry.npmmirror.com/sugarss set size:8151 disposed:false
75 silly fetch manifest postcss@^8.4.39
76 silly packumentCache full:https://registry.npmmirror.com/postcss cache-miss
77 http fetch GET 200 https://registry.npmmirror.com/postcss 56ms (cache miss)
78 silly packumentCache full:https://registry.npmmirror.com/postcss set size:103137 disposed:false
79 silly fetch manifest terser@^5.4.0
80 silly packumentCache full:https://registry.npmmirror.com/terser cache-miss
81 http fetch GET 200 https://registry.npmmirror.com/terser 90ms (cache miss)
82 silly packumentCache full:https://registry.npmmirror.com/terser set size:114493 disposed:false
83 silly fetch manifest autoprefixer@^10.4.19
84 silly packumentCache full:https://registry.npmmirror.com/autoprefixer cache-miss
85 http fetch GET 200 https://registry.npmmirror.com/autoprefixer 134ms (cache miss)
86 silly packumentCache full:https://registry.npmmirror.com/autoprefixer set size:140396 disposed:false
87 silly fetch manifest tailwindcss@^3.4.6
88 silly packumentCache full:https://registry.npmmirror.com/tailwindcss cache-miss
89 http fetch GET 200 https://registry.npmmirror.com/tailwindcss 467ms (cache miss)
90 silly packumentCache full:https://registry.npmmirror.com/tailwindcss set size:1692082 disposed:false
91 silly fetch manifest typescript@^5.5.3
92 silly packumentCache full:https://registry.npmmirror.com/typescript cache-miss
93 http fetch GET 200 https://registry.npmmirror.com/typescript 296ms (cache miss)
94 silly packumentCache full:https://registry.npmmirror.com/typescript set size:1709516 disposed:false
95 silly placeDep ROOT @types/react@18.3.31 OK for: soft-ip-v4-frontend@4.0.0 want: ^18.3.3
96 silly placeDep ROOT @types/react-dom@18.3.7 OK for: soft-ip-v4-frontend@4.0.0 want: ^18.3.0
97 silly placeDep ROOT @vitejs/plugin-react@4.7.0 OK for: soft-ip-v4-frontend@4.0.0 want: ^4.3.1
98 silly placeDep ROOT vite@5.4.21 OK for: @vitejs/plugin-react@4.7.0 want: ^4.2.0 || ^5.0.0 || ^6.0.0 || ^7.0.0
99 silly placeDep ROOT autoprefixer@10.5.4 OK for: soft-ip-v4-frontend@4.0.0 want: ^10.4.19
100 silly placeDep ROOT postcss@8.5.26 OK for: autoprefixer@10.5.4 want: ^8.1.0
101 silly placeDep ROOT echarts@5.6.0 OK for: soft-ip-v4-frontend@4.0.0 want: ^5.5.0
102 silly placeDep ROOT react@18.3.1 OK for: soft-ip-v4-frontend@4.0.0 want: ^18.3.1
103 silly placeDep ROOT react-dom@18.3.1 OK for: soft-ip-v4-frontend@4.0.0 want: ^18.3.1
104 silly placeDep ROOT react-router-dom@6.30.6 OK for: soft-ip-v4-frontend@4.0.0 want: ^6.26.0
105 silly placeDep ROOT tailwindcss@3.4.19 OK for: soft-ip-v4-frontend@4.0.0 want: ^3.4.6
106 silly placeDep ROOT typescript@5.9.3 OK for: soft-ip-v4-frontend@4.0.0 want: ^5.5.3
107 silly fetch manifest csstype@^3.2.2
108 silly packumentCache full:https://registry.npmmirror.com/csstype cache-miss
109 silly fetch manifest @types/prop-types@*
110 silly packumentCache full:https://registry.npmmirror.com/@types%2fprop-types cache-miss
111 silly fetch manifest @babel/core@^7.28.0
112 silly packumentCache full:https://registry.npmmirror.com/@babel%2fcore cache-miss
113 silly fetch manifest @babel/plugin-transform-react-jsx-self@^7.27.1
114 silly packumentCache full:https://registry.npmmirror.com/@babel%2fplugin-transform-react-jsx-self cache-miss
115 silly fetch manifest @babel/plugin-transform-react-jsx-source@^7.27.1
116 silly packumentCache full:https://registry.npmmirror.com/@babel%2fplugin-transform-react-jsx-source cache-miss
117 silly fetch manifest @rolldown/pluginutils@1.0.0-beta.27
118 silly packumentCache full:https://registry.npmmirror.com/@rolldown%2fpluginutils cache-miss
119 silly fetch manifest @types/babel__core@^7.20.5
120 silly packumentCache full:https://registry.npmmirror.com/@types%2fbabel__core cache-miss
121 http fetch GET 200 https://registry.npmmirror.com/csstype 93ms (cache miss)
122 silly packumentCache full:https://registry.npmmirror.com/csstype set size:41498 disposed:false
123 silly fetch manifest react-refresh@^0.17.0
124 silly packumentCache full:https://registry.npmmirror.com/react-refresh cache-miss
125 http fetch GET 200 https://registry.npmmirror.com/@types%2fprop-types 110ms (cache miss)
126 silly packumentCache full:https://registry.npmmirror.com/@types%2fprop-types set size:10437 disposed:false
127 silly fetch manifest esbuild@^0.21.3
128 silly packumentCache full:https://registry.npmmirror.com/esbuild cache-miss
129 http fetch GET 200 https://registry.npmmirror.com/@types%2fbabel__core 159ms (cache miss)
130 silly packumentCache full:https://registry.npmmirror.com/@types%2fbabel__core set size:14948 disposed:false
131 silly fetch manifest postcss@^8.4.43
132 silly packumentCache full:https://registry.npmmirror.com/postcss cache-hit
133 silly fetch manifest rollup@^4.20.0
134 silly packumentCache full:https://registry.npmmirror.com/rollup cache-miss
135 http fetch GET 200 https://registry.npmmirror.com/@babel%2fplugin-transform-react-jsx-source 184ms (cache miss)
136 silly packumentCache full:https://registry.npmmirror.com/@babel%2fplugin-transform-react-jsx-source set size:34215 disposed:false
137 silly fetch manifest fsevents@~2.3.3
138 silly packumentCache full:https://registry.npmmirror.com/fsevents cache-miss
139 http fetch GET 200 https://registry.npmmirror.com/esbuild 79ms (cache miss)
140 silly packumentCache full:https://registry.npmmirror.com/esbuild set size:216305 disposed:false
141 silly fetch manifest picocolors@^1.1.1
142 silly packumentCache full:https://registry.npmmirror.com/picocolors cache-miss
143 http fetch GET 200 https://registry.npmmirror.com/@babel%2fplugin-transform-react-jsx-self 199ms (cache miss)
144 silly packumentCache full:https://registry.npmmirror.com/@babel%2fplugin-transform-react-jsx-self set size:34594 disposed:false
145 silly fetch manifest fraction.js@^5.3.4
146 silly packumentCache full:https://registry.npmmirror.com/fraction.js cache-miss
147 http fetch GET 200 https://registry.npmmirror.com/@babel%2fcore 216ms (cache miss)
148 silly packumentCache full:https://registry.npmmirror.com/@babel%2fcore set size:112087 disposed:false
149 silly fetch manifest browserslist@^4.28.6
150 silly packumentCache full:https://registry.npmmirror.com/browserslist cache-miss
151 http fetch GET 200 https://registry.npmmirror.com/@rolldown%2fpluginutils 249ms (cache miss)
152 silly packumentCache full:https://registry.npmmirror.com/@rolldown%2fpluginutils set size:49379 disposed:false
153 silly fetch manifest caniuse-lite@^1.0.30001806
154 silly packumentCache full:https://registry.npmmirror.com/caniuse-lite cache-miss
155 http fetch GET 200 https://registry.npmmirror.com/fsevents 72ms (cache miss)
156 silly packumentCache full:https://registry.npmmirror.com/fsevents set size:16344 disposed:false
157 silly fetch manifest postcss-value-parser@^4.2.0
158 silly packumentCache full:https://registry.npmmirror.com/postcss-value-parser cache-miss
159 http fetch GET 200 https://registry.npmmirror.com/picocolors 65ms (cache miss)
160 silly packumentCache full:https://registry.npmmirror.com/picocolors set size:4040 disposed:false
161 silly fetch manifest nanoid@^3.3.17
162 silly packumentCache full:https://registry.npmmirror.com/nanoid cache-miss
163 http fetch GET 200 https://registry.npmmirror.com/fraction.js 66ms (cache miss)
164 silly packumentCache full:https://registry.npmmirror.com/fraction.js set size:31162 disposed:false
165 silly fetch manifest source-map-js@^1.2.1
166 silly packumentCache full:https://registry.npmmirror.com/source-map-js cache-miss
167 http fetch GET 200 https://registry.npmmirror.com/postcss-value-parser 73ms (cache miss)
168 silly packumentCache full:https://registry.npmmirror.com/postcss-value-parser set size:14115 disposed:false
169 silly fetch manifest tslib@2.3.0
170 silly packumentCache full:https://registry.npmmirror.com/tslib cache-miss
171 http fetch GET 200 https://registry.npmmirror.com/source-map-js 69ms (cache miss)
172 silly packumentCache full:https://registry.npmmirror.com/source-map-js set size:14399 disposed:false
173 silly fetch manifest zrender@5.6.1
174 silly packumentCache full:https://registry.npmmirror.com/zrender cache-miss
175 http fetch GET 200 https://registry.npmmirror.com/nanoid 95ms (cache miss)
176 silly packumentCache full:https://registry.npmmirror.com/nanoid set size:54118 disposed:false
177 silly fetch manifest loose-envify@^1.1.0
178 silly packumentCache full:https://registry.npmmirror.com/loose-envify cache-miss
179 http fetch GET 200 https://registry.npmmirror.com/rollup 226ms (cache miss)
180 silly packumentCache full:https://registry.npmmirror.com/rollup set size:697230 disposed:false
181 silly fetch manifest loose-envify@^1.1.0
182 silly packumentCache full:https://registry.npmmirror.com/loose-envify cache-miss
183 http fetch GET 200 https://registry.npmmirror.com/browserslist 204ms (cache miss)
184 silly packumentCache full:https://registry.npmmirror.com/browserslist set size:77478 disposed:false
185 silly fetch manifest scheduler@^0.23.2
186 silly packumentCache full:https://registry.npmmirror.com/scheduler cache-miss
187 http fetch GET 200 https://registry.npmmirror.com/tslib 101ms (cache miss)
188 silly packumentCache full:https://registry.npmmirror.com/tslib set size:33198 disposed:false
189 silly fetch manifest react-router@6.30.6
190 silly packumentCache full:https://registry.npmmirror.com/react-router cache-miss
191 http fetch GET 200 https://registry.npmmirror.com/loose-envify 79ms (cache miss)
192 silly packumentCache full:https://registry.npmmirror.com/loose-envify set size:2934 disposed:false
193 silly fetch manifest @remix-run/router@1.23.4
194 silly packumentCache full:https://registry.npmmirror.com/@remix-run%2frouter cache-miss
195 http fetch GET 200 https://registry.npmmirror.com/zrender 102ms (cache miss)
196 silly packumentCache full:https://registry.npmmirror.com/zrender set size:34218 disposed:false
197 silly fetch manifest @alloc/quick-lru@^5.2.0
198 silly packumentCache full:https://registry.npmmirror.com/@alloc%2fquick-lru cache-miss
199 http fetch GET 200 https://registry.npmmirror.com/caniuse-lite 195ms (cache miss)
200 silly packumentCache full:https://registry.npmmirror.com/caniuse-lite set size:369750 disposed:false
201 silly fetch manifest arg@^5.0.2
202 silly packumentCache full:https://registry.npmmirror.com/arg cache-miss
203 http fetch GET 200 https://registry.npmmirror.com/loose-envify 69ms (cache miss)
204 silly packumentCache full:https://registry.npmmirror.com/loose-envify dispose
205 silly fetch manifest chokidar@^3.6.0
206 silly packumentCache full:https://registry.npmmirror.com/chokidar cache-miss
207 http fetch GET 200 https://registry.npmmirror.com/@alloc%2fquick-lru 51ms (cache miss)
208 silly packumentCache full:https://registry.npmmirror.com/@alloc%2fquick-lru set size:2827 disposed:false
209 silly fetch manifest didyoumean@^1.2.2
210 silly packumentCache full:https://registry.npmmirror.com/didyoumean cache-miss
211 http fetch GET 200 https://registry.npmmirror.com/arg 43ms (cache miss)
212 silly packumentCache full:https://registry.npmmirror.com/arg set size:13581 disposed:false
213 silly fetch manifest dlv@^1.1.3
214 silly packumentCache full:https://registry.npmmirror.com/dlv cache-miss
215 http fetch GET 200 https://registry.npmmirror.com/@remix-run%2frouter 91ms (cache miss)
216 silly packumentCache full:https://registry.npmmirror.com/@remix-run%2frouter set size:133555 disposed:false
217 silly fetch manifest fast-glob@^3.3.2
218 silly packumentCache full:https://registry.npmmirror.com/fast-glob cache-miss
219 http fetch GET 200 https://registry.npmmirror.com/didyoumean 65ms (cache miss)
220 silly packumentCache full:https://registry.npmmirror.com/didyoumean set size:3588 disposed:false
221 silly fetch manifest glob-parent@^6.0.2
222 silly packumentCache full:https://registry.npmmirror.com/glob-parent cache-miss
223 http fetch GET 200 https://registry.npmmirror.com/chokidar 73ms (cache miss)
224 silly packumentCache full:https://registry.npmmirror.com/chokidar set size:40008 disposed:false
225 silly fetch manifest is-glob@^4.0.3
226 silly packumentCache full:https://registry.npmmirror.com/is-glob cache-miss
227 http fetch GET 200 https://registry.npmmirror.com/react-refresh 487ms (cache miss)
228 silly packumentCache full:https://registry.npmmirror.com/react-refresh set size:1189075 disposed:false
229 silly fetch manifest jiti@^1.21.7
230 silly packumentCache full:https://registry.npmmirror.com/jiti cache-miss
231 http fetch GET 200 https://registry.npmmirror.com/dlv 119ms (cache miss)
232 silly packumentCache full:https://registry.npmmirror.com/dlv set size:3901 disposed:false
233 silly fetch manifest lilconfig@^3.1.3
234 silly packumentCache full:https://registry.npmmirror.com/lilconfig cache-miss
235 http fetch GET 200 https://registry.npmmirror.com/glob-parent 59ms (cache miss)
236 silly packumentCache full:https://registry.npmmirror.com/glob-parent set size:7508 disposed:false
237 silly fetch manifest micromatch@^4.0.8
238 silly packumentCache full:https://registry.npmmirror.com/micromatch cache-miss
239 http fetch GET 200 https://registry.npmmirror.com/fast-glob 87ms (cache miss)
240 silly packumentCache full:https://registry.npmmirror.com/fast-glob set size:33565 disposed:false
241 silly fetch manifest normalize-path@^3.0.0
242 silly packumentCache full:https://registry.npmmirror.com/normalize-path cache-miss
243 http fetch GET 200 https://registry.npmmirror.com/is-glob 91ms (cache miss)
244 silly packumentCache full:https://registry.npmmirror.com/is-glob set size:7964 disposed:false
245 silly fetch manifest object-hash@^3.0.0
246 silly packumentCache full:https://registry.npmmirror.com/object-hash cache-miss
247 http fetch GET 200 https://registry.npmmirror.com/normalize-path 45ms (cache miss)
248 silly packumentCache full:https://registry.npmmirror.com/normalize-path set size:6181 disposed:false
249 silly fetch manifest postcss-import@^15.1.0
250 silly packumentCache full:https://registry.npmmirror.com/postcss-import cache-miss
251 http fetch GET 200 https://registry.npmmirror.com/lilconfig 67ms (cache miss)
252 silly packumentCache full:https://registry.npmmirror.com/lilconfig set size:10217 disposed:false
253 silly fetch manifest postcss-js@^4.0.1
254 silly packumentCache full:https://registry.npmmirror.com/postcss-js cache-miss
255 http fetch GET 200 https://registry.npmmirror.com/react-router 270ms (cache miss)
256 silly packumentCache full:https://registry.npmmirror.com/react-router set size:571884 disposed:false
257 silly fetch manifest postcss-load-config@^4.0.2 || ^5.0 || ^6.0
258 silly packumentCache full:https://registry.npmmirror.com/postcss-load-config cache-miss
259 http fetch GET 200 https://registry.npmmirror.com/object-hash 65ms (cache miss)
260 silly packumentCache full:https://registry.npmmirror.com/object-hash set size:16842 disposed:false
261 silly fetch manifest postcss-nested@^6.2.0
262 silly packumentCache full:https://registry.npmmirror.com/postcss-nested cache-miss
263 http fetch GET 200 https://registry.npmmirror.com/jiti 113ms (cache miss)
264 silly packumentCache full:https://registry.npmmirror.com/jiti set size:61717 disposed:false
265 silly fetch manifest postcss-selector-parser@^6.1.2
266 silly packumentCache full:https://registry.npmmirror.com/postcss-selector-parser cache-miss
267 http fetch GET 200 https://registry.npmmirror.com/postcss-import 66ms (cache miss)
268 silly packumentCache full:https://registry.npmmirror.com/postcss-import set size:25128 disposed:false
269 silly fetch manifest resolve@^1.22.8
270 silly packumentCache full:https://registry.npmmirror.com/resolve cache-miss
271 http fetch GET 200 https://registry.npmmirror.com/postcss-js 58ms (cache miss)
272 silly packumentCache full:https://registry.npmmirror.com/postcss-js set size:10272 disposed:false
273 silly fetch manifest sucrase@^3.35.0
274 silly packumentCache full:https://registry.npmmirror.com/sucrase cache-miss
275 http fetch GET 200 https://registry.npmmirror.com/micromatch 130ms (cache miss)
276 silly packumentCache full:https://registry.npmmirror.com/micromatch set size:39386 disposed:false
277 http fetch GET 200 https://registry.npmmirror.com/postcss-load-config 36ms (cache miss)
278 silly packumentCache full:https://registry.npmmirror.com/postcss-load-config set size:19569 disposed:false
279 http fetch GET 200 https://registry.npmmirror.com/postcss-nested 42ms (cache miss)
280 silly packumentCache full:https://registry.npmmirror.com/postcss-nested set size:15319 disposed:false
281 http fetch GET 200 https://registry.npmmirror.com/resolve 48ms (cache miss)
282 silly packumentCache full:https://registry.npmmirror.com/resolve set size:40615 disposed:false
283 http fetch GET 200 https://registry.npmmirror.com/postcss-selector-parser 107ms (cache miss)
284 silly packumentCache full:https://registry.npmmirror.com/postcss-selector-parser set size:31508 disposed:false
285 http fetch GET 200 https://registry.npmmirror.com/sucrase 95ms (cache miss)
286 silly packumentCache full:https://registry.npmmirror.com/sucrase set size:55462 disposed:false
287 http fetch GET 200 https://registry.npmmirror.com/scheduler 846ms (cache miss)
288 silly packumentCache full:https://registry.npmmirror.com/scheduler set size:1170984 disposed:false
289 silly placeDep ROOT @types/prop-types@15.7.15 OK for: @types/react@18.3.31 want: *
290 silly placeDep ROOT csstype@3.2.3 OK for: @types/react@18.3.31 want: ^3.2.2
291 silly placeDep ROOT @babel/core@7.29.7 OK for: @vitejs/plugin-react@4.7.0 want: ^7.28.0
292 silly placeDep ROOT @babel/plugin-transform-react-jsx-self@7.29.7 OK for: @vitejs/plugin-react@4.7.0 want: ^7.27.1
293 silly placeDep ROOT @babel/plugin-transform-react-jsx-source@7.29.7 OK for: @vitejs/plugin-react@4.7.0 want: ^7.27.1
294 silly placeDep ROOT @rolldown/pluginutils@1.0.0-beta.27 OK for: @vitejs/plugin-react@4.7.0 want: 1.0.0-beta.27
295 silly placeDep ROOT @types/babel__core@7.20.5 OK for: @vitejs/plugin-react@4.7.0 want: ^7.20.5
296 silly placeDep ROOT react-refresh@0.17.0 OK for: @vitejs/plugin-react@4.7.0 want: ^0.17.0
297 silly fetch manifest @babel/code-frame@^7.29.7
298 silly packumentCache full:https://registry.npmmirror.com/@babel%2fcode-frame cache-miss
299 silly fetch manifest @babel/generator@^7.29.7
300 silly packumentCache full:https://registry.npmmirror.com/@babel%2fgenerator cache-miss
301 silly fetch manifest @babel/helper-compilation-targets@^7.29.7
302 silly packumentCache full:https://registry.npmmirror.com/@babel%2fhelper-compilation-targets cache-miss
303 silly fetch manifest @babel/helper-module-transforms@^7.29.7
304 silly packumentCache full:https://registry.npmmirror.com/@babel%2fhelper-module-transforms cache-miss
305 silly fetch manifest @babel/helpers@^7.29.7
306 silly packumentCache full:https://registry.npmmirror.com/@babel%2fhelpers cache-miss
307 silly fetch manifest @babel/parser@^7.29.7
308 silly packumentCache full:https://registry.npmmirror.com/@babel%2fparser cache-miss
309 silly fetch manifest @babel/template@^7.29.7
310 silly packumentCache full:https://registry.npmmirror.com/@babel%2ftemplate cache-miss
311 http fetch GET 200 https://registry.npmmirror.com/@babel%2fhelper-module-transforms 56ms (cache miss)
312 silly packumentCache full:https://registry.npmmirror.com/@babel%2fhelper-module-transforms set size:59424 disposed:false
313 silly fetch manifest @babel/traverse@^7.29.7
314 silly packumentCache full:https://registry.npmmirror.com/@babel%2ftraverse cache-miss
315 http fetch GET 200 https://registry.npmmirror.com/@babel%2fhelper-compilation-targets 84ms (cache miss)
316 silly packumentCache full:https://registry.npmmirror.com/@babel%2fhelper-compilation-targets set size:42418 disposed:false
317 silly fetch manifest @babel/types@^7.29.7
318 silly packumentCache full:https://registry.npmmirror.com/@babel%2ftypes cache-miss
319 http fetch GET 200 https://registry.npmmirror.com/@babel%2ftemplate 94ms (cache miss)
320 silly packumentCache full:https://registry.npmmirror.com/@babel%2ftemplate set size:40395 disposed:false
321 silly fetch manifest @jridgewell/remapping@^2.3.5
322 silly packumentCache full:https://registry.npmmirror.com/@jridgewell%2fremapping cache-miss
323 http fetch GET 200 https://registry.npmmirror.com/@babel%2fcode-frame 97ms (cache miss)
324 silly packumentCache full:https://registry.npmmirror.com/@babel%2fcode-frame set size:36012 disposed:false
325 silly fetch manifest convert-source-map@^2.0.0
326 silly packumentCache full:https://registry.npmmirror.com/convert-source-map cache-miss
327 http fetch GET 200 https://registry.npmmirror.com/@babel%2fhelpers 101ms (cache miss)
328 silly packumentCache full:https://registry.npmmirror.com/@babel%2fhelpers set size:71300 disposed:false
329 silly fetch manifest debug@^4.1.0
330 silly packumentCache full:https://registry.npmmirror.com/debug cache-miss
331 http fetch GET 200 https://registry.npmmirror.com/@babel%2ftraverse 87ms (cache miss)
332 silly packumentCache full:https://registry.npmmirror.com/@babel%2ftraverse set size:97410 disposed:false
333 silly fetch manifest gensync@^1.0.0-beta.2
334 silly packumentCache full:https://registry.npmmirror.com/gensync cache-miss
335 http fetch GET 200 https://registry.npmmirror.com/@babel%2fgenerator 153ms (cache miss)
336 silly packumentCache full:https://registry.npmmirror.com/@babel%2fgenerator set size:91701 disposed:false
337 silly fetch manifest json5@^2.2.3
338 silly packumentCache full:https://registry.npmmirror.com/json5 cache-miss
339 http fetch GET 200 https://registry.npmmirror.com/@babel%2ftypes 80ms (cache miss)
340 silly packumentCache full:https://registry.npmmirror.com/@babel%2ftypes set size:83741 disposed:false
341 silly fetch manifest semver@^6.3.1
342 silly packumentCache full:https://registry.npmmirror.com/semver cache-miss
343 http fetch GET 200 https://registry.npmmirror.com/@babel%2fparser 172ms (cache miss)
344 silly packumentCache full:https://registry.npmmirror.com/@babel%2fparser set size:110451 disposed:false
345 silly fetch manifest @babel/helper-plugin-utils@^7.29.7
346 silly packumentCache full:https://registry.npmmirror.com/@babel%2fhelper-plugin-utils cache-miss
347 http fetch GET 200 https://registry.npmmirror.com/convert-source-map 77ms (cache miss)
348 silly packumentCache full:https://registry.npmmirror.com/convert-source-map set size:13631 disposed:false
349 silly fetch manifest @babel/helper-plugin-utils@^7.29.7
350 silly packumentCache full:https://registry.npmmirror.com/@babel%2fhelper-plugin-utils cache-miss
351 http fetch GET 200 https://registry.npmmirror.com/@jridgewell%2fremapping 82ms (cache miss)
352 silly packumentCache full:https://registry.npmmirror.com/@jridgewell%2fremapping set size:6023 disposed:false
353 silly fetch manifest @babel/parser@^7.20.7
354 silly packumentCache full:https://registry.npmmirror.com/@babel%2fparser cache-hit
355 silly fetch manifest @babel/types@^7.20.7
356 silly packumentCache full:https://registry.npmmirror.com/@babel%2ftypes cache-hit
357 silly fetch manifest @types/babel__generator@*
358 silly packumentCache full:https://registry.npmmirror.com/@types%2fbabel__generator cache-miss
359 http fetch GET 200 https://registry.npmmirror.com/gensync 50ms (cache miss)
360 silly packumentCache full:https://registry.npmmirror.com/gensync set size:3930 disposed:false
361 silly fetch manifest @types/babel__template@*
362 silly packumentCache full:https://registry.npmmirror.com/@types%2fbabel__template cache-miss
363 http fetch GET 200 https://registry.npmmirror.com/json5 48ms (cache miss)
364 silly packumentCache full:https://registry.npmmirror.com/json5 set size:18850 disposed:false
365 silly fetch manifest @types/babel__traverse@*
366 silly packumentCache full:https://registry.npmmirror.com/@types%2fbabel__traverse cache-miss
367 http fetch GET 200 https://registry.npmmirror.com/debug 104ms (cache miss)
368 silly packumentCache full:https://registry.npmmirror.com/debug set size:32036 disposed:false
369 http fetch GET 200 https://registry.npmmirror.com/semver 48ms (cache miss)
370 silly packumentCache full:https://registry.npmmirror.com/semver set size:47492 disposed:false
371 http fetch GET 200 https://registry.npmmirror.com/@types%2fbabel__generator 40ms (cache miss)
372 silly packumentCache full:https://registry.npmmirror.com/@types%2fbabel__generator set size:6271 disposed:false
373 http fetch GET 200 https://registry.npmmirror.com/@babel%2fhelper-plugin-utils 50ms (cache miss)
374 silly packumentCache full:https://registry.npmmirror.com/@babel%2fhelper-plugin-utils set size:34978 disposed:false
375 http fetch GET 200 https://registry.npmmirror.com/@babel%2fhelper-plugin-utils 87ms (cache miss)
376 silly packumentCache full:https://registry.npmmirror.com/@babel%2fhelper-plugin-utils dispose
377 http fetch GET 200 https://registry.npmmirror.com/@types%2fbabel__template 64ms (cache miss)
378 silly packumentCache full:https://registry.npmmirror.com/@types%2fbabel__template set size:4175 disposed:false
379 http fetch GET 200 https://registry.npmmirror.com/@types%2fbabel__traverse 60ms (cache miss)
380 silly packumentCache full:https://registry.npmmirror.com/@types%2fbabel__traverse set size:19838 disposed:false
381 silly fetch manifest @babel/core@^7.0.0
382 silly packumentCache full:https://registry.npmmirror.com/@babel%2fcore cache-hit
383 silly placeDep ROOT @babel/code-frame@7.29.7 OK for: @babel/core@7.29.7 want: ^7.29.7
384 silly placeDep ROOT @babel/generator@7.29.8 OK for: @babel/core@7.29.7 want: ^7.29.7
385 silly placeDep ROOT @babel/helper-compilation-targets@7.29.7 OK for: @babel/core@7.29.7 want: ^7.29.7
386 silly placeDep ROOT @babel/helper-module-transforms@7.29.7 OK for: @babel/core@7.29.7 want: ^7.29.7
387 silly placeDep ROOT @babel/helpers@7.29.7 OK for: @babel/core@7.29.7 want: ^7.29.7
388 silly placeDep ROOT @babel/parser@7.29.8 OK for: @babel/core@7.29.7 want: ^7.29.7
389 silly placeDep ROOT @babel/template@7.29.7 OK for: @babel/core@7.29.7 want: ^7.29.7
390 silly placeDep ROOT @babel/traverse@7.29.8 OK for: @babel/core@7.29.7 want: ^7.29.7
391 silly placeDep ROOT @babel/types@7.29.8 OK for: @babel/core@7.29.7 want: ^7.29.7
392 silly placeDep ROOT @jridgewell/remapping@2.3.5 OK for: @babel/core@7.29.7 want: ^2.3.5
393 silly placeDep ROOT convert-source-map@2.0.0 OK for: @babel/core@7.29.7 want: ^2.0.0
394 silly placeDep ROOT debug@4.4.3 OK for: @babel/core@7.29.7 want: ^4.1.0
395 silly placeDep ROOT gensync@1.0.0-beta.2 OK for: @babel/core@7.29.7 want: ^1.0.0-beta.2
396 silly placeDep ROOT json5@2.2.3 OK for: @babel/core@7.29.7 want: ^2.2.3
397 silly placeDep ROOT semver@6.3.1 OK for: @babel/core@7.29.7 want: ^6.3.1
398 silly fetch manifest @babel/helper-validator-identifier@^7.29.7
399 silly packumentCache full:https://registry.npmmirror.com/@babel%2fhelper-validator-identifier cache-miss
400 silly fetch manifest js-tokens@^4.0.0
401 silly packumentCache full:https://registry.npmmirror.com/js-tokens cache-miss
402 silly fetch manifest jsesc@^3.0.2
403 silly packumentCache full:https://registry.npmmirror.com/jsesc cache-miss
404 silly fetch manifest @babel/types@^7.29.8
405 silly packumentCache full:https://registry.npmmirror.com/@babel%2ftypes cache-hit
406 silly fetch manifest @babel/parser@^7.29.8
407 silly packumentCache full:https://registry.npmmirror.com/@babel%2fparser cache-hit
408 silly fetch manifest @jridgewell/gen-mapping@^0.3.12
409 silly packumentCache full:https://registry.npmmirror.com/@jridgewell%2fgen-mapping cache-miss
410 silly fetch manifest @jridgewell/trace-mapping@^0.3.28
411 silly packumentCache full:https://registry.npmmirror.com/@jridgewell%2ftrace-mapping cache-miss
412 silly fetch manifest @babel/compat-data@^7.29.7
413 silly packumentCache full:https://registry.npmmirror.com/@babel%2fcompat-data cache-miss
414 silly fetch manifest @babel/helper-validator-option@^7.29.7
415 silly packumentCache full:https://registry.npmmirror.com/@babel%2fhelper-validator-option cache-miss
416 http fetch GET 200 https://registry.npmmirror.com/js-tokens 56ms (cache miss)
417 silly packumentCache full:https://registry.npmmirror.com/js-tokens set size:9897 disposed:false
418 silly fetch manifest browserslist@^4.24.0
419 silly packumentCache full:https://registry.npmmirror.com/browserslist cache-hit
420 silly fetch manifest lru-cache@^5.1.1
421 silly packumentCache full:https://registry.npmmirror.com/lru-cache cache-miss
422 http fetch GET 200 https://registry.npmmirror.com/@babel%2fhelper-validator-identifier 65ms (cache miss)
423 silly packumentCache full:https://registry.npmmirror.com/@babel%2fhelper-validator-identifier set size:25814 disposed:false
424 silly fetch manifest @babel/helper-module-imports@^7.29.7
425 silly packumentCache full:https://registry.npmmirror.com/@babel%2fhelper-module-imports cache-miss
426 http fetch GET 200 https://registry.npmmirror.com/jsesc 67ms (cache miss)
427 silly packumentCache full:https://registry.npmmirror.com/jsesc set size:12774 disposed:false
428 silly fetch manifest debug@^4.3.1
429 silly packumentCache full:https://registry.npmmirror.com/debug cache-hit
430 silly fetch manifest @babel/helper-globals@^7.29.7
431 silly packumentCache full:https://registry.npmmirror.com/@babel%2fhelper-globals cache-miss
432 http fetch GET 200 https://registry.npmmirror.com/@babel%2fhelper-validator-option 129ms (cache miss)
433 silly packumentCache full:https://registry.npmmirror.com/@babel%2fhelper-validator-option set size:22246 disposed:false
434 silly fetch manifest @babel/helper-string-parser@^7.29.7
435 silly packumentCache full:https://registry.npmmirror.com/@babel%2fhelper-string-parser cache-miss
436 http fetch GET 200 https://registry.npmmirror.com/@babel%2fcompat-data 138ms (cache miss)
437 silly packumentCache full:https://registry.npmmirror.com/@babel%2fcompat-data set size:56966 disposed:false
438 silly fetch manifest @jridgewell/gen-mapping@^0.3.5
439 silly packumentCache full:https://registry.npmmirror.com/@jridgewell%2fgen-mapping cache-miss
440 http fetch GET 200 https://registry.npmmirror.com/@jridgewell%2fgen-mapping 150ms (cache miss)
441 silly packumentCache full:https://registry.npmmirror.com/@jridgewell%2fgen-mapping set size:18327 disposed:false
442 silly fetch manifest @jridgewell/trace-mapping@^0.3.24
443 silly packumentCache full:https://registry.npmmirror.com/@jridgewell%2ftrace-mapping cache-miss
444 http fetch GET 200 https://registry.npmmirror.com/@babel%2fhelper-globals 88ms (cache miss)
445 silly packumentCache full:https://registry.npmmirror.com/@babel%2fhelper-globals set size:5076 disposed:false
446 silly fetch manifest ms@^2.1.3
447 silly packumentCache full:https://registry.npmmirror.com/ms cache-miss
448 http fetch GET 200 https://registry.npmmirror.com/@jridgewell%2ftrace-mapping 156ms (cache miss)
449 silly packumentCache full:https://registry.npmmirror.com/@jridgewell%2ftrace-mapping set size:40595 disposed:false
450 http fetch GET 200 https://registry.npmmirror.com/lru-cache 102ms (cache miss)
451 silly packumentCache full:https://registry.npmmirror.com/lru-cache set size:107595 disposed:false
452 http fetch GET 200 https://registry.npmmirror.com/@babel%2fhelper-module-imports 96ms (cache miss)
453 silly packumentCache full:https://registry.npmmirror.com/@babel%2fhelper-module-imports set size:34872 disposed:false
454 http fetch GET 200 https://registry.npmmirror.com/@jridgewell%2fgen-mapping 61ms (cache miss)
455 silly packumentCache full:https://registry.npmmirror.com/@jridgewell%2fgen-mapping dispose
456 http fetch GET 200 https://registry.npmmirror.com/ms 47ms (cache miss)
457 silly packumentCache full:https://registry.npmmirror.com/ms set size:15985 disposed:false
458 http fetch GET 200 https://registry.npmmirror.com/@babel%2fhelper-string-parser 92ms (cache miss)
459 silly packumentCache full:https://registry.npmmirror.com/@babel%2fhelper-string-parser set size:21224 disposed:false
460 http fetch GET 200 https://registry.npmmirror.com/@jridgewell%2ftrace-mapping 182ms (cache miss)
461 silly packumentCache full:https://registry.npmmirror.com/@jridgewell%2ftrace-mapping dispose
462 silly placeDep ROOT @babel/helper-validator-identifier@7.29.7 OK for: @babel/code-frame@7.29.7 want: ^7.29.7
463 silly placeDep ROOT js-tokens@4.0.0 OK for: @babel/code-frame@7.29.7 want: ^4.0.0
464 silly placeDep ROOT picocolors@1.1.1 OK for: @babel/code-frame@7.29.7 want: ^1.1.1
465 silly placeDep ROOT @jridgewell/gen-mapping@0.3.13 OK for: @babel/generator@7.29.8 want: ^0.3.12
466 silly placeDep ROOT @jridgewell/trace-mapping@0.3.31 OK for: @babel/generator@7.29.8 want: ^0.3.28
467 silly placeDep ROOT jsesc@3.1.0 OK for: @babel/generator@7.29.8 want: ^3.0.2
468 silly fetch manifest @jridgewell/sourcemap-codec@^1.5.0
469 silly packumentCache full:https://registry.npmmirror.com/@jridgewell%2fsourcemap-codec cache-miss
470 silly fetch manifest @jridgewell/trace-mapping@^0.3.24
471 silly packumentCache full:https://registry.npmmirror.com/@jridgewell%2ftrace-mapping cache-miss
472 silly fetch manifest @jridgewell/resolve-uri@^3.1.0
473 silly packumentCache full:https://registry.npmmirror.com/@jridgewell%2fresolve-uri cache-miss
474 silly fetch manifest @jridgewell/sourcemap-codec@^1.4.14
475 silly packumentCache full:https://registry.npmmirror.com/@jridgewell%2fsourcemap-codec cache-miss
476 http cache https://registry.npmmirror.com/@jridgewell%2ftrace-mapping 15ms (cache hit)
477 silly packumentCache full:https://registry.npmmirror.com/@jridgewell%2ftrace-mapping set size:171781 disposed:true
478 http fetch GET 200 https://registry.npmmirror.com/@jridgewell%2fsourcemap-codec 89ms (cache miss)
479 http fetch GET 200 https://registry.npmmirror.com/@jridgewell%2fsourcemap-codec 91ms (cache miss)
480 silly packumentCache full:https://registry.npmmirror.com/@jridgewell%2fsourcemap-codec set size:15018 disposed:false
481 http fetch GET 200 https://registry.npmmirror.com/@jridgewell%2fresolve-uri 92ms (cache miss)
482 silly packumentCache full:https://registry.npmmirror.com/@jridgewell%2fresolve-uri set size:14497 disposed:false
483 silly placeDep ROOT @babel/compat-data@7.29.7 OK for: @babel/helper-compilation-targets@7.29.7 want: ^7.29.7
484 silly placeDep ROOT @babel/helper-validator-option@7.29.7 OK for: @babel/helper-compilation-targets@7.29.7 want: ^7.29.7
485 silly placeDep ROOT browserslist@4.28.8 OK for: @babel/helper-compilation-targets@7.29.7 want: ^4.24.0
486 silly placeDep ROOT lru-cache@5.1.1 OK for: @babel/helper-compilation-targets@7.29.7 want: ^5.1.1
487 silly fetch manifest caniuse-lite@^1.0.30001809
488 silly packumentCache full:https://registry.npmmirror.com/caniuse-lite cache-hit
489 silly fetch manifest node-releases@^2.0.53
490 silly packumentCache full:https://registry.npmmirror.com/node-releases cache-miss
491 silly fetch manifest electron-to-chromium@^1.5.402
492 silly packumentCache full:https://registry.npmmirror.com/electron-to-chromium cache-miss
493 silly fetch manifest update-browserslist-db@^1.3.0
494 silly packumentCache full:https://registry.npmmirror.com/update-browserslist-db cache-miss
495 silly fetch manifest baseline-browser-mapping@^2.11.12
496 silly packumentCache full:https://registry.npmmirror.com/baseline-browser-mapping cache-miss
497 silly fetch manifest yallist@^3.0.2
498 silly packumentCache full:https://registry.npmmirror.com/yallist cache-miss
499 http fetch GET 200 https://registry.npmmirror.com/node-releases 51ms (cache miss)
500 silly packumentCache full:https://registry.npmmirror.com/node-releases set size:43353 disposed:false
501 http fetch GET 200 https://registry.npmmirror.com/yallist 62ms (cache miss)
502 silly packumentCache full:https://registry.npmmirror.com/yallist set size:7662 disposed:false
503 http fetch GET 200 https://registry.npmmirror.com/update-browserslist-db 73ms (cache miss)
504 silly packumentCache full:https://registry.npmmirror.com/update-browserslist-db set size:18935 disposed:false
505 http fetch GET 200 https://registry.npmmirror.com/baseline-browser-mapping 146ms (cache miss)
506 silly packumentCache full:https://registry.npmmirror.com/baseline-browser-mapping set size:84411 disposed:false
507 http fetch GET 200 https://registry.npmmirror.com/electron-to-chromium 386ms (cache miss)
508 silly packumentCache full:https://registry.npmmirror.com/electron-to-chromium set size:834242 disposed:false
509 silly placeDep ROOT @babel/helper-module-imports@7.29.7 OK for: @babel/helper-module-transforms@7.29.7 want: ^7.29.7
510 silly placeDep ROOT @babel/helper-plugin-utils@7.29.7 OK for: @babel/plugin-transform-react-jsx-self@7.29.7 want: ^7.29.7
511 silly placeDep ROOT @babel/helper-globals@7.29.7 OK for: @babel/traverse@7.29.8 want: ^7.29.7
512 silly placeDep ROOT @babel/helper-string-parser@7.29.7 OK for: @babel/types@7.29.8 want: ^7.29.7
513 silly placeDep ROOT @jridgewell/sourcemap-codec@1.5.5 OK for: @jridgewell/gen-mapping@0.3.13 want: ^1.5.0
514 silly placeDep ROOT @jridgewell/resolve-uri@3.1.2 OK for: @jridgewell/trace-mapping@0.3.31 want: ^3.1.0
515 silly placeDep ROOT @types/babel__generator@7.27.0 OK for: @types/babel__core@7.20.5 want: *
516 silly placeDep ROOT @types/babel__template@7.4.4 OK for: @types/babel__core@7.20.5 want: *
517 silly placeDep ROOT @types/babel__traverse@7.28.0 OK for: @types/babel__core@7.20.5 want: *
518 silly placeDep ROOT caniuse-lite@1.0.30001810 OK for: autoprefixer@10.5.4 want: ^1.0.30001806
519 silly placeDep ROOT fraction.js@5.3.4 OK for: autoprefixer@10.5.4 want: ^5.3.4
520 silly placeDep ROOT postcss-value-parser@4.2.0 OK for: autoprefixer@10.5.4 want: ^4.2.0
521 silly fetch manifest browserslist@>= 4.21.0
522 silly packumentCache full:https://registry.npmmirror.com/browserslist cache-hit
523 silly placeDep ROOT baseline-browser-mapping@2.11.19 OK for: browserslist@4.28.8 want: ^2.11.12
524 silly placeDep ROOT electron-to-chromium@1.5.415 OK for: browserslist@4.28.8 want: ^1.5.402
525 silly placeDep ROOT node-releases@2.0.53 OK for: browserslist@4.28.8 want: ^2.0.53
526 silly placeDep ROOT update-browserslist-db@1.3.1 OK for: browserslist@4.28.8 want: ^1.3.0
527 silly fetch manifest escalade@^3.2.0
528 silly packumentCache full:https://registry.npmmirror.com/escalade cache-miss
529 http fetch GET 200 https://registry.npmmirror.com/escalade 59ms (cache miss)
530 silly packumentCache full:https://registry.npmmirror.com/escalade set size:6820 disposed:false
531 silly placeDep ROOT ms@2.1.3 OK for: debug@4.4.3 want: ^2.1.3
532 silly placeDep ROOT tslib@2.3.0 OK for: echarts@5.6.0 want: 2.3.0
533 silly placeDep ROOT zrender@5.6.1 OK for: echarts@5.6.0 want: 5.6.1
534 silly placeDep ROOT yallist@3.1.1 OK for: lru-cache@5.1.1 want: ^3.0.2
535 silly placeDep ROOT nanoid@3.3.18 OK for: postcss@8.5.26 want: ^3.3.17
536 silly placeDep ROOT source-map-js@1.2.1 OK for: postcss@8.5.26 want: ^1.2.1
537 silly placeDep ROOT loose-envify@1.4.0 OK for: react@18.3.1 want: ^1.1.0
538 silly placeDep ROOT scheduler@0.23.2 OK for: react-dom@18.3.1 want: ^0.23.2
539 silly fetch manifest react@>=16.8
540 silly packumentCache full:https://registry.npmmirror.com/react cache-miss
541 http cache https://registry.npmmirror.com/react 9ms (cache hit)
542 silly packumentCache full:https://registry.npmmirror.com/react set size:6664180 disposed:false
543 silly placeDep ROOT @remix-run/router@1.23.4 OK for: react-router-dom@6.30.6 want: 1.23.4
544 silly placeDep ROOT react-router@6.30.6 OK for: react-router-dom@6.30.6 want: 6.30.6
545 silly fetch manifest postcss@^8.4.47
546 silly packumentCache full:https://registry.npmmirror.com/postcss cache-hit
547 silly fetch manifest tsx@^4.8.1
548 silly packumentCache full:https://registry.npmmirror.com/tsx cache-miss
549 http fetch GET 200 https://registry.npmmirror.com/tsx 63ms (cache miss)
550 silly packumentCache full:https://registry.npmmirror.com/tsx set size:76012 disposed:false
551 silly fetch manifest yaml@^2.4.2
552 silly packumentCache full:https://registry.npmmirror.com/yaml cache-miss
553 http fetch GET 200 https://registry.npmmirror.com/yaml 56ms (cache miss)
554 silly packumentCache full:https://registry.npmmirror.com/yaml set size:57741 disposed:false
555 silly placeDep ROOT @alloc/quick-lru@5.2.0 OK for: tailwindcss@3.4.19 want: ^5.2.0
556 silly placeDep ROOT arg@5.0.2 OK for: tailwindcss@3.4.19 want: ^5.0.2
557 silly placeDep ROOT chokidar@3.6.0 OK for: tailwindcss@3.4.19 want: ^3.6.0
558 silly placeDep ROOT didyoumean@1.2.2 OK for: tailwindcss@3.4.19 want: ^1.2.2
559 silly placeDep ROOT dlv@1.1.3 OK for: tailwindcss@3.4.19 want: ^1.1.3
560 silly placeDep ROOT fast-glob@3.3.3 OK for: tailwindcss@3.4.19 want: ^3.3.2
561 silly placeDep ROOT glob-parent@6.0.2 OK for: tailwindcss@3.4.19 want: ^6.0.2
562 silly placeDep ROOT is-glob@4.0.3 OK for: tailwindcss@3.4.19 want: ^4.0.3
563 silly placeDep ROOT jiti@1.21.7 OK for: tailwindcss@3.4.19 want: ^1.21.7
564 silly placeDep ROOT lilconfig@3.1.3 OK for: tailwindcss@3.4.19 want: ^3.1.3
565 silly placeDep ROOT micromatch@4.0.8 OK for: tailwindcss@3.4.19 want: ^4.0.8
566 silly placeDep ROOT normalize-path@3.0.0 OK for: tailwindcss@3.4.19 want: ^3.0.0
567 silly placeDep ROOT object-hash@3.0.0 OK for: tailwindcss@3.4.19 want: ^3.0.0
568 silly placeDep ROOT postcss-import@15.1.0 OK for: tailwindcss@3.4.19 want: ^15.1.0
569 silly placeDep ROOT postcss-js@4.1.0 OK for: tailwindcss@3.4.19 want: ^4.0.1
570 silly placeDep ROOT postcss-load-config@6.0.1 OK for: tailwindcss@3.4.19 want: ^4.0.2 || ^5.0 || ^6.0
571 silly placeDep ROOT postcss-nested@6.2.0 OK for: tailwindcss@3.4.19 want: ^6.2.0
572 silly placeDep ROOT postcss-selector-parser@6.1.4 OK for: tailwindcss@3.4.19 want: ^6.1.2
573 silly placeDep ROOT resolve@1.22.12 OK for: tailwindcss@3.4.19 want: ^1.22.8
574 silly placeDep ROOT sucrase@3.35.1 OK for: tailwindcss@3.4.19 want: ^3.35.0
575 silly fetch manifest anymatch@~3.1.2
576 silly packumentCache full:https://registry.npmmirror.com/anymatch cache-miss
577 silly fetch manifest braces@~3.0.2
578 silly packumentCache full:https://registry.npmmirror.com/braces cache-miss
579 silly fetch manifest glob-parent@~5.1.2
580 silly packumentCache full:https://registry.npmmirror.com/glob-parent cache-hit
581 silly fetch manifest is-binary-path@~2.1.0
582 silly packumentCache full:https://registry.npmmirror.com/is-binary-path cache-miss
583 silly fetch manifest is-glob@~4.0.1
584 silly packumentCache full:https://registry.npmmirror.com/is-glob cache-hit
585 silly fetch manifest normalize-path@~3.0.0
586 silly packumentCache full:https://registry.npmmirror.com/normalize-path cache-hit
587 silly fetch manifest readdirp@~3.6.0
588 silly packumentCache full:https://registry.npmmirror.com/readdirp cache-miss
589 silly fetch manifest fsevents@~2.3.2
590 silly packumentCache full:https://registry.npmmirror.com/fsevents cache-hit
591 silly fetch manifest @nodelib/fs.stat@^2.0.2
592 silly packumentCache full:https://registry.npmmirror.com/@nodelib%2ffs.stat cache-miss
593 silly fetch manifest @nodelib/fs.walk@^1.2.3
594 silly packumentCache full:https://registry.npmmirror.com/@nodelib%2ffs.walk cache-miss
595 silly fetch manifest glob-parent@^5.1.2
596 silly packumentCache full:https://registry.npmmirror.com/glob-parent cache-hit
597 silly fetch manifest merge2@^1.3.0
598 silly packumentCache full:https://registry.npmmirror.com/merge2 cache-miss
599 http fetch GET 200 https://registry.npmmirror.com/anymatch 102ms (cache miss)
600 silly packumentCache full:https://registry.npmmirror.com/anymatch set size:8660 disposed:false
601 silly fetch manifest is-extglob@^2.1.1
602 silly packumentCache full:https://registry.npmmirror.com/is-extglob cache-miss
603 http fetch GET 200 https://registry.npmmirror.com/is-binary-path 115ms (cache miss)
604 silly packumentCache full:https://registry.npmmirror.com/is-binary-path set size:3065 disposed:false
605 silly fetch manifest braces@^3.0.3
606 silly packumentCache full:https://registry.npmmirror.com/braces cache-miss
607 http fetch GET 200 https://registry.npmmirror.com/@nodelib%2ffs.walk 113ms (cache miss)
608 silly packumentCache full:https://registry.npmmirror.com/@nodelib%2ffs.walk set size:8290 disposed:false
609 silly fetch manifest picomatch@^2.3.1
610 silly packumentCache full:https://registry.npmmirror.com/picomatch cache-miss
611 http fetch GET 200 https://registry.npmmirror.com/@nodelib%2ffs.stat 113ms (cache miss)
612 silly packumentCache full:https://registry.npmmirror.com/@nodelib%2ffs.stat set size:6493 disposed:false
613 silly fetch manifest read-cache@^1.0.0
614 silly packumentCache full:https://registry.npmmirror.com/read-cache cache-miss
615 http fetch GET 200 https://registry.npmmirror.com/readdirp 117ms (cache miss)
616 silly packumentCache full:https://registry.npmmirror.com/readdirp set size:19216 disposed:false
617 silly fetch manifest resolve@^1.1.7
618 silly packumentCache full:https://registry.npmmirror.com/resolve cache-hit
619 silly fetch manifest camelcase-css@^2.0.1
620 silly packumentCache full:https://registry.npmmirror.com/camelcase-css cache-miss
621 http fetch GET 200 https://registry.npmmirror.com/braces 123ms (cache miss)
622 silly packumentCache full:https://registry.npmmirror.com/braces set size:22104 disposed:false
623 silly fetch manifest postcss-selector-parser@^6.1.1
624 silly packumentCache full:https://registry.npmmirror.com/postcss-selector-parser cache-hit
625 silly fetch manifest cssesc@^3.0.0
626 silly packumentCache full:https://registry.npmmirror.com/cssesc cache-miss
627 http fetch GET 200 https://registry.npmmirror.com/merge2 123ms (cache miss)
628 silly packumentCache full:https://registry.npmmirror.com/merge2 set size:8713 disposed:false
629 silly fetch manifest util-deprecate@^1.0.2
630 silly packumentCache full:https://registry.npmmirror.com/util-deprecate cache-miss
631 http cache https://registry.npmmirror.com/braces 15ms (cache hit)
632 silly packumentCache full:https://registry.npmmirror.com/braces set size:112898 disposed:false
633 silly packumentCache full:https://registry.npmmirror.com/braces dispose
634 silly fetch manifest es-errors@^1.3.0
635 silly packumentCache full:https://registry.npmmirror.com/es-errors cache-miss
636 http fetch GET 200 https://registry.npmmirror.com/is-extglob 39ms (cache miss)
637 silly packumentCache full:https://registry.npmmirror.com/is-extglob set size:3363 disposed:false
638 silly fetch manifest is-core-module@^2.16.1
639 silly packumentCache full:https://registry.npmmirror.com/is-core-module cache-miss
640 http fetch GET 200 https://registry.npmmirror.com/read-cache 37ms (cache miss)
641 silly packumentCache full:https://registry.npmmirror.com/read-cache set size:2561 disposed:false
642 silly fetch manifest path-parse@^1.0.7
643 silly packumentCache full:https://registry.npmmirror.com/path-parse cache-miss
644 http fetch GET 200 https://registry.npmmirror.com/camelcase-css 42ms (cache miss)
645 silly packumentCache full:https://registry.npmmirror.com/camelcase-css set size:2461 disposed:false
646 silly fetch manifest supports-preserve-symlinks-flag@^1.0.0
647 silly packumentCache full:https://registry.npmmirror.com/supports-preserve-symlinks-flag cache-miss
648 http fetch GET 200 https://registry.npmmirror.com/util-deprecate 38ms (cache miss)
649 silly packumentCache full:https://registry.npmmirror.com/util-deprecate set size:2289 disposed:false
650 silly fetch manifest commander@^4.0.0
651 silly packumentCache full:https://registry.npmmirror.com/commander cache-miss
652 http fetch GET 200 https://registry.npmmirror.com/cssesc 45ms (cache miss)
653 silly packumentCache full:https://registry.npmmirror.com/cssesc set size:5105 disposed:false
654 silly fetch manifest lines-and-columns@^1.1.6
655 silly packumentCache full:https://registry.npmmirror.com/lines-and-columns cache-miss
656 http fetch GET 200 https://registry.npmmirror.com/es-errors 51ms (cache miss)
657 silly packumentCache full:https://registry.npmmirror.com/es-errors set size:4030 disposed:false
658 silly fetch manifest mz@^2.7.0
659 silly packumentCache full:https://registry.npmmirror.com/mz cache-miss
660 http fetch GET 200 https://registry.npmmirror.com/is-core-module 38ms (cache miss)
661 silly packumentCache full:https://registry.npmmirror.com/is-core-module set size:14454 disposed:false
662 silly fetch manifest pirates@^4.0.1
663 silly packumentCache full:https://registry.npmmirror.com/pirates cache-miss
664 http fetch GET 200 https://registry.npmmirror.com/picomatch 69ms (cache miss)
665 silly packumentCache full:https://registry.npmmirror.com/picomatch set size:24788 disposed:false
666 silly fetch manifest tinyglobby@^0.2.11
667 silly packumentCache full:https://registry.npmmirror.com/tinyglobby cache-miss
668 http fetch GET 200 https://registry.npmmirror.com/path-parse 32ms (cache miss)
669 silly packumentCache full:https://registry.npmmirror.com/path-parse set size:2940 disposed:false
670 silly fetch manifest ts-interface-checker@^0.1.9
671 silly packumentCache full:https://registry.npmmirror.com/ts-interface-checker cache-miss
672 http fetch GET 200 https://registry.npmmirror.com/pirates 50ms (cache miss)
673 silly packumentCache full:https://registry.npmmirror.com/pirates set size:12543 disposed:false
674 http fetch GET 200 https://registry.npmmirror.com/lines-and-columns 70ms (cache miss)
675 silly packumentCache full:https://registry.npmmirror.com/lines-and-columns set size:17877 disposed:false
676 http fetch GET 200 https://registry.npmmirror.com/tinyglobby 55ms (cache miss)
677 silly packumentCache full:https://registry.npmmirror.com/tinyglobby set size:11023 disposed:false
678 http fetch GET 200 https://registry.npmmirror.com/ts-interface-checker 54ms (cache miss)
679 silly packumentCache full:https://registry.npmmirror.com/ts-interface-checker set size:8429 disposed:false
680 http fetch GET 200 https://registry.npmmirror.com/supports-preserve-symlinks-flag 77ms (cache miss)
681 silly packumentCache full:https://registry.npmmirror.com/supports-preserve-symlinks-flag set size:2816 disposed:false
682 http fetch GET 200 https://registry.npmmirror.com/commander 76ms (cache miss)
683 silly packumentCache full:https://registry.npmmirror.com/commander set size:62667 disposed:false
684 http fetch GET 200 https://registry.npmmirror.com/mz 109ms (cache miss)
685 silly packumentCache full:https://registry.npmmirror.com/mz set size:7894 disposed:false
686 silly placeDep ROOT anymatch@3.1.3 OK for: chokidar@3.6.0 want: ~3.1.2
687 silly placeDep ROOT braces@3.0.3 OK for: chokidar@3.6.0 want: ~3.0.2
688 silly placeDep ROOT fsevents@2.3.3 OK for: chokidar@3.6.0 want: ~2.3.2
689 silly placeDep node_modules/chokidar glob-parent@5.1.2 OK for: chokidar@3.6.0 want: ~5.1.2
690 silly placeDep ROOT is-binary-path@2.1.0 OK for: chokidar@3.6.0 want: ~2.1.0
691 silly placeDep ROOT readdirp@3.6.0 OK for: chokidar@3.6.0 want: ~3.6.0
692 silly fetch manifest picomatch@^2.0.4
693 silly packumentCache full:https://registry.npmmirror.com/picomatch cache-hit
694 silly fetch manifest fill-range@^7.1.1
695 silly packumentCache full:https://registry.npmmirror.com/fill-range cache-miss
696 silly fetch manifest binary-extensions@^2.0.0
697 silly packumentCache full:https://registry.npmmirror.com/binary-extensions cache-miss
698 silly fetch manifest picomatch@^2.2.1
699 silly packumentCache full:https://registry.npmmirror.com/picomatch cache-hit
700 http fetch GET 200 https://registry.npmmirror.com/binary-extensions 40ms (cache miss)
701 silly packumentCache full:https://registry.npmmirror.com/binary-extensions set size:8627 disposed:false
702 http fetch GET 200 https://registry.npmmirror.com/fill-range 79ms (cache miss)
703 silly packumentCache full:https://registry.npmmirror.com/fill-range set size:14245 disposed:false
704 silly placeDep ROOT picomatch@2.3.2 OK for: anymatch@3.1.3 want: ^2.0.4
705 silly placeDep ROOT fill-range@7.1.1 OK for: braces@3.0.3 want: ^7.1.1
706 silly fetch manifest to-regex-range@^5.0.1
707 silly packumentCache full:https://registry.npmmirror.com/to-regex-range cache-miss
708 http fetch GET 200 https://registry.npmmirror.com/to-regex-range 108ms (cache miss)
709 silly packumentCache full:https://registry.npmmirror.com/to-regex-range set size:11477 disposed:false
710 silly placeDep ROOT @nodelib/fs.stat@2.0.5 OK for: fast-glob@3.3.3 want: ^2.0.2
711 silly placeDep ROOT @nodelib/fs.walk@1.2.8 OK for: fast-glob@3.3.3 want: ^1.2.3
712 silly placeDep node_modules/fast-glob glob-parent@5.1.2 OK for: fast-glob@3.3.3 want: ^5.1.2
713 silly placeDep ROOT merge2@1.4.1 OK for: fast-glob@3.3.3 want: ^1.3.0
714 silly fetch manifest @nodelib/fs.scandir@2.1.5
715 silly packumentCache full:https://registry.npmmirror.com/@nodelib%2ffs.scandir cache-miss
716 silly fetch manifest fastq@^1.6.0
717 silly packumentCache full:https://registry.npmmirror.com/fastq cache-miss
718 http fetch GET 200 https://registry.npmmirror.com/fastq 54ms (cache miss)
719 silly packumentCache full:https://registry.npmmirror.com/fastq set size:15037 disposed:false
720 http fetch GET 200 https://registry.npmmirror.com/@nodelib%2ffs.scandir 68ms (cache miss)
721 silly packumentCache full:https://registry.npmmirror.com/@nodelib%2ffs.scandir set size:8538 disposed:false
722 silly placeDep ROOT @nodelib/fs.scandir@2.1.5 OK for: @nodelib/fs.walk@1.2.8 want: 2.1.5
723 silly placeDep ROOT fastq@1.20.1 OK for: @nodelib/fs.walk@1.2.8 want: ^1.6.0
724 silly fetch manifest run-parallel@^1.1.9
725 silly packumentCache full:https://registry.npmmirror.com/run-parallel cache-miss
726 silly fetch manifest reusify@^1.0.4
727 silly packumentCache full:https://registry.npmmirror.com/reusify cache-miss
728 http fetch GET 200 https://registry.npmmirror.com/run-parallel 31ms (cache miss)
729 silly packumentCache full:https://registry.npmmirror.com/run-parallel set size:6674 disposed:false
730 http fetch GET 200 https://registry.npmmirror.com/reusify 31ms (cache miss)
731 silly packumentCache full:https://registry.npmmirror.com/reusify set size:4443 disposed:false
732 silly placeDep ROOT run-parallel@1.2.0 OK for: @nodelib/fs.scandir@2.1.5 want: ^1.1.9
733 silly fetch manifest queue-microtask@^1.2.2
734 silly packumentCache full:https://registry.npmmirror.com/queue-microtask cache-miss
735 http fetch GET 200 https://registry.npmmirror.com/queue-microtask 35ms (cache miss)
736 silly packumentCache full:https://registry.npmmirror.com/queue-microtask set size:6139 disposed:false
737 silly placeDep ROOT reusify@1.1.0 OK for: fastq@1.20.1 want: ^1.0.4
738 silly placeDep ROOT to-regex-range@5.0.1 OK for: fill-range@7.1.1 want: ^5.0.1
739 silly fetch manifest is-number@^7.0.0
740 silly packumentCache full:https://registry.npmmirror.com/is-number cache-miss
741 http fetch GET 200 https://registry.npmmirror.com/is-number 57ms (cache miss)
742 silly packumentCache full:https://registry.npmmirror.com/is-number set size:7889 disposed:false
743 silly placeDep ROOT binary-extensions@2.3.0 OK for: is-binary-path@2.1.0 want: ^2.0.0
744 silly placeDep ROOT is-extglob@2.1.1 OK for: is-glob@4.0.3 want: ^2.1.1
745 silly placeDep ROOT read-cache@1.0.2 OK for: postcss-import@15.1.0 want: ^1.0.0
746 silly placeDep ROOT camelcase-css@2.0.1 OK for: postcss-js@4.1.0 want: ^2.0.1
747 silly placeDep ROOT cssesc@3.0.0 OK for: postcss-selector-parser@6.1.4 want: ^3.0.0
748 silly placeDep ROOT util-deprecate@1.0.2 OK for: postcss-selector-parser@6.1.4 want: ^1.0.2
749 silly placeDep ROOT es-errors@1.3.0 OK for: resolve@1.22.12 want: ^1.3.0
750 silly placeDep ROOT is-core-module@2.16.2 OK for: resolve@1.22.12 want: ^2.16.1
751 silly placeDep ROOT path-parse@1.0.7 OK for: resolve@1.22.12 want: ^1.0.7
752 silly placeDep ROOT supports-preserve-symlinks-flag@1.0.0 OK for: resolve@1.22.12 want: ^1.0.0
753 silly fetch manifest hasown@^2.0.3
754 silly packumentCache full:https://registry.npmmirror.com/hasown cache-miss
755 http fetch GET 200 https://registry.npmmirror.com/hasown 41ms (cache miss)
756 silly packumentCache full:https://registry.npmmirror.com/hasown set size:4802 disposed:false
757 silly placeDep ROOT hasown@2.0.4 OK for: is-core-module@2.16.2 want: ^2.0.3
758 silly fetch manifest function-bind@^1.1.2
759 silly packumentCache full:https://registry.npmmirror.com/function-bind cache-miss
760 http fetch GET 200 https://registry.npmmirror.com/function-bind 48ms (cache miss)
761 silly packumentCache full:https://registry.npmmirror.com/function-bind set size:4376 disposed:false
762 silly placeDep ROOT function-bind@1.1.2 OK for: hasown@2.0.4 want: ^1.1.2
763 silly placeDep ROOT queue-microtask@1.2.3 OK for: run-parallel@1.2.0 want: ^1.2.2
764 silly placeDep ROOT commander@4.1.1 OK for: sucrase@3.35.1 want: ^4.0.0
765 silly placeDep ROOT lines-and-columns@1.2.4 OK for: sucrase@3.35.1 want: ^1.1.6
766 silly placeDep ROOT mz@2.7.0 OK for: sucrase@3.35.1 want: ^2.7.0
767 silly placeDep ROOT pirates@4.0.7 OK for: sucrase@3.35.1 want: ^4.0.1
768 silly placeDep ROOT tinyglobby@0.2.17 OK for: sucrase@3.35.1 want: ^0.2.11
769 silly placeDep ROOT ts-interface-checker@0.1.13 OK for: sucrase@3.35.1 want: ^0.1.9
770 silly fetch manifest any-promise@^1.0.0
771 silly packumentCache full:https://registry.npmmirror.com/any-promise cache-miss
772 silly fetch manifest object-assign@^4.0.1
773 silly packumentCache full:https://registry.npmmirror.com/object-assign cache-miss
774 silly fetch manifest thenify-all@^1.0.0
775 silly packumentCache full:https://registry.npmmirror.com/thenify-all cache-miss
776 silly fetch manifest fdir@^6.5.0
777 silly packumentCache full:https://registry.npmmirror.com/fdir cache-miss
778 silly fetch manifest picomatch@^4.0.4
779 silly packumentCache full:https://registry.npmmirror.com/picomatch cache-hit
780 http fetch GET 200 https://registry.npmmirror.com/thenify-all 61ms (cache miss)
781 silly packumentCache full:https://registry.npmmirror.com/thenify-all set size:3730 disposed:false
782 http fetch GET 200 https://registry.npmmirror.com/any-promise 72ms (cache miss)
783 silly packumentCache full:https://registry.npmmirror.com/any-promise set size:5727 disposed:false
784 http fetch GET 200 https://registry.npmmirror.com/fdir 74ms (cache miss)
785 silly packumentCache full:https://registry.npmmirror.com/fdir set size:21942 disposed:false
786 http fetch GET 200 https://registry.npmmirror.com/object-assign 147ms (cache miss)
787 silly packumentCache full:https://registry.npmmirror.com/object-assign set size:5509 disposed:false
788 silly placeDep ROOT any-promise@1.3.0 OK for: mz@2.7.0 want: ^1.0.0
789 silly placeDep ROOT object-assign@4.1.1 OK for: mz@2.7.0 want: ^4.0.1
790 silly placeDep ROOT thenify-all@1.6.0 OK for: mz@2.7.0 want: ^1.0.0
791 silly fetch manifest thenify@>= 3.1.0 < 4
792 silly packumentCache full:https://registry.npmmirror.com/thenify cache-miss
793 http fetch GET 200 https://registry.npmmirror.com/thenify 72ms (cache miss)
794 silly packumentCache full:https://registry.npmmirror.com/thenify set size:4663 disposed:false
795 silly placeDep ROOT thenify@3.3.1 OK for: thenify-all@1.6.0 want: >= 3.1.0 < 4
796 silly placeDep node_modules/tinyglobby fdir@6.5.0 OK for: tinyglobby@0.2.17 want: ^6.5.0
797 silly placeDep node_modules/tinyglobby picomatch@4.0.7 OK for: fdir@6.5.0 want: ^3 || ^4
798 silly placeDep ROOT is-number@7.0.0 OK for: to-regex-range@5.0.1 want: ^7.0.0
799 silly placeDep ROOT escalade@3.2.0 OK for: update-browserslist-db@1.3.1 want: ^3.2.0
800 silly placeDep ROOT esbuild@0.21.5 OK for: vite@5.4.21 want: ^0.21.3
801 silly placeDep ROOT rollup@4.63.0 OK for: vite@5.4.21 want: ^4.20.0
802 silly fetch manifest @esbuild/aix-ppc64@0.21.5
803 silly packumentCache full:https://registry.npmmirror.com/@esbuild%2faix-ppc64 cache-miss
804 silly fetch manifest @esbuild/android-arm@0.21.5
805 silly packumentCache full:https://registry.npmmirror.com/@esbuild%2fandroid-arm cache-miss
806 silly fetch manifest @esbuild/android-arm64@0.21.5
807 silly packumentCache full:https://registry.npmmirror.com/@esbuild%2fandroid-arm64 cache-miss
808 silly fetch manifest @esbuild/android-x64@0.21.5
809 silly packumentCache full:https://registry.npmmirror.com/@esbuild%2fandroid-x64 cache-miss
810 silly fetch manifest @esbuild/darwin-arm64@0.21.5
811 silly packumentCache full:https://registry.npmmirror.com/@esbuild%2fdarwin-arm64 cache-miss
812 silly fetch manifest @esbuild/darwin-x64@0.21.5
813 silly packumentCache full:https://registry.npmmirror.com/@esbuild%2fdarwin-x64 cache-miss
814 silly fetch manifest @esbuild/freebsd-arm64@0.21.5
815 silly packumentCache full:https://registry.npmmirror.com/@esbuild%2ffreebsd-arm64 cache-miss
816 http fetch GET 200 https://registry.npmmirror.com/@esbuild%2ffreebsd-arm64 72ms (cache miss)
817 silly packumentCache full:https://registry.npmmirror.com/@esbuild%2ffreebsd-arm64 set size:60684 disposed:false
818 silly fetch manifest @esbuild/freebsd-x64@0.21.5
819 silly packumentCache full:https://registry.npmmirror.com/@esbuild%2ffreebsd-x64 cache-miss
820 http fetch GET 200 https://registry.npmmirror.com/@esbuild%2faix-ppc64 80ms (cache miss)
821 silly packumentCache full:https://registry.npmmirror.com/@esbuild%2faix-ppc64 set size:16384 disposed:false
822 silly fetch manifest @esbuild/linux-arm@0.21.5
823 silly packumentCache full:https://registry.npmmirror.com/@esbuild%2flinux-arm cache-miss
824 http fetch GET 200 https://registry.npmmirror.com/@esbuild%2fandroid-arm64 80ms (cache miss)
825 silly packumentCache full:https://registry.npmmirror.com/@esbuild%2fandroid-arm64 set size:61638 disposed:false
826 silly fetch manifest @esbuild/linux-arm64@0.21.5
827 silly packumentCache full:https://registry.npmmirror.com/@esbuild%2flinux-arm64 cache-miss
828 http fetch GET 200 https://registry.npmmirror.com/@esbuild%2fdarwin-x64 80ms (cache miss)
829 silly packumentCache full:https://registry.npmmirror.com/@esbuild%2fdarwin-x64 set size:60819 disposed:false
830 silly fetch manifest @esbuild/linux-ia32@0.21.5
831 silly packumentCache full:https://registry.npmmirror.com/@esbuild%2flinux-ia32 cache-miss
832 http fetch GET 200 https://registry.npmmirror.com/@esbuild%2fandroid-x64 93ms (cache miss)
833 silly packumentCache full:https://registry.npmmirror.com/@esbuild%2fandroid-x64 set size:60901 disposed:false
834 silly fetch manifest @esbuild/linux-loong64@0.21.5
835 silly packumentCache full:https://registry.npmmirror.com/@esbuild%2flinux-loong64 cache-miss
836 http fetch GET 200 https://registry.npmmirror.com/@esbuild%2ffreebsd-x64 71ms (cache miss)
837 silly packumentCache full:https://registry.npmmirror.com/@esbuild%2ffreebsd-x64 set size:61069 disposed:false
838 silly fetch manifest @esbuild/linux-mips64el@0.21.5
839 silly packumentCache full:https://registry.npmmirror.com/@esbuild%2flinux-mips64el cache-miss
840 http fetch GET 200 https://registry.npmmirror.com/@esbuild%2fdarwin-arm64 148ms (cache miss)
841 silly packumentCache full:https://registry.npmmirror.com/@esbuild%2fdarwin-arm64 set size:61122 disposed:false
842 silly fetch manifest @esbuild/linux-ppc64@0.21.5
843 silly packumentCache full:https://registry.npmmirror.com/@esbuild%2flinux-ppc64 cache-miss
844 http fetch GET 200 https://registry.npmmirror.com/@esbuild%2flinux-arm 73ms (cache miss)
845 silly packumentCache full:https://registry.npmmirror.com/@esbuild%2flinux-arm set size:60364 disposed:false
846 silly fetch manifest @esbuild/linux-riscv64@0.21.5
847 silly packumentCache full:https://registry.npmmirror.com/@esbuild%2flinux-riscv64 cache-miss
848 http fetch GET 200 https://registry.npmmirror.com/@esbuild%2fandroid-arm 155ms (cache miss)
849 silly packumentCache full:https://registry.npmmirror.com/@esbuild%2fandroid-arm set size:71055 disposed:false
850 silly fetch manifest @esbuild/linux-s390x@0.21.5
851 silly packumentCache full:https://registry.npmmirror.com/@esbuild%2flinux-s390x cache-miss
852 http fetch GET 200 https://registry.npmmirror.com/@esbuild%2flinux-ia32 76ms (cache miss)
853 silly packumentCache full:https://registry.npmmirror.com/@esbuild%2flinux-ia32 set size:60999 disposed:false
854 silly fetch manifest @esbuild/linux-x64@0.21.5
855 silly packumentCache full:https://registry.npmmirror.com/@esbuild%2flinux-x64 cache-miss
856 http fetch GET 200 https://registry.npmmirror.com/@esbuild%2flinux-arm64 79ms (cache miss)
857 silly packumentCache full:https://registry.npmmirror.com/@esbuild%2flinux-arm64 set size:60822 disposed:false
858 silly fetch manifest @esbuild/netbsd-x64@0.21.5
859 silly packumentCache full:https://registry.npmmirror.com/@esbuild%2fnetbsd-x64 cache-miss
860 http fetch GET 200 https://registry.npmmirror.com/@esbuild%2flinux-loong64 95ms (cache miss)
861 silly packumentCache full:https://registry.npmmirror.com/@esbuild%2flinux-loong64 set size:80397 disposed:false
862 silly fetch manifest @esbuild/openbsd-x64@0.21.5
863 silly packumentCache full:https://registry.npmmirror.com/@esbuild%2fopenbsd-x64 cache-miss
864 http fetch GET 200 https://registry.npmmirror.com/@esbuild%2flinux-mips64el 43ms (cache miss)
865 silly packumentCache full:https://registry.npmmirror.com/@esbuild%2flinux-mips64el set size:61034 disposed:false
866 silly fetch manifest @esbuild/sunos-x64@0.21.5
867 silly packumentCache full:https://registry.npmmirror.com/@esbuild%2fsunos-x64 cache-miss
868 http fetch GET 200 https://registry.npmmirror.com/@esbuild%2flinux-ppc64 71ms (cache miss)
869 silly packumentCache full:https://registry.npmmirror.com/@esbuild%2flinux-ppc64 set size:60775 disposed:false
870 silly fetch manifest @esbuild/win32-arm64@0.21.5
871 silly packumentCache full:https://registry.npmmirror.com/@esbuild%2fwin32-arm64 cache-miss
872 http fetch GET 200 https://registry.npmmirror.com/@esbuild%2flinux-x64 70ms (cache miss)
873 silly packumentCache full:https://registry.npmmirror.com/@esbuild%2flinux-x64 set size:60807 disposed:false
874 silly fetch manifest @esbuild/win32-ia32@0.21.5
875 silly packumentCache full:https://registry.npmmirror.com/@esbuild%2fwin32-ia32 cache-miss
876 http fetch GET 200 https://registry.npmmirror.com/@esbuild%2fnetbsd-x64 84ms (cache miss)
877 silly packumentCache full:https://registry.npmmirror.com/@esbuild%2fnetbsd-x64 set size:60909 disposed:false
878 silly fetch manifest @esbuild/win32-x64@0.21.5
879 silly packumentCache full:https://registry.npmmirror.com/@esbuild%2fwin32-x64 cache-miss
880 http fetch GET 200 https://registry.npmmirror.com/@esbuild%2fsunos-x64 62ms (cache miss)
881 silly packumentCache full:https://registry.npmmirror.com/@esbuild%2fsunos-x64 set size:60980 disposed:false
882 silly fetch manifest @types/estree@1.0.9
883 silly packumentCache full:https://registry.npmmirror.com/@types%2festree cache-miss
884 http fetch GET 200 https://registry.npmmirror.com/@esbuild%2flinux-riscv64 116ms (cache miss)
885 silly packumentCache full:https://registry.npmmirror.com/@esbuild%2flinux-riscv64 set size:60990 disposed:false
886 silly fetch manifest @rollup/rollup-darwin-x64@4.63.0
887 silly packumentCache full:https://registry.npmmirror.com/@rollup%2frollup-darwin-x64 cache-miss
888 http fetch GET 200 https://registry.npmmirror.com/@esbuild%2fopenbsd-x64 82ms (cache miss)
889 silly packumentCache full:https://registry.npmmirror.com/@esbuild%2fopenbsd-x64 set size:61016 disposed:false
890 silly fetch manifest @rollup/rollup-freebsd-x64@4.63.0
891 silly packumentCache full:https://registry.npmmirror.com/@rollup%2frollup-freebsd-x64 cache-miss
892 http fetch GET 200 https://registry.npmmirror.com/@esbuild%2flinux-s390x 133ms (cache miss)
893 silly packumentCache full:https://registry.npmmirror.com/@esbuild%2flinux-s390x set size:60989 disposed:false
894 silly fetch manifest @rollup/rollup-openbsd-x64@4.63.0
895 silly packumentCache full:https://registry.npmmirror.com/@rollup%2frollup-openbsd-x64 cache-miss
896 http fetch GET 200 https://registry.npmmirror.com/@esbuild%2fwin32-arm64 72ms (cache miss)
897 silly packumentCache full:https://registry.npmmirror.com/@esbuild%2fwin32-arm64 set size:60969 disposed:false
898 silly fetch manifest @napi-rs/lzma-linux-x64-gnu@1.5.1
899 silly packumentCache full:https://registry.npmmirror.com/@napi-rs%2flzma-linux-x64-gnu cache-miss
900 http fetch GET 200 https://registry.npmmirror.com/@esbuild%2fwin32-ia32 66ms (cache miss)
901 silly packumentCache full:https://registry.npmmirror.com/@esbuild%2fwin32-ia32 set size:61499 disposed:false
902 silly fetch manifest @rollup/rollup-darwin-arm64@4.63.0
903 silly packumentCache full:https://registry.npmmirror.com/@rollup%2frollup-darwin-arm64 cache-miss
904 http fetch GET 200 https://registry.npmmirror.com/@types%2festree 44ms (cache miss)
905 silly packumentCache full:https://registry.npmmirror.com/@types%2festree set size:16478 disposed:false
906 silly fetch manifest @rollup/rollup-android-arm64@4.63.0
907 silly packumentCache full:https://registry.npmmirror.com/@rollup%2frollup-android-arm64 cache-miss
908 http fetch GET 200 https://registry.npmmirror.com/@esbuild%2fwin32-x64 98ms (cache miss)
909 silly packumentCache full:https://registry.npmmirror.com/@esbuild%2fwin32-x64 set size:60906 disposed:false
910 silly fetch manifest @rollup/rollup-freebsd-arm64@4.63.0
911 silly packumentCache full:https://registry.npmmirror.com/@rollup%2frollup-freebsd-arm64 cache-miss
912 http fetch GET 200 https://registry.npmmirror.com/@napi-rs%2flzma-linux-x64-gnu 78ms (cache miss)
913 silly packumentCache full:https://registry.npmmirror.com/@napi-rs%2flzma-linux-x64-gnu set size:8135 disposed:false
914 silly fetch manifest @rollup/rollup-linux-x64-gnu@4.63.0
915 silly packumentCache full:https://registry.npmmirror.com/@rollup%2frollup-linux-x64-gnu cache-miss
916 http fetch GET 200 https://registry.npmmirror.com/@rollup%2frollup-android-arm64 80ms (cache miss)
917 silly packumentCache full:https://registry.npmmirror.com/@rollup%2frollup-android-arm64 set size:73529 disposed:false
918 silly fetch manifest @rollup/rollup-win32-x64-gnu@4.63.0
919 silly packumentCache full:https://registry.npmmirror.com/@rollup%2frollup-win32-x64-gnu cache-miss
920 http fetch GET 200 https://registry.npmmirror.com/@rollup%2frollup-freebsd-x64 110ms (cache miss)
921 silly packumentCache full:https://registry.npmmirror.com/@rollup%2frollup-freebsd-x64 set size:42284 disposed:false
922 silly fetch manifest @rollup/rollup-linux-x64-musl@4.63.0
923 silly packumentCache full:https://registry.npmmirror.com/@rollup%2frollup-linux-x64-musl cache-miss
924 http fetch GET 200 https://registry.npmmirror.com/@rollup%2frollup-darwin-x64 111ms (cache miss)
925 silly packumentCache full:https://registry.npmmirror.com/@rollup%2frollup-darwin-x64 set size:72724 disposed:false
926 silly fetch manifest @rollup/rollup-win32-x64-msvc@4.63.0
927 silly packumentCache full:https://registry.npmmirror.com/@rollup%2frollup-win32-x64-msvc cache-miss
928 http fetch GET 200 https://registry.npmmirror.com/@rollup%2frollup-openbsd-x64 93ms (cache miss)
929 silly packumentCache full:https://registry.npmmirror.com/@rollup%2frollup-openbsd-x64 set size:10340 disposed:false
930 silly fetch manifest @rollup/rollup-linux-arm64-gnu@4.63.0
931 silly packumentCache full:https://registry.npmmirror.com/@rollup%2frollup-linux-arm64-gnu cache-miss
932 http fetch GET 200 https://registry.npmmirror.com/@rollup%2frollup-darwin-arm64 90ms (cache miss)
933 silly packumentCache full:https://registry.npmmirror.com/@rollup%2frollup-darwin-arm64 set size:73288 disposed:false
934 silly fetch manifest @rollup/rollup-linux-ppc64-gnu@4.63.0
935 silly packumentCache full:https://registry.npmmirror.com/@rollup%2frollup-linux-ppc64-gnu cache-miss
936 http fetch GET 200 https://registry.npmmirror.com/@rollup%2frollup-freebsd-arm64 78ms (cache miss)
937 silly packumentCache full:https://registry.npmmirror.com/@rollup%2frollup-freebsd-arm64 set size:42397 disposed:false
938 silly fetch manifest @rollup/rollup-linux-s390x-gnu@4.63.0
939 silly packumentCache full:https://registry.npmmirror.com/@rollup%2frollup-linux-s390x-gnu cache-miss
940 http fetch GET 200 https://registry.npmmirror.com/@rollup%2frollup-win32-x64-gnu 46ms (cache miss)
941 silly packumentCache full:https://registry.npmmirror.com/@rollup%2frollup-win32-x64-gnu set size:16061 disposed:false
942 silly fetch manifest @rollup/rollup-win32-ia32-msvc@4.63.0
943 silly packumentCache full:https://registry.npmmirror.com/@rollup%2frollup-win32-ia32-msvc cache-miss
944 http fetch GET 200 https://registry.npmmirror.com/@rollup%2frollup-linux-ppc64-gnu 73ms (cache miss)
945 silly packumentCache full:https://registry.npmmirror.com/@rollup%2frollup-linux-ppc64-gnu set size:21695 disposed:false
946 silly fetch manifest @rollup/rollup-android-arm-eabi@4.63.0
947 silly packumentCache full:https://registry.npmmirror.com/@rollup%2frollup-android-arm-eabi cache-miss
948 http fetch GET 200 https://registry.npmmirror.com/@rollup%2frollup-linux-x64-gnu 89ms (cache miss)
949 silly packumentCache full:https://registry.npmmirror.com/@rollup%2frollup-linux-x64-gnu set size:73002 disposed:false
950 silly fetch manifest @rollup/rollup-linux-arm64-musl@4.63.0
951 silly packumentCache full:https://registry.npmmirror.com/@rollup%2frollup-linux-arm64-musl cache-miss
952 http fetch GET 200 https://registry.npmmirror.com/@rollup%2frollup-linux-arm64-gnu 107ms (cache miss)
953 silly packumentCache full:https://registry.npmmirror.com/@rollup%2frollup-linux-arm64-gnu set size:73578 disposed:false
954 silly fetch manifest @rollup/rollup-linux-ppc64-musl@4.63.0
955 silly packumentCache full:https://registry.npmmirror.com/@rollup%2frollup-linux-ppc64-musl cache-miss
956 http fetch GET 200 https://registry.npmmirror.com/@rollup%2frollup-win32-ia32-msvc 67ms (cache miss)
957 silly packumentCache full:https://registry.npmmirror.com/@rollup%2frollup-win32-ia32-msvc set size:73938 disposed:false
958 silly fetch manifest @rollup/rollup-win32-arm64-msvc@4.63.0
959 silly packumentCache full:https://registry.npmmirror.com/@rollup%2frollup-win32-arm64-msvc cache-miss
960 http fetch GET 200 https://registry.npmmirror.com/@rollup%2frollup-linux-s390x-gnu 73ms (cache miss)
961 silly packumentCache full:https://registry.npmmirror.com/@rollup%2frollup-linux-s390x-gnu set size:53929 disposed:false
962 silly fetch manifest @rollup/rollup-linux-loong64-gnu@4.63.0
963 silly packumentCache full:https://registry.npmmirror.com/@rollup%2frollup-linux-loong64-gnu cache-miss
964 http fetch GET 200 https://registry.npmmirror.com/@rollup%2frollup-win32-x64-msvc 139ms (cache miss)
965 silly packumentCache full:https://registry.npmmirror.com/@rollup%2frollup-win32-x64-msvc set size:73102 disposed:false
966 silly fetch manifest @rollup/rollup-linux-riscv64-gnu@4.63.0
967 silly packumentCache full:https://registry.npmmirror.com/@rollup%2frollup-linux-riscv64-gnu cache-miss
968 http fetch GET 200 https://registry.npmmirror.com/@rollup%2frollup-linux-x64-musl 141ms (cache miss)
969 silly packumentCache full:https://registry.npmmirror.com/@rollup%2frollup-linux-x64-musl set size:72909 disposed:false
970 silly fetch manifest @rollup/rollup-openharmony-arm64@4.63.0
971 silly packumentCache full:https://registry.npmmirror.com/@rollup%2frollup-openharmony-arm64 cache-miss
972 http fetch GET 200 https://registry.npmmirror.com/@rollup%2frollup-linux-arm64-musl 73ms (cache miss)
973 silly packumentCache full:https://registry.npmmirror.com/@rollup%2frollup-linux-arm64-musl set size:64679 disposed:false
974 silly fetch manifest @rollup/rollup-linux-loong64-musl@4.63.0
975 silly packumentCache full:https://registry.npmmirror.com/@rollup%2frollup-linux-loong64-musl cache-miss
976 http fetch GET 200 https://registry.npmmirror.com/@rollup%2frollup-android-arm-eabi 78ms (cache miss)
977 silly packumentCache full:https://registry.npmmirror.com/@rollup%2frollup-android-arm-eabi set size:73501 disposed:false
978 silly fetch manifest @rollup/rollup-linux-riscv64-musl@4.63.0
979 silly packumentCache full:https://registry.npmmirror.com/@rollup%2frollup-linux-riscv64-musl cache-miss
980 http fetch GET 200 https://registry.npmmirror.com/@rollup%2frollup-linux-ppc64-musl 56ms (cache miss)
981 silly packumentCache full:https://registry.npmmirror.com/@rollup%2frollup-linux-ppc64-musl set size:10422 disposed:false
982 silly fetch manifest @rollup/rollup-linux-arm-gnueabihf@4.63.0
983 silly packumentCache full:https://registry.npmmirror.com/@rollup%2frollup-linux-arm-gnueabihf cache-miss
984 http fetch GET 200 https://registry.npmmirror.com/@rollup%2frollup-linux-loong64-gnu 67ms (cache miss)
985 silly packumentCache full:https://registry.npmmirror.com/@rollup%2frollup-linux-loong64-gnu set size:17121 disposed:false
986 silly fetch manifest @rollup/rollup-linux-arm-musleabihf@4.63.0
987 silly packumentCache full:https://registry.npmmirror.com/@rollup%2frollup-linux-arm-musleabihf cache-miss
988 http fetch GET 200 https://registry.npmmirror.com/@rollup%2frollup-linux-loong64-musl 54ms (cache miss)
989 silly packumentCache full:https://registry.npmmirror.com/@rollup%2frollup-linux-loong64-musl set size:10409 disposed:false
990 http fetch GET 200 https://registry.npmmirror.com/@rollup%2frollup-linux-riscv64-musl 83ms (cache miss)
991 silly packumentCache full:https://registry.npmmirror.com/@rollup%2frollup-linux-riscv64-musl set size:26732 disposed:false
992 http fetch GET 200 https://registry.npmmirror.com/@rollup%2frollup-openharmony-arm64 102ms (cache miss)
993 silly packumentCache full:https://registry.npmmirror.com/@rollup%2frollup-openharmony-arm64 set size:17608 disposed:false
994 http fetch GET 200 https://registry.npmmirror.com/@rollup%2frollup-linux-arm-gnueabihf 78ms (cache miss)
995 silly packumentCache full:https://registry.npmmirror.com/@rollup%2frollup-linux-arm-gnueabihf set size:74002 disposed:false
996 http fetch GET 200 https://registry.npmmirror.com/@rollup%2frollup-win32-arm64-msvc 135ms (cache miss)
997 silly packumentCache full:https://registry.npmmirror.com/@rollup%2frollup-win32-arm64-msvc set size:73810 disposed:false
998 http fetch GET 200 https://registry.npmmirror.com/@rollup%2frollup-linux-riscv64-gnu 132ms (cache miss)
999 silly packumentCache full:https://registry.npmmirror.com/@rollup%2frollup-linux-riscv64-gnu set size:58848 disposed:false
1000 http fetch GET 200 https://registry.npmmirror.com/@rollup%2frollup-linux-arm-musleabihf 92ms (cache miss)
1001 silly packumentCache full:https://registry.npmmirror.com/@rollup%2frollup-linux-arm-musleabihf set size:53000 disposed:false
1002 silly placeDep ROOT @esbuild/aix-ppc64@0.21.5 OK for: esbuild@0.21.5 want: 0.21.5
1003 silly placeDep ROOT @esbuild/android-arm@0.21.5 OK for: esbuild@0.21.5 want: 0.21.5
1004 silly placeDep ROOT @esbuild/android-arm64@0.21.5 OK for: esbuild@0.21.5 want: 0.21.5
1005 silly placeDep ROOT @esbuild/android-x64@0.21.5 OK for: esbuild@0.21.5 want: 0.21.5
1006 silly placeDep ROOT @esbuild/darwin-arm64@0.21.5 OK for: esbuild@0.21.5 want: 0.21.5
1007 silly placeDep ROOT @esbuild/darwin-x64@0.21.5 OK for: esbuild@0.21.5 want: 0.21.5
1008 silly placeDep ROOT @esbuild/freebsd-arm64@0.21.5 OK for: esbuild@0.21.5 want: 0.21.5
1009 silly placeDep ROOT @esbuild/freebsd-x64@0.21.5 OK for: esbuild@0.21.5 want: 0.21.5
1010 silly placeDep ROOT @esbuild/linux-arm@0.21.5 OK for: esbuild@0.21.5 want: 0.21.5
1011 silly placeDep ROOT @esbuild/linux-arm64@0.21.5 OK for: esbuild@0.21.5 want: 0.21.5
1012 silly placeDep ROOT @esbuild/linux-ia32@0.21.5 OK for: esbuild@0.21.5 want: 0.21.5
1013 silly placeDep ROOT @esbuild/linux-loong64@0.21.5 OK for: esbuild@0.21.5 want: 0.21.5
1014 silly placeDep ROOT @esbuild/linux-mips64el@0.21.5 OK for: esbuild@0.21.5 want: 0.21.5
1015 silly placeDep ROOT @esbuild/linux-ppc64@0.21.5 OK for: esbuild@0.21.5 want: 0.21.5
1016 silly placeDep ROOT @esbuild/linux-riscv64@0.21.5 OK for: esbuild@0.21.5 want: 0.21.5
1017 silly placeDep ROOT @esbuild/linux-s390x@0.21.5 OK for: esbuild@0.21.5 want: 0.21.5
1018 silly placeDep ROOT @esbuild/linux-x64@0.21.5 OK for: esbuild@0.21.5 want: 0.21.5
1019 silly placeDep ROOT @esbuild/netbsd-x64@0.21.5 OK for: esbuild@0.21.5 want: 0.21.5
1020 silly placeDep ROOT @esbuild/openbsd-x64@0.21.5 OK for: esbuild@0.21.5 want: 0.21.5
1021 silly placeDep ROOT @esbuild/sunos-x64@0.21.5 OK for: esbuild@0.21.5 want: 0.21.5
1022 silly placeDep ROOT @esbuild/win32-arm64@0.21.5 OK for: esbuild@0.21.5 want: 0.21.5
1023 silly placeDep ROOT @esbuild/win32-ia32@0.21.5 OK for: esbuild@0.21.5 want: 0.21.5
1024 silly placeDep ROOT @esbuild/win32-x64@0.21.5 OK for: esbuild@0.21.5 want: 0.21.5
1025 silly placeDep ROOT @napi-rs/lzma-linux-x64-gnu@1.5.1 OK for: rollup@4.63.0 want: 1.5.1
1026 silly placeDep ROOT @rollup/rollup-android-arm-eabi@4.63.0 OK for: rollup@4.63.0 want: 4.63.0
1027 silly placeDep ROOT @rollup/rollup-android-arm64@4.63.0 OK for: rollup@4.63.0 want: 4.63.0
1028 silly placeDep ROOT @rollup/rollup-darwin-arm64@4.63.0 OK for: rollup@4.63.0 want: 4.63.0
1029 silly placeDep ROOT @rollup/rollup-darwin-x64@4.63.0 OK for: rollup@4.63.0 want: 4.63.0
1030 silly placeDep ROOT @rollup/rollup-freebsd-arm64@4.63.0 OK for: rollup@4.63.0 want: 4.63.0
1031 silly placeDep ROOT @rollup/rollup-freebsd-x64@4.63.0 OK for: rollup@4.63.0 want: 4.63.0
1032 silly placeDep ROOT @rollup/rollup-linux-arm-gnueabihf@4.63.0 OK for: rollup@4.63.0 want: 4.63.0
1033 silly placeDep ROOT @rollup/rollup-linux-arm-musleabihf@4.63.0 OK for: rollup@4.63.0 want: 4.63.0
1034 silly placeDep ROOT @rollup/rollup-linux-arm64-gnu@4.63.0 OK for: rollup@4.63.0 want: 4.63.0
1035 silly placeDep ROOT @rollup/rollup-linux-arm64-musl@4.63.0 OK for: rollup@4.63.0 want: 4.63.0
1036 silly placeDep ROOT @rollup/rollup-linux-loong64-gnu@4.63.0 OK for: rollup@4.63.0 want: 4.63.0
1037 silly placeDep ROOT @rollup/rollup-linux-loong64-musl@4.63.0 OK for: rollup@4.63.0 want: 4.63.0
1038 silly placeDep ROOT @rollup/rollup-linux-ppc64-gnu@4.63.0 OK for: rollup@4.63.0 want: 4.63.0
1039 silly placeDep ROOT @rollup/rollup-linux-ppc64-musl@4.63.0 OK for: rollup@4.63.0 want: 4.63.0
1040 silly placeDep ROOT @rollup/rollup-linux-riscv64-gnu@4.63.0 OK for: rollup@4.63.0 want: 4.63.0
1041 silly placeDep ROOT @rollup/rollup-linux-riscv64-musl@4.63.0 OK for: rollup@4.63.0 want: 4.63.0
1042 silly placeDep ROOT @rollup/rollup-linux-s390x-gnu@4.63.0 OK for: rollup@4.63.0 want: 4.63.0
1043 silly placeDep ROOT @rollup/rollup-linux-x64-gnu@4.63.0 OK for: rollup@4.63.0 want: 4.63.0
1044 silly placeDep ROOT @rollup/rollup-linux-x64-musl@4.63.0 OK for: rollup@4.63.0 want: 4.63.0
1045 silly placeDep ROOT @rollup/rollup-openbsd-x64@4.63.0 OK for: rollup@4.63.0 want: 4.63.0
1046 silly placeDep ROOT @rollup/rollup-openharmony-arm64@4.63.0 OK for: rollup@4.63.0 want: 4.63.0
1047 silly placeDep ROOT @rollup/rollup-win32-arm64-msvc@4.63.0 OK for: rollup@4.63.0 want: 4.63.0
1048 silly placeDep ROOT @rollup/rollup-win32-ia32-msvc@4.63.0 OK for: rollup@4.63.0 want: 4.63.0
1049 silly placeDep ROOT @rollup/rollup-win32-x64-gnu@4.63.0 OK for: rollup@4.63.0 want: 4.63.0
1050 silly placeDep ROOT @rollup/rollup-win32-x64-msvc@4.63.0 OK for: rollup@4.63.0 want: 4.63.0
1051 silly placeDep ROOT @types/estree@1.0.9 OK for: rollup@4.63.0 want: 1.0.9
1052 silly reify moves {}
1053 silly audit bulk request {
1053 silly audit   '@types/react': [ '18.3.31' ],
1053 silly audit   '@types/react-dom': [ '18.3.7' ],
1053 silly audit   '@vitejs/plugin-react': [ '4.7.0' ],
1053 silly audit   vite: [ '5.4.21' ],
1053 silly audit   autoprefixer: [ '10.5.4' ],
1053 silly audit   postcss: [ '8.5.26' ],
1053 silly audit   echarts: [ '5.6.0' ],
1053 silly audit   react: [ '18.3.1' ],
1053 silly audit   'react-dom': [ '18.3.1' ],
1053 silly audit   'react-router-dom': [ '6.30.6' ],
1053 silly audit   tailwindcss: [ '3.4.19' ],
1053 silly audit   typescript: [ '5.9.3' ],
1053 silly audit   '@types/prop-types': [ '15.7.15' ],
1053 silly audit   csstype: [ '3.2.3' ],
1053 silly audit   '@babel/core': [ '7.29.7' ],
1053 silly audit   '@babel/plugin-transform-react-jsx-self': [ '7.29.7' ],
1053 silly audit   '@babel/plugin-transform-react-jsx-source': [ '7.29.7' ],
1053 silly audit   '@rolldown/pluginutils': [ '1.0.0-beta.27' ],
1053 silly audit   '@types/babel__core': [ '7.20.5' ],
1053 silly audit   'react-refresh': [ '0.17.0' ],
1053 silly audit   '@babel/code-frame': [ '7.29.7' ],
1053 silly audit   '@babel/generator': [ '7.29.8' ],
1053 silly audit   '@babel/helper-compilation-targets': [ '7.29.7' ],
1053 silly audit   '@babel/helper-module-transforms': [ '7.29.7' ],
1053 silly audit   '@babel/helpers': [ '7.29.7' ],
1053 silly audit   '@babel/parser': [ '7.29.8' ],
1053 silly audit   '@babel/template': [ '7.29.7' ],
1053 silly audit   '@babel/traverse': [ '7.29.8' ],
1053 silly audit   '@babel/types': [ '7.29.8' ],
1053 silly audit   '@jridgewell/remapping': [ '2.3.5' ],
1053 silly audit   'convert-source-map': [ '2.0.0' ],
1053 silly audit   debug: [ '4.4.3' ],
1053 silly audit   gensync: [ '1.0.0-beta.2' ],
1053 silly audit   json5: [ '2.2.3' ],
1053 silly audit   semver: [ '6.3.1' ],
1053 silly audit   '@babel/helper-validator-identifier': [ '7.29.7' ],
1053 silly audit   'js-tokens': [ '4.0.0' ],
1053 silly audit   picocolors: [ '1.1.1' ],
1053 silly audit   '@jridgewell/gen-mapping': [ '0.3.13' ],
1053 silly audit   '@jridgewell/trace-mapping': [ '0.3.31' ],
1053 silly audit   jsesc: [ '3.1.0' ],
1053 silly audit   '@babel/compat-data': [ '7.29.7' ],
1053 silly audit   '@babel/helper-validator-option': [ '7.29.7' ],
1053 silly audit   browserslist: [ '4.28.8' ],
1053 silly audit   'lru-cache': [ '5.1.1' ],
1053 silly audit   '@babel/helper-module-imports': [ '7.29.7' ],
1053 silly audit   '@babel/helper-plugin-utils': [ '7.29.7' ],
1053 silly audit   '@babel/helper-globals': [ '7.29.7' ],
1053 silly audit   '@babel/helper-string-parser': [ '7.29.7' ],
1053 silly audit   '@jridgewell/sourcemap-codec': [ '1.5.5' ],
1053 silly audit   '@jridgewell/resolve-uri': [ '3.1.2' ],
1053 silly audit   '@types/babel__generator': [ '7.27.0' ],
1053 silly audit   '@types/babel__template': [ '7.4.4' ],
1053 silly audit   '@types/babel__traverse': [ '7.28.0' ],
1053 silly audit   'caniuse-lite': [ '1.0.30001810' ],
1053 silly audit   'fraction.js': [ '5.3.4' ],
1053 silly audit   'postcss-value-parser': [ '4.2.0' ],
1053 silly audit   'baseline-browser-mapping': [ '2.11.19' ],
1053 silly audit   'electron-to-chromium': [ '1.5.415' ],
1053 silly audit   'node-releases': [ '2.0.53' ],
1053 silly audit   'update-browserslist-db': [ '1.3.1' ],
1053 silly audit   ms: [ '2.1.3' ],
1053 silly audit   tslib: [ '2.3.0' ],
1053 silly audit   zrender: [ '5.6.1' ],
1053 silly audit   yallist: [ '3.1.1' ],
1053 silly audit   nanoid: [ '3.3.18' ],
1053 silly audit   'source-map-js': [ '1.2.1' ],
1053 silly audit   'loose-envify': [ '1.4.0' ],
1053 silly audit   scheduler: [ '0.23.2' ],
1053 silly audit   '@remix-run/router': [ '1.23.4' ],
1053 silly audit   'react-router': [ '6.30.6' ],
1053 silly audit   '@alloc/quick-lru': [ '5.2.0' ],
1053 silly audit   arg: [ '5.0.2' ],
1053 silly audit   chokidar: [ '3.6.0' ],
1053 silly audit   didyoumean: [ '1.2.2' ],
1053 silly audit   dlv: [ '1.1.3' ],
1053 silly audit   'fast-glob': [ '3.3.3' ],
1053 silly audit   'glob-parent': [ '6.0.2', '5.1.2' ],
1053 silly audit   'is-glob': [ '4.0.3' ],
1053 silly audit   jiti: [ '1.21.7' ],
1053 silly audit   lilconfig: [ '3.1.3' ],
1053 silly audit   micromatch: [ '4.0.8' ],
1053 silly audit   'normalize-path': [ '3.0.0' ],
1053 silly audit   'object-hash': [ '3.0.0' ],
1053 silly audit   'postcss-import': [ '15.1.0' ],
1053 silly audit   'postcss-js': [ '4.1.0' ],
1053 silly audit   'postcss-load-config': [ '6.0.1' ],
1053 silly audit   'postcss-nested': [ '6.2.0' ],
1053 silly audit   'postcss-selector-parser': [ '6.1.4' ],
1053 silly audit   resolve: [ '1.22.12' ],
1053 silly audit   sucrase: [ '3.35.1' ],
1053 silly audit   anymatch: [ '3.1.3' ],
1053 silly audit   braces: [ '3.0.3' ],
1053 silly audit   fsevents: [ '2.3.3' ],
1053 silly audit   'is-binary-path': [ '2.1.0' ],
1053 silly audit   readdirp: [ '3.6.0' ],
1053 silly audit   picomatch: [ '2.3.2', '4.0.7' ],
1053 silly audit   'fill-range': [ '7.1.1' ],
1053 silly audit   '@nodelib/fs.stat': [ '2.0.5' ],
1053 silly audit   '@nodelib/fs.walk': [ '1.2.8' ],
1053 silly audit   merge2: [ '1.4.1' ],
1053 silly audit   '@nodelib/fs.scandir': [ '2.1.5' ],
1053 silly audit   fastq: [ '1.20.1' ],
1053 silly audit   'run-parallel': [ '1.2.0' ],
1053 silly audit   reusify: [ '1.1.0' ],
1053 silly audit   'to-regex-range': [ '5.0.1' ],
1053 silly audit   'binary-extensions': [ '2.3.0' ],
1053 silly audit   'is-extglob': [ '2.1.1' ],
1053 silly audit   'read-cache': [ '1.0.2' ],
1053 silly audit   'camelcase-css': [ '2.0.1' ],
1053 silly audit   cssesc: [ '3.0.0' ],
1053 silly audit   'util-deprecate': [ '1.0.2' ],
1053 silly audit   'es-errors': [ '1.3.0' ],
1053 silly audit   'is-core-module': [ '2.16.2' ],
1053 silly audit   'path-parse': [ '1.0.7' ],
1053 silly audit   'supports-preserve-symlinks-flag': [ '1.0.0' ],
1053 silly audit   hasown: [ '2.0.4' ],
1053 silly audit   'function-bind': [ '1.1.2' ],
1053 silly audit   'queue-microtask': [ '1.2.3' ],
1053 silly audit   commander: [ '4.1.1' ],
1053 silly audit   'lines-and-columns': [ '1.2.4' ],
1053 silly audit   mz: [ '2.7.0' ],
1053 silly audit   pirates: [ '4.0.7' ],
1053 silly audit   tinyglobby: [ '0.2.17' ],
1053 silly audit   'ts-interface-checker': [ '0.1.13' ],
1053 silly audit   'any-promise': [ '1.3.0' ],
1053 silly audit   'object-assign': [ '4.1.1' ],
1053 silly audit   'thenify-all': [ '1.6.0' ],
1053 silly audit   thenify: [ '3.3.1' ],
1053 silly audit   fdir: [ '6.5.0' ],
1053 silly audit   'is-number': [ '7.0.0' ],
1053 silly audit   escalade: [ '3.2.0' ],
1053 silly audit   esbuild: [ '0.21.5' ],
1053 silly audit   rollup: [ '4.63.0' ],
1053 silly audit   '@esbuild/aix-ppc64': [ '0.21.5' ],
1053 silly audit   '@esbuild/android-arm': [ '0.21.5' ],
1053 silly audit   '@esbuild/android-arm64': [ '0.21.5' ],
1053 silly audit   '@esbuild/android-x64': [ '0.21.5' ],
1053 silly audit   '@esbuild/darwin-arm64': [ '0.21.5' ],
1053 silly audit   '@esbuild/darwin-x64': [ '0.21.5' ],
1053 silly audit   '@esbuild/freebsd-arm64': [ '0.21.5' ],
1053 silly audit   '@esbuild/freebsd-x64': [ '0.21.5' ],
1053 silly audit   '@esbuild/linux-arm': [ '0.21.5' ],
1053 silly audit   '@esbuild/linux-arm64': [ '0.21.5' ],
1053 silly audit   '@esbuild/linux-ia32': [ '0.21.5' ],
1053 silly audit   '@esbuild/linux-loong64': [ '0.21.5' ],
1053 silly audit   '@esbuild/linux-mips64el': [ '0.21.5' ],
1053 silly audit   '@esbuild/linux-ppc64': [ '0.21.5' ],
1053 silly audit   '@esbuild/linux-riscv64': [ '0.21.5' ],
1053 silly audit   '@esbuild/linux-s390x': [ '0.21.5' ],
1053 silly audit   '@esbuild/linux-x64': [ '0.21.5' ],
1053 silly audit   '@esbuild/netbsd-x64': [ '0.21.5' ],
1053 silly audit   '@esbuild/openbsd-x64': [ '0.21.5' ],
1053 silly audit   '@esbuild/sunos-x64': [ '0.21.5' ],
1053 silly audit   '@esbuild/win32-arm64': [ '0.21.5' ],
1053 silly audit   '@esbuild/win32-ia32': [ '0.21.5' ],
1053 silly audit   '@esbuild/win32-x64': [ '0.21.5' ],
1053 silly audit   '@napi-rs/lzma-linux-x64-gnu': [ '1.5.1' ],
1053 silly audit   '@rollup/rollup-android-arm-eabi': [ '4.63.0' ],
1053 silly audit   '@rollup/rollup-android-arm64': [ '4.63.0' ],
1053 silly audit   '@rollup/rollup-darwin-arm64': [ '4.63.0' ],
1053 silly audit   '@rollup/rollup-darwin-x64': [ '4.63.0' ],
1053 silly audit   '@rollup/rollup-freebsd-arm64': [ '4.63.0' ],
1053 silly audit   '@rollup/rollup-freebsd-x64': [ '4.63.0' ],
1053 silly audit   '@rollup/rollup-linux-arm-gnueabihf': [ '4.63.0' ],
1053 silly audit   '@rollup/rollup-linux-arm-musleabihf': [ '4.63.0' ],
1053 silly audit   '@rollup/rollup-linux-arm64-gnu': [ '4.63.0' ],
1053 silly audit   '@rollup/rollup-linux-arm64-musl': [ '4.63.0' ],
1053 silly audit   '@rollup/rollup-linux-loong64-gnu': [ '4.63.0' ],
1053 silly audit   '@rollup/rollup-linux-loong64-musl': [ '4.63.0' ],
1053 silly audit   '@rollup/rollup-linux-ppc64-gnu': [ '4.63.0' ],
1053 silly audit   '@rollup/rollup-linux-ppc64-musl': [ '4.63.0' ],
1053 silly audit   '@rollup/rollup-linux-riscv64-gnu': [ '4.63.0' ],
1053 silly audit   '@rollup/rollup-linux-riscv64-musl': [ '4.63.0' ],
1053 silly audit   '@rollup/rollup-linux-s390x-gnu': [ '4.63.0' ],
1053 silly audit   '@rollup/rollup-linux-x64-gnu': [ '4.63.0' ],
1053 silly audit   '@rollup/rollup-linux-x64-musl': [ '4.63.0' ],
1053 silly audit   '@rollup/rollup-openbsd-x64': [ '4.63.0' ],
1053 silly audit   '@rollup/rollup-openharmony-arm64': [ '4.63.0' ],
1053 silly audit   '@rollup/rollup-win32-arm64-msvc': [ '4.63.0' ],
1053 silly audit   '@rollup/rollup-win32-ia32-msvc': [ '4.63.0' ],
1053 silly audit   '@rollup/rollup-win32-x64-gnu': [ '4.63.0' ],
1053 silly audit   '@rollup/rollup-win32-x64-msvc': [ '4.63.0' ],
1053 silly audit   '@types/estree': [ '1.0.9' ]
1053 silly audit }
1054 verbose reify failed optional dependency /Users/zhaoyirui/WorkBuddy/2026-08-25-17-14-24/soft-ip-v4/frontend/node_modules/@rollup/rollup-win32-x64-msvc
1055 silly reify mark deleted [
1055 silly reify   '/Users/zhaoyirui/WorkBuddy/2026-08-25-17-14-24/soft-ip-v4/frontend/node_modules/@rollup/rollup-win32-x64-msvc'
1055 silly reify ]
1056 verbose reify failed optional dependency /Users/zhaoyirui/WorkBuddy/2026-08-25-17-14-24/soft-ip-v4/frontend/node_modules/@rollup/rollup-win32-x64-gnu
1057 silly reify mark deleted [
1057 silly reify   '/Users/zhaoyirui/WorkBuddy/2026-08-25-17-14-24/soft-ip-v4/frontend/node_modules/@rollup/rollup-win32-x64-gnu'
1057 silly reify ]
1058 verbose reify failed optional dependency /Users/zhaoyirui/WorkBuddy/2026-08-25-17-14-24/soft-ip-v4/frontend/node_modules/@rollup/rollup-win32-ia32-msvc
1059 silly reify mark deleted [
1059 silly reify   '/Users/zhaoyirui/WorkBuddy/2026-08-25-17-14-24/soft-ip-v4/frontend/node_modules/@rollup/rollup-win32-ia32-msvc'
1059 silly reify ]
1060 verbose reify failed optional dependency /Users/zhaoyirui/WorkBuddy/2026-08-25-17-14-24/soft-ip-v4/frontend/node_modules/@rollup/rollup-win32-arm64-msvc
1061 silly reify mark deleted [
1061 silly reify   '/Users/zhaoyirui/WorkBuddy/2026-08-25-17-14-24/soft-ip-v4/frontend/node_modules/@rollup/rollup-win32-arm64-msvc'
1061 silly reify ]
1062 verbose reify failed optional dependency /Users/zhaoyirui/WorkBuddy/2026-08-25-17-14-24/soft-ip-v4/frontend/node_modules/@rollup/rollup-openharmony-arm64
1063 silly reify mark deleted [
1063 silly reify   '/Users/zhaoyirui/WorkBuddy/2026-08-25-17-14-24/soft-ip-v4/frontend/node_modules/@rollup/rollup-openharmony-arm64'
1063 silly reify ]
1064 verbose reify failed optional dependency /Users/zhaoyirui/WorkBuddy/2026-08-25-17-14-24/soft-ip-v4/frontend/node_modules/@rollup/rollup-openbsd-x64
1065 silly reify mark deleted [
1065 silly reify   '/Users/zhaoyirui/WorkBuddy/2026-08-25-17-14-24/soft-ip-v4/frontend/node_modules/@rollup/rollup-openbsd-x64'
1065 silly reify ]
1066 verbose reify failed optional dependency /Users/zhaoyirui/WorkBuddy/2026-08-25-17-14-24/soft-ip-v4/frontend/node_modules/@rollup/rollup-linux-x64-musl
1067 silly reify mark deleted [
1067 silly reify   '/Users/zhaoyirui/WorkBuddy/2026-08-25-17-14-24/soft-ip-v4/frontend/node_modules/@rollup/rollup-linux-x64-musl'
1067 silly reify ]
1068 verbose reify failed optional dependency /Users/zhaoyirui/WorkBuddy/2026-08-25-17-14-24/soft-ip-v4/frontend/node_modules/@rollup/rollup-linux-x64-gnu
1069 silly reify mark deleted [
1069 silly reify   '/Users/zhaoyirui/WorkBuddy/2026-08-25-17-14-24/soft-ip-v4/frontend/node_modules/@rollup/rollup-linux-x64-gnu'
1069 silly reify ]
1070 verbose reify failed optional dependency /Users/zhaoyirui/WorkBuddy/2026-08-25-17-14-24/soft-ip-v4/frontend/node_modules/@rollup/rollup-linux-s390x-gnu
1071 silly reify mark deleted [
1071 silly reify   '/Users/zhaoyirui/WorkBuddy/2026-08-25-17-14-24/soft-ip-v4/frontend/node_modules/@rollup/rollup-linux-s390x-gnu'
1071 silly reify ]
1072 verbose reify failed optional dependency /Users/zhaoyirui/WorkBuddy/2026-08-25-17-14-24/soft-ip-v4/frontend/node_modules/@rollup/rollup-linux-riscv64-musl
1073 silly reify mark deleted [
1073 silly reify   '/Users/zhaoyirui/WorkBuddy/2026-08-25-17-14-24/soft-ip-v4/frontend/node_modules/@rollup/rollup-linux-riscv64-musl'
1073 silly reify ]
1074 verbose reify failed optional dependency /Users/zhaoyirui/WorkBuddy/2026-08-25-17-14-24/soft-ip-v4/frontend/node_modules/@rollup/rollup-linux-riscv64-gnu
1075 silly reify mark deleted [
1075 silly reify   '/Users/zhaoyirui/WorkBuddy/2026-08-25-17-14-24/soft-ip-v4/frontend/node_modules/@rollup/rollup-linux-riscv64-gnu'
1075 silly reify ]
1076 verbose reify failed optional dependency /Users/zhaoyirui/WorkBuddy/2026-08-25-17-14-24/soft-ip-v4/frontend/node_modules/@rollup/rollup-linux-ppc64-musl
1077 silly reify mark deleted [
1077 silly reify   '/Users/zhaoyirui/WorkBuddy/2026-08-25-17-14-24/soft-ip-v4/frontend/node_modules/@rollup/rollup-linux-ppc64-musl'
1077 silly reify ]
1078 verbose reify failed optional dependency /Users/zhaoyirui/WorkBuddy/2026-08-25-17-14-24/soft-ip-v4/frontend/node_modules/@rollup/rollup-linux-ppc64-gnu
1079 silly reify mark deleted [
1079 silly reify   '/Users/zhaoyirui/WorkBuddy/2026-08-25-17-14-24/soft-ip-v4/frontend/node_modules/@rollup/rollup-linux-ppc64-gnu'
1079 silly reify ]
1080 verbose reify failed optional dependency /Users/zhaoyirui/WorkBuddy/2026-08-25-17-14-24/soft-ip-v4/frontend/node_modules/@rollup/rollup-linux-loong64-musl
1081 silly reify mark deleted [
1081 silly reify   '/Users/zhaoyirui/WorkBuddy/2026-08-25-17-14-24/soft-ip-v4/frontend/node_modules/@rollup/rollup-linux-loong64-musl'
1081 silly reify ]
1082 verbose reify failed optional dependency /Users/zhaoyirui/WorkBuddy/2026-08-25-17-14-24/soft-ip-v4/frontend/node_modules/@rollup/rollup-linux-loong64-gnu
1083 silly reify mark deleted [
1083 silly reify   '/Users/zhaoyirui/WorkBuddy/2026-08-25-17-14-24/soft-ip-v4/frontend/node_modules/@rollup/rollup-linux-loong64-gnu'
1083 silly reify ]
1084 verbose reify failed optional dependency /Users/zhaoyirui/WorkBuddy/2026-08-25-17-14-24/soft-ip-v4/frontend/node_modules/@rollup/rollup-linux-arm64-musl
1085 silly reify mark deleted [
1085 silly reify   '/Users/zhaoyirui/WorkBuddy/2026-08-25-17-14-24/soft-ip-v4/frontend/node_modules/@rollup/rollup-linux-arm64-musl'
1085 silly reify ]
1086 verbose reify failed optional dependency /Users/zhaoyirui/WorkBuddy/2026-08-25-17-14-24/soft-ip-v4/frontend/node_modules/@rollup/rollup-linux-arm64-gnu
1087 silly reify mark deleted [
1087 silly reify   '/Users/zhaoyirui/WorkBuddy/2026-08-25-17-14-24/soft-ip-v4/frontend/node_modules/@rollup/rollup-linux-arm64-gnu'
1087 silly reify ]
1088 verbose reify failed optional dependency /Users/zhaoyirui/WorkBuddy/2026-08-25-17-14-24/soft-ip-v4/frontend/node_modules/@rollup/rollup-linux-arm-musleabihf
1089 silly reify mark deleted [
1089 silly reify   '/Users/zhaoyirui/WorkBuddy/2026-08-25-17-14-24/soft-ip-v4/frontend/node_modules/@rollup/rollup-linux-arm-musleabihf'
1089 silly reify ]
1090 verbose reify failed optional dependency /Users/zhaoyirui/WorkBuddy/2026-08-25-17-14-24/soft-ip-v4/frontend/node_modules/@rollup/rollup-linux-arm-gnueabihf
1091 silly reify mark deleted [
1091 silly reify   '/Users/zhaoyirui/WorkBuddy/2026-08-25-17-14-24/soft-ip-v4/frontend/node_modules/@rollup/rollup-linux-arm-gnueabihf'
1091 silly reify ]
1092 verbose reify failed optional dependency /Users/zhaoyirui/WorkBuddy/2026-08-25-17-14-24/soft-ip-v4/frontend/node_modules/@rollup/rollup-freebsd-x64
1093 silly reify mark deleted [
1093 silly reify   '/Users/zhaoyirui/WorkBuddy/2026-08-25-17-14-24/soft-ip-v4/frontend/node_modules/@rollup/rollup-freebsd-x64'
1093 silly reify ]
1094 verbose reify failed optional dependency /Users/zhaoyirui/WorkBuddy/2026-08-25-17-14-24/soft-ip-v4/frontend/node_modules/@rollup/rollup-freebsd-arm64
1095 silly reify mark deleted [
1095 silly reify   '/Users/zhaoyirui/WorkBuddy/2026-08-25-17-14-24/soft-ip-v4/frontend/node_modules/@rollup/rollup-freebsd-arm64'
1095 silly reify ]
1096 verbose reify failed optional dependency /Users/zhaoyirui/WorkBuddy/2026-08-25-17-14-24/soft-ip-v4/frontend/node_modules/@rollup/rollup-darwin-x64
1097 silly reify mark deleted [
1097 silly reify   '/Users/zhaoyirui/WorkBuddy/2026-08-25-17-14-24/soft-ip-v4/frontend/node_modules/@rollup/rollup-darwin-x64'
1097 silly reify ]
1098 verbose reify failed optional dependency /Users/zhaoyirui/WorkBuddy/2026-08-25-17-14-24/soft-ip-v4/frontend/node_modules/@rollup/rollup-android-arm64
1099 silly reify mark deleted [
1099 silly reify   '/Users/zhaoyirui/WorkBuddy/2026-08-25-17-14-24/soft-ip-v4/frontend/node_modules/@rollup/rollup-android-arm64'
1099 silly reify ]
1100 verbose reify failed optional dependency /Users/zhaoyirui/WorkBuddy/2026-08-25-17-14-24/soft-ip-v4/frontend/node_modules/@rollup/rollup-android-arm-eabi
1101 silly reify mark deleted [
1101 silly reify   '/Users/zhaoyirui/WorkBuddy/2026-08-25-17-14-24/soft-ip-v4/frontend/node_modules/@rollup/rollup-android-arm-eabi'
1101 silly reify ]
1102 verbose reify failed optional dependency /Users/zhaoyirui/WorkBuddy/2026-08-25-17-14-24/soft-ip-v4/frontend/node_modules/@napi-rs/lzma-linux-x64-gnu
1103 silly reify mark deleted [
1103 silly reify   '/Users/zhaoyirui/WorkBuddy/2026-08-25-17-14-24/soft-ip-v4/frontend/node_modules/@napi-rs/lzma-linux-x64-gnu'
1103 silly reify ]
1104 verbose reify failed optional dependency /Users/zhaoyirui/WorkBuddy/2026-08-25-17-14-24/soft-ip-v4/frontend/node_modules/@esbuild/win32-x64
1105 silly reify mark deleted [
1105 silly reify   '/Users/zhaoyirui/WorkBuddy/2026-08-25-17-14-24/soft-ip-v4/frontend/node_modules/@esbuild/win32-x64'
1105 silly reify ]
1106 verbose reify failed optional dependency /Users/zhaoyirui/WorkBuddy/2026-08-25-17-14-24/soft-ip-v4/frontend/node_modules/@esbuild/win32-ia32
1107 silly reify mark deleted [
1107 silly reify   '/Users/zhaoyirui/WorkBuddy/2026-08-25-17-14-24/soft-ip-v4/frontend/node_modules/@esbuild/win32-ia32'
1107 silly reify ]
1108 verbose reify failed optional dependency /Users/zhaoyirui/WorkBuddy/2026-08-25-17-14-24/soft-ip-v4/frontend/node_modules/@esbuild/win32-arm64
1109 silly reify mark deleted [
1109 silly reify   '/Users/zhaoyirui/WorkBuddy/2026-08-25-17-14-24/soft-ip-v4/frontend/node_modules/@esbuild/win32-arm64'
1109 silly reify ]
1110 verbose reify failed optional dependency /Users/zhaoyirui/WorkBuddy/2026-08-25-17-14-24/soft-ip-v4/frontend/node_modules/@esbuild/sunos-x64
1111 silly reify mark deleted [
1111 silly reify   '/Users/zhaoyirui/WorkBuddy/2026-08-25-17-14-24/soft-ip-v4/frontend/node_modules/@esbuild/sunos-x64'
1111 silly reify ]
1112 verbose reify failed optional dependency /Users/zhaoyirui/WorkBuddy/2026-08-25-17-14-24/soft-ip-v4/frontend/node_modules/@esbuild/openbsd-x64
1113 silly reify mark deleted [
1113 silly reify   '/Users/zhaoyirui/WorkBuddy/2026-08-25-17-14-24/soft-ip-v4/frontend/node_modules/@esbuild/openbsd-x64'
1113 silly reify ]
1114 verbose reify failed optional dependency /Users/zhaoyirui/WorkBuddy/2026-08-25-17-14-24/soft-ip-v4/frontend/node_modules/@esbuild/netbsd-x64
1115 silly reify mark deleted [
1115 silly reify   '/Users/zhaoyirui/WorkBuddy/2026-08-25-17-14-24/soft-ip-v4/frontend/node_modules/@esbuild/netbsd-x64'
1115 silly reify ]
1116 verbose reify failed optional dependency /Users/zhaoyirui/WorkBuddy/2026-08-25-17-14-24/soft-ip-v4/frontend/node_modules/@esbuild/linux-x64
1117 silly reify mark deleted [
1117 silly reify   '/Users/zhaoyirui/WorkBuddy/2026-08-25-17-14-24/soft-ip-v4/frontend/node_modules/@esbuild/linux-x64'
1117 silly reify ]
1118 verbose reify failed optional dependency /Users/zhaoyirui/WorkBuddy/2026-08-25-17-14-24/soft-ip-v4/frontend/node_modules/@esbuild/linux-s390x
1119 silly reify mark deleted [
1119 silly reify   '/Users/zhaoyirui/WorkBuddy/2026-08-25-17-14-24/soft-ip-v4/frontend/node_modules/@esbuild/linux-s390x'
1119 silly reify ]
1120 verbose reify failed optional dependency /Users/zhaoyirui/WorkBuddy/2026-08-25-17-14-24/soft-ip-v4/frontend/node_modules/@esbuild/linux-riscv64
1121 silly reify mark deleted [
1121 silly reify   '/Users/zhaoyirui/WorkBuddy/2026-08-25-17-14-24/soft-ip-v4/frontend/node_modules/@esbuild/linux-riscv64'
1121 silly reify ]
1122 verbose reify failed optional dependency /Users/zhaoyirui/WorkBuddy/2026-08-25-17-14-24/soft-ip-v4/frontend/node_modules/@esbuild/linux-ppc64
1123 silly reify mark deleted [
1123 silly reify   '/Users/zhaoyirui/WorkBuddy/2026-08-25-17-14-24/soft-ip-v4/frontend/node_modules/@esbuild/linux-ppc64'
1123 silly reify ]
1124 verbose reify failed optional dependency /Users/zhaoyirui/WorkBuddy/2026-08-25-17-14-24/soft-ip-v4/frontend/node_modules/@esbuild/linux-mips64el
1125 silly reify mark deleted [
1125 silly reify   '/Users/zhaoyirui/WorkBuddy/2026-08-25-17-14-24/soft-ip-v4/frontend/node_modules/@esbuild/linux-mips64el'
1125 silly reify ]
1126 verbose reify failed optional dependency /Users/zhaoyirui/WorkBuddy/2026-08-25-17-14-24/soft-ip-v4/frontend/node_modules/@esbuild/linux-loong64
1127 silly reify mark deleted [
1127 silly reify   '/Users/zhaoyirui/WorkBuddy/2026-08-25-17-14-24/soft-ip-v4/frontend/node_modules/@esbuild/linux-loong64'
1127 silly reify ]
1128 verbose reify failed optional dependency /Users/zhaoyirui/WorkBuddy/2026-08-25-17-14-24/soft-ip-v4/frontend/node_modules/@esbuild/linux-ia32
1129 silly reify mark deleted [
1129 silly reify   '/Users/zhaoyirui/WorkBuddy/2026-08-25-17-14-24/soft-ip-v4/frontend/node_modules/@esbuild/linux-ia32'
1129 silly reify ]
1130 verbose reify failed optional dependency /Users/zhaoyirui/WorkBuddy/2026-08-25-17-14-24/soft-ip-v4/frontend/node_modules/@esbuild/linux-arm64
1131 silly reify mark deleted [
1131 silly reify   '/Users/zhaoyirui/WorkBuddy/2026-08-25-17-14-24/soft-ip-v4/frontend/node_modules/@esbuild/linux-arm64'
1131 silly reify ]
1132 verbose reify failed optional dependency /Users/zhaoyirui/WorkBuddy/2026-08-25-17-14-24/soft-ip-v4/frontend/node_modules/@esbuild/linux-arm
1133 silly reify mark deleted [
1133 silly reify   '/Users/zhaoyirui/WorkBuddy/2026-08-25-17-14-24/soft-ip-v4/frontend/node_modules/@esbuild/linux-arm'
1133 silly reify ]
1134 verbose reify failed optional dependency /Users/zhaoyirui/WorkBuddy/2026-08-25-17-14-24/soft-ip-v4/frontend/node_modules/@esbuild/freebsd-x64
1135 silly reify mark deleted [
1135 silly reify   '/Users/zhaoyirui/WorkBuddy/2026-08-25-17-14-24/soft-ip-v4/frontend/node_modules/@esbuild/freebsd-x64'
1135 silly reify ]
1136 verbose reify failed optional dependency /Users/zhaoyirui/WorkBuddy/2026-08-25-17-14-24/soft-ip-v4/frontend/node_modules/@esbuild/freebsd-arm64
1137 silly reify mark deleted [
1137 silly reify   '/Users/zhaoyirui/WorkBuddy/2026-08-25-17-14-24/soft-ip-v4/frontend/node_modules/@esbuild/freebsd-arm64'
1137 silly reify ]
1138 verbose reify failed optional dependency /Users/zhaoyirui/WorkBuddy/2026-08-25-17-14-24/soft-ip-v4/frontend/node_modules/@esbuild/darwin-x64
1139 silly reify mark deleted [
1139 silly reify   '/Users/zhaoyirui/WorkBuddy/2026-08-25-17-14-24/soft-ip-v4/frontend/node_modules/@esbuild/darwin-x64'
1139 silly reify ]
1140 verbose reify failed optional dependency /Users/zhaoyirui/WorkBuddy/2026-08-25-17-14-24/soft-ip-v4/frontend/node_modules/@esbuild/android-x64
1141 silly reify mark deleted [
1141 silly reify   '/Users/zhaoyirui/WorkBuddy/2026-08-25-17-14-24/soft-ip-v4/frontend/node_modules/@esbuild/android-x64'
1141 silly reify ]
1142 verbose reify failed optional dependency /Users/zhaoyirui/WorkBuddy/2026-08-25-17-14-24/soft-ip-v4/frontend/node_modules/@esbuild/android-arm64
1143 silly reify mark deleted [
1143 silly reify   '/Users/zhaoyirui/WorkBuddy/2026-08-25-17-14-24/soft-ip-v4/frontend/node_modules/@esbuild/android-arm64'
1143 silly reify ]
1144 verbose reify failed optional dependency /Users/zhaoyirui/WorkBuddy/2026-08-25-17-14-24/soft-ip-v4/frontend/node_modules/@esbuild/android-arm
1145 silly reify mark deleted [
1145 silly reify   '/Users/zhaoyirui/WorkBuddy/2026-08-25-17-14-24/soft-ip-v4/frontend/node_modules/@esbuild/android-arm'
1145 silly reify ]
1146 verbose reify failed optional dependency /Users/zhaoyirui/WorkBuddy/2026-08-25-17-14-24/soft-ip-v4/frontend/node_modules/@esbuild/aix-ppc64
1147 silly reify mark deleted [
1147 silly reify   '/Users/zhaoyirui/WorkBuddy/2026-08-25-17-14-24/soft-ip-v4/frontend/node_modules/@esbuild/aix-ppc64'
1147 silly reify ]
1148 http cache @rollup/rollup-darwin-arm64@https://registry.npmmirror.com/@rollup/rollup-darwin-arm64/-/rollup-darwin-arm64-4.63.0.tgz 0ms (cache hit)
1149 http cache @types/estree@https://registry.npmmirror.com/@types/estree/-/estree-1.0.9.tgz 0ms (cache hit)
1150 http cache esbuild@https://registry.npmmirror.com/esbuild/-/esbuild-0.21.5.tgz 0ms (cache hit)
1151 http cache is-number@https://registry.npmmirror.com/is-number/-/is-number-7.0.0.tgz 0ms (cache hit)
1152 http cache thenify-all@https://registry.npmmirror.com/thenify-all/-/thenify-all-1.6.0.tgz 0ms (cache hit)
1153 http cache any-promise@https://registry.npmmirror.com/any-promise/-/any-promise-1.3.0.tgz 0ms (cache hit)
1154 http cache object-assign@https://registry.npmmirror.com/object-assign/-/object-assign-4.1.1.tgz 0ms (cache hit)
1155 http cache thenify@https://registry.npmmirror.com/thenify/-/thenify-3.3.1.tgz 0ms (cache hit)
1156 http cache ts-interface-checker@https://registry.npmmirror.com/ts-interface-checker/-/ts-interface-checker-0.1.13.tgz 0ms (cache hit)
1157 http cache mz@https://registry.npmmirror.com/mz/-/mz-2.7.0.tgz 0ms (cache hit)
1158 http cache pirates@https://registry.npmmirror.com/pirates/-/pirates-4.0.7.tgz 0ms (cache hit)
1159 http cache @esbuild/darwin-arm64@https://registry.npmmirror.com/@esbuild/darwin-arm64/-/darwin-arm64-0.21.5.tgz 0ms (cache hit)
1160 http cache escalade@https://registry.npmmirror.com/escalade/-/escalade-3.2.0.tgz 0ms (cache hit)
1161 http cache tinyglobby@https://registry.npmmirror.com/tinyglobby/-/tinyglobby-0.2.17.tgz 0ms (cache hit)
1162 http cache commander@https://registry.npmmirror.com/commander/-/commander-4.1.1.tgz 0ms (cache hit)
1163 http cache hasown@https://registry.npmmirror.com/hasown/-/hasown-2.0.4.tgz 0ms (cache hit)
1164 http cache supports-preserve-symlinks-flag@https://registry.npmmirror.com/supports-preserve-symlinks-flag/-/supports-preserve-symlinks-flag-1.0.0.tgz 0ms (cache hit)
1165 http cache function-bind@https://registry.npmmirror.com/function-bind/-/function-bind-1.1.2.tgz 0ms (cache hit)
1166 http cache lines-and-columns@https://registry.npmmirror.com/lines-and-columns/-/lines-and-columns-1.2.4.tgz 0ms (cache hit)
1167 http cache path-parse@https://registry.npmmirror.com/path-parse/-/path-parse-1.0.7.tgz 0ms (cache hit)
1168 http cache es-errors@https://registry.npmmirror.com/es-errors/-/es-errors-1.3.0.tgz 0ms (cache hit)
1169 http cache is-core-module@https://registry.npmmirror.com/is-core-module/-/is-core-module-2.16.2.tgz 0ms (cache hit)
1170 http cache rollup@https://registry.npmmirror.com/rollup/-/rollup-4.63.0.tgz 0ms (cache hit)
1171 http cache util-deprecate@https://registry.npmmirror.com/util-deprecate/-/util-deprecate-1.0.2.tgz 0ms (cache hit)
1172 http cache queue-microtask@https://registry.npmmirror.com/queue-microtask/-/queue-microtask-1.2.3.tgz 0ms (cache hit)
1173 http cache camelcase-css@https://registry.npmmirror.com/camelcase-css/-/camelcase-css-2.0.1.tgz 0ms (cache hit)
1174 http cache read-cache@https://registry.npmmirror.com/read-cache/-/read-cache-1.0.2.tgz 0ms (cache hit)
1175 http cache cssesc@https://registry.npmmirror.com/cssesc/-/cssesc-3.0.0.tgz 0ms (cache hit)
1176 http cache to-regex-range@https://registry.npmmirror.com/to-regex-range/-/to-regex-range-5.0.1.tgz 0ms (cache hit)
1177 http cache binary-extensions@https://registry.npmmirror.com/binary-extensions/-/binary-extensions-2.3.0.tgz 0ms (cache hit)
1178 http cache is-extglob@https://registry.npmmirror.com/is-extglob/-/is-extglob-2.1.1.tgz 0ms (cache hit)
1179 http cache reusify@https://registry.npmmirror.com/reusify/-/reusify-1.1.0.tgz 0ms (cache hit)
1180 http cache @nodelib/fs.scandir@https://registry.npmmirror.com/@nodelib/fs.scandir/-/fs.scandir-2.1.5.tgz 0ms (cache hit)
1181 http cache merge2@https://registry.npmmirror.com/merge2/-/merge2-1.4.1.tgz 0ms (cache hit)
1182 http cache run-parallel@https://registry.npmmirror.com/run-parallel/-/run-parallel-1.2.0.tgz 0ms (cache hit)
1183 http cache @nodelib/fs.walk@https://registry.npmmirror.com/@nodelib/fs.walk/-/fs.walk-1.2.8.tgz 0ms (cache hit)
1184 http cache @nodelib/fs.stat@https://registry.npmmirror.com/@nodelib/fs.stat/-/fs.stat-2.0.5.tgz 0ms (cache hit)
1185 http cache fill-range@https://registry.npmmirror.com/fill-range/-/fill-range-7.1.1.tgz 0ms (cache hit)
1186 http cache readdirp@https://registry.npmmirror.com/readdirp/-/readdirp-3.6.0.tgz 0ms (cache hit)
1187 http cache picomatch@https://registry.npmmirror.com/picomatch/-/picomatch-2.3.2.tgz 0ms (cache hit)
1188 http cache fastq@https://registry.npmmirror.com/fastq/-/fastq-1.20.1.tgz 0ms (cache hit)
1189 http cache fsevents@https://registry.npmmirror.com/fsevents/-/fsevents-2.3.3.tgz 0ms (cache hit)
1190 http cache is-binary-path@https://registry.npmmirror.com/is-binary-path/-/is-binary-path-2.1.0.tgz 0ms (cache hit)
1191 http cache braces@https://registry.npmmirror.com/braces/-/braces-3.0.3.tgz 0ms (cache hit)
1192 http cache anymatch@https://registry.npmmirror.com/anymatch/-/anymatch-3.1.3.tgz 0ms (cache hit)
1193 http cache sucrase@https://registry.npmmirror.com/sucrase/-/sucrase-3.35.1.tgz 0ms (cache hit)
1194 http cache postcss-selector-parser@https://registry.npmmirror.com/postcss-selector-parser/-/postcss-selector-parser-6.1.4.tgz 0ms (cache hit)
1195 http cache postcss-load-config@https://registry.npmmirror.com/postcss-load-config/-/postcss-load-config-6.0.1.tgz 0ms (cache hit)
1196 http cache postcss-nested@https://registry.npmmirror.com/postcss-nested/-/postcss-nested-6.2.0.tgz 0ms (cache hit)
1197 http cache object-hash@https://registry.npmmirror.com/object-hash/-/object-hash-3.0.0.tgz 0ms (cache hit)
1198 http cache lilconfig@https://registry.npmmirror.com/lilconfig/-/lilconfig-3.1.3.tgz 0ms (cache hit)
1199 http cache normalize-path@https://registry.npmmirror.com/normalize-path/-/normalize-path-3.0.0.tgz 0ms (cache hit)
1200 http cache micromatch@https://registry.npmmirror.com/micromatch/-/micromatch-4.0.8.tgz 0ms (cache hit)
1201 http cache jiti@https://registry.npmmirror.com/jiti/-/jiti-1.21.7.tgz 0ms (cache hit)
1202 http cache postcss-import@https://registry.npmmirror.com/postcss-import/-/postcss-import-15.1.0.tgz 0ms (cache hit)
1203 http cache glob-parent@https://registry.npmmirror.com/glob-parent/-/glob-parent-6.0.2.tgz 0ms (cache hit)
1204 http cache resolve@https://registry.npmmirror.com/resolve/-/resolve-1.22.12.tgz 0ms (cache hit)
1205 http cache is-glob@https://registry.npmmirror.com/is-glob/-/is-glob-4.0.3.tgz 0ms (cache hit)
1206 http cache dlv@https://registry.npmmirror.com/dlv/-/dlv-1.1.3.tgz 0ms (cache hit)
1207 http cache didyoumean@https://registry.npmmirror.com/didyoumean/-/didyoumean-1.2.2.tgz 0ms (cache hit)
1208 http cache arg@https://registry.npmmirror.com/arg/-/arg-5.0.2.tgz 0ms (cache hit)
1209 http cache react-router@https://registry.npmmirror.com/react-router/-/react-router-6.30.6.tgz 0ms (cache hit)
1210 http cache @alloc/quick-lru@https://registry.npmmirror.com/@alloc/quick-lru/-/quick-lru-5.2.0.tgz 0ms (cache hit)
1211 http cache chokidar@https://registry.npmmirror.com/chokidar/-/chokidar-3.6.0.tgz 0ms (cache hit)
1212 http cache @remix-run/router@https://registry.npmmirror.com/@remix-run/router/-/router-1.23.4.tgz 0ms (cache hit)
1213 http cache scheduler@https://registry.npmmirror.com/scheduler/-/scheduler-0.23.2.tgz 0ms (cache hit)
1214 http cache postcss-js@https://registry.npmmirror.com/postcss-js/-/postcss-js-4.1.0.tgz 0ms (cache hit)
1215 http cache nanoid@https://registry.npmmirror.com/nanoid/-/nanoid-3.3.18.tgz 0ms (cache hit)
1216 http cache yallist@https://registry.npmmirror.com/yallist/-/yallist-3.1.1.tgz 0ms (cache hit)
1217 http cache tslib@https://registry.npmmirror.com/tslib/-/tslib-2.3.0.tgz 0ms (cache hit)
1218 http cache source-map-js@https://registry.npmmirror.com/source-map-js/-/source-map-js-1.2.1.tgz 0ms (cache hit)
1219 http cache ms@https://registry.npmmirror.com/ms/-/ms-2.1.3.tgz 0ms (cache hit)
1220 http cache update-browserslist-db@https://registry.npmmirror.com/update-browserslist-db/-/update-browserslist-db-1.3.1.tgz 0ms (cache hit)
1221 http cache zrender@https://registry.npmmirror.com/zrender/-/zrender-5.6.1.tgz 0ms (cache hit)
1222 http cache loose-envify@https://registry.npmmirror.com/loose-envify/-/loose-envify-1.4.0.tgz 0ms (cache hit)
1223 http cache node-releases@https://registry.npmmirror.com/node-releases/-/node-releases-2.0.53.tgz 0ms (cache hit)
1224 http cache postcss-value-parser@https://registry.npmmirror.com/postcss-value-parser/-/postcss-value-parser-4.2.0.tgz 0ms (cache hit)
1225 http cache fast-glob@https://registry.npmmirror.com/fast-glob/-/fast-glob-3.3.3.tgz 0ms (cache hit)
1226 http cache electron-to-chromium@https://registry.npmmirror.com/electron-to-chromium/-/electron-to-chromium-1.5.415.tgz 0ms (cache hit)
1227 http cache baseline-browser-mapping@https://registry.npmmirror.com/baseline-browser-mapping/-/baseline-browser-mapping-2.11.19.tgz 0ms (cache hit)
1228 http cache fraction.js@https://registry.npmmirror.com/fraction.js/-/fraction.js-5.3.4.tgz 0ms (cache hit)
1229 http cache @types/babel__traverse@https://registry.npmmirror.com/@types/babel__traverse/-/babel__traverse-7.28.0.tgz 0ms (cache hit)
1230 http cache caniuse-lite@https://registry.npmmirror.com/caniuse-lite/-/caniuse-lite-1.0.30001810.tgz 0ms (cache hit)
1231 http cache @types/babel__template@https://registry.npmmirror.com/@types/babel__template/-/babel__template-7.4.4.tgz 0ms (cache hit)
1232 http cache @jridgewell/resolve-uri@https://registry.npmmirror.com/@jridgewell/resolve-uri/-/resolve-uri-3.1.2.tgz 0ms (cache hit)
1233 http cache @jridgewell/sourcemap-codec@https://registry.npmmirror.com/@jridgewell/sourcemap-codec/-/sourcemap-codec-1.5.5.tgz 0ms (cache hit)
1234 http cache @types/babel__generator@https://registry.npmmirror.com/@types/babel__generator/-/babel__generator-7.27.0.tgz 0ms (cache hit)
1235 http cache @babel/helper-plugin-utils@https://registry.npmmirror.com/@babel/helper-plugin-utils/-/helper-plugin-utils-7.29.7.tgz 0ms (cache hit)
1236 http cache @babel/helper-globals@https://registry.npmmirror.com/@babel/helper-globals/-/helper-globals-7.29.7.tgz 0ms (cache hit)
1237 http cache lru-cache@https://registry.npmmirror.com/lru-cache/-/lru-cache-5.1.1.tgz 0ms (cache hit)
1238 http cache browserslist@https://registry.npmmirror.com/browserslist/-/browserslist-4.28.8.tgz 0ms (cache hit)
1239 http cache @babel/helper-validator-option@https://registry.npmmirror.com/@babel/helper-validator-option/-/helper-validator-option-7.29.7.tgz 0ms (cache hit)
1240 http cache @babel/compat-data@https://registry.npmmirror.com/@babel/compat-data/-/compat-data-7.29.7.tgz 0ms (cache hit)
1241 http cache @jridgewell/trace-mapping@https://registry.npmmirror.com/@jridgewell/trace-mapping/-/trace-mapping-0.3.31.tgz 0ms (cache hit)
1242 http cache picocolors@https://registry.npmmirror.com/picocolors/-/picocolors-1.1.1.tgz 0ms (cache hit)
1243 http cache @jridgewell/gen-mapping@https://registry.npmmirror.com/@jridgewell/gen-mapping/-/gen-mapping-0.3.13.tgz 0ms (cache hit)
1244 http cache js-tokens@https://registry.npmmirror.com/js-tokens/-/js-tokens-4.0.0.tgz 0ms (cache hit)
1245 http cache jsesc@https://registry.npmmirror.com/jsesc/-/jsesc-3.1.0.tgz 0ms (cache hit)
1246 http cache @babel/helper-validator-identifier@https://registry.npmmirror.com/@babel/helper-validator-identifier/-/helper-validator-identifier-7.29.7.tgz 0ms (cache hit)
1247 http cache gensync@https://registry.npmmirror.com/gensync/-/gensync-1.0.0-beta.2.tgz 0ms (cache hit)
1248 http cache json5@https://registry.npmmirror.com/json5/-/json5-2.2.3.tgz 0ms (cache hit)
1249 http cache debug@https://registry.npmmirror.com/debug/-/debug-4.4.3.tgz 0ms (cache hit)
1250 http cache semver@https://registry.npmmirror.com/semver/-/semver-6.3.1.tgz 0ms (cache hit)
1251 http cache @babel/helper-module-imports@https://registry.npmmirror.com/@babel/helper-module-imports/-/helper-module-imports-7.29.7.tgz 0ms (cache hit)
1252 http cache @jridgewell/remapping@https://registry.npmmirror.com/@jridgewell/remapping/-/remapping-2.3.5.tgz 0ms (cache hit)
1253 http cache @babel/types@https://registry.npmmirror.com/@babel/types/-/types-7.29.8.tgz 0ms (cache hit)
1254 http cache @babel/traverse@https://registry.npmmirror.com/@babel/traverse/-/traverse-7.29.8.tgz 0ms (cache hit)
1255 http cache convert-source-map@https://registry.npmmirror.com/convert-source-map/-/convert-source-map-2.0.0.tgz 0ms (cache hit)
1256 http cache @babel/helper-string-parser@https://registry.npmmirror.com/@babel/helper-string-parser/-/helper-string-parser-7.29.7.tgz 0ms (cache hit)
1257 http cache @babel/parser@https://registry.npmmirror.com/@babel/parser/-/parser-7.29.8.tgz 0ms (cache hit)
1258 http cache @babel/helpers@https://registry.npmmirror.com/@babel/helpers/-/helpers-7.29.7.tgz 0ms (cache hit)
1259 http cache @babel/helper-module-transforms@https://registry.npmmirror.com/@babel/helper-module-transforms/-/helper-module-transforms-7.29.7.tgz 0ms (cache hit)
1260 http cache @babel/template@https://registry.npmmirror.com/@babel/template/-/template-7.29.7.tgz 0ms (cache hit)
1261 http cache @babel/helper-compilation-targets@https://registry.npmmirror.com/@babel/helper-compilation-targets/-/helper-compilation-targets-7.29.7.tgz 0ms (cache hit)
1262 http cache @babel/generator@https://registry.npmmirror.com/@babel/generator/-/generator-7.29.8.tgz 0ms (cache hit)
1263 http cache @types/babel__core@https://registry.npmmirror.com/@types/babel__core/-/babel__core-7.20.5.tgz 0ms (cache hit)
1264 http cache react-refresh@https://registry.npmmirror.com/react-refresh/-/react-refresh-0.17.0.tgz 0ms (cache hit)
1265 http cache @babel/code-frame@https://registry.npmmirror.com/@babel/code-frame/-/code-frame-7.29.7.tgz 0ms (cache hit)
1266 http cache @babel/plugin-transform-react-jsx-self@https://registry.npmmirror.com/@babel/plugin-transform-react-jsx-self/-/plugin-transform-react-jsx-self-7.29.7.tgz 0ms (cache hit)
1267 http cache @rolldown/pluginutils@https://registry.npmmirror.com/@rolldown/pluginutils/-/pluginutils-1.0.0-beta.27.tgz 0ms (cache hit)
1268 http cache @babel/core@https://registry.npmmirror.com/@babel/core/-/core-7.29.7.tgz 0ms (cache hit)
1269 http cache @types/prop-types@https://registry.npmmirror.com/@types/prop-types/-/prop-types-15.7.15.tgz 0ms (cache hit)
1270 http cache @babel/plugin-transform-react-jsx-source@https://registry.npmmirror.com/@babel/plugin-transform-react-jsx-source/-/plugin-transform-react-jsx-source-7.29.7.tgz 0ms (cache hit)
1271 http cache csstype@https://registry.npmmirror.com/csstype/-/csstype-3.2.3.tgz 0ms (cache hit)
1272 http cache tailwindcss@https://registry.npmmirror.com/tailwindcss/-/tailwindcss-3.4.19.tgz 0ms (cache hit)
1273 http cache typescript@https://registry.npmmirror.com/typescript/-/typescript-5.9.3.tgz 0ms (cache hit)
1274 http cache react-router-dom@https://registry.npmmirror.com/react-router-dom/-/react-router-dom-6.30.6.tgz 0ms (cache hit)
1275 http cache react@https://registry.npmmirror.com/react/-/react-18.3.1.tgz 0ms (cache hit)
1276 http cache react-dom@https://registry.npmmirror.com/react-dom/-/react-dom-18.3.1.tgz 0ms (cache hit)
1277 http cache echarts@https://registry.npmmirror.com/echarts/-/echarts-5.6.0.tgz 0ms (cache hit)
1278 http cache autoprefixer@https://registry.npmmirror.com/autoprefixer/-/autoprefixer-10.5.4.tgz 0ms (cache hit)
1279 http cache postcss@https://registry.npmmirror.com/postcss/-/postcss-8.5.26.tgz 0ms (cache hit)
1280 http cache @vitejs/plugin-react@https://registry.npmmirror.com/@vitejs/plugin-react/-/plugin-react-4.7.0.tgz 0ms (cache hit)
1281 http cache @types/react-dom@https://registry.npmmirror.com/@types/react-dom/-/react-dom-18.3.7.tgz 0ms (cache hit)
1282 http cache vite@https://registry.npmmirror.com/vite/-/vite-5.4.21.tgz 0ms (cache hit)
1283 http cache @types/react@https://registry.npmmirror.com/@types/react/-/react-18.3.31.tgz 0ms (cache hit)
1284 http cache fdir@https://registry.npmmirror.com/fdir/-/fdir-6.5.0.tgz 0ms (cache hit)
1285 http cache glob-parent@https://registry.npmmirror.com/glob-parent/-/glob-parent-5.1.2.tgz 0ms (cache hit)
1286 http cache picomatch@https://registry.npmmirror.com/picomatch/-/picomatch-4.0.7.tgz 0ms (cache hit)
1287 http cache glob-parent@https://registry.npmmirror.com/glob-parent/-/glob-parent-5.1.2.tgz 0ms (cache hit)
1288 silly tarball no local data for @rollup/rollup-darwin-arm64@https://registry.npmmirror.com/@rollup/rollup-darwin-arm64/-/rollup-darwin-arm64-4.63.0.tgz. Extracting by manifest.
1289 silly tarball no local data for @types/estree@https://registry.npmmirror.com/@types/estree/-/estree-1.0.9.tgz. Extracting by manifest.
1290 silly tarball no local data for esbuild@https://registry.npmmirror.com/esbuild/-/esbuild-0.21.5.tgz. Extracting by manifest.
1291 silly tarball no local data for is-number@https://registry.npmmirror.com/is-number/-/is-number-7.0.0.tgz. Extracting by manifest.
1292 silly tarball no local data for thenify-all@https://registry.npmmirror.com/thenify-all/-/thenify-all-1.6.0.tgz. Extracting by manifest.
1293 silly tarball no local data for any-promise@https://registry.npmmirror.com/any-promise/-/any-promise-1.3.0.tgz. Extracting by manifest.
1294 silly tarball no local data for object-assign@https://registry.npmmirror.com/object-assign/-/object-assign-4.1.1.tgz. Extracting by manifest.
1295 silly tarball no local data for thenify@https://registry.npmmirror.com/thenify/-/thenify-3.3.1.tgz. Extracting by manifest.
1296 silly tarball no local data for ts-interface-checker@https://registry.npmmirror.com/ts-interface-checker/-/ts-interface-checker-0.1.13.tgz. Extracting by manifest.
1297 silly tarball no local data for mz@https://registry.npmmirror.com/mz/-/mz-2.7.0.tgz. Extracting by manifest.
1298 silly tarball no local data for pirates@https://registry.npmmirror.com/pirates/-/pirates-4.0.7.tgz. Extracting by manifest.
1299 silly tarball no local data for @esbuild/darwin-arm64@https://registry.npmmirror.com/@esbuild/darwin-arm64/-/darwin-arm64-0.21.5.tgz. Extracting by manifest.
1300 silly tarball no local data for escalade@https://registry.npmmirror.com/escalade/-/escalade-3.2.0.tgz. Extracting by manifest.
1301 silly tarball no local data for tinyglobby@https://registry.npmmirror.com/tinyglobby/-/tinyglobby-0.2.17.tgz. Extracting by manifest.
1302 silly tarball no local data for commander@https://registry.npmmirror.com/commander/-/commander-4.1.1.tgz. Extracting by manifest.
1303 silly tarball no local data for hasown@https://registry.npmmirror.com/hasown/-/hasown-2.0.4.tgz. Extracting by manifest.
1304 silly tarball no local data for supports-preserve-symlinks-flag@https://registry.npmmirror.com/supports-preserve-symlinks-flag/-/supports-preserve-symlinks-flag-1.0.0.tgz. Extracting by manifest.
1305 silly tarball no local data for function-bind@https://registry.npmmirror.com/function-bind/-/function-bind-1.1.2.tgz. Extracting by manifest.
1306 silly tarball no local data for lines-and-columns@https://registry.npmmirror.com/lines-and-columns/-/lines-and-columns-1.2.4.tgz. Extracting by manifest.
1307 silly tarball no local data for path-parse@https://registry.npmmirror.com/path-parse/-/path-parse-1.0.7.tgz. Extracting by manifest.
1308 silly tarball no local data for es-errors@https://registry.npmmirror.com/es-errors/-/es-errors-1.3.0.tgz. Extracting by manifest.
1309 silly tarball no local data for is-core-module@https://registry.npmmirror.com/is-core-module/-/is-core-module-2.16.2.tgz. Extracting by manifest.
1310 silly tarball no local data for rollup@https://registry.npmmirror.com/rollup/-/rollup-4.63.0.tgz. Extracting by manifest.
1311 silly tarball no local data for util-deprecate@https://registry.npmmirror.com/util-deprecate/-/util-deprecate-1.0.2.tgz. Extracting by manifest.
1312 silly tarball no local data for queue-microtask@https://registry.npmmirror.com/queue-microtask/-/queue-microtask-1.2.3.tgz. Extracting by manifest.
1313 silly tarball no local data for camelcase-css@https://registry.npmmirror.com/camelcase-css/-/camelcase-css-2.0.1.tgz. Extracting by manifest.
1314 silly tarball no local data for read-cache@https://registry.npmmirror.com/read-cache/-/read-cache-1.0.2.tgz. Extracting by manifest.
1315 silly tarball no local data for cssesc@https://registry.npmmirror.com/cssesc/-/cssesc-3.0.0.tgz. Extracting by manifest.
1316 silly tarball no local data for to-regex-range@https://registry.npmmirror.com/to-regex-range/-/to-regex-range-5.0.1.tgz. Extracting by manifest.
1317 silly tarball no local data for binary-extensions@https://registry.npmmirror.com/binary-extensions/-/binary-extensions-2.3.0.tgz. Extracting by manifest.
1318 silly tarball no local data for is-extglob@https://registry.npmmirror.com/is-extglob/-/is-extglob-2.1.1.tgz. Extracting by manifest.
1319 silly tarball no local data for reusify@https://registry.npmmirror.com/reusify/-/reusify-1.1.0.tgz. Extracting by manifest.
1320 silly tarball no local data for @nodelib/fs.scandir@https://registry.npmmirror.com/@nodelib/fs.scandir/-/fs.scandir-2.1.5.tgz. Extracting by manifest.
1321 silly tarball no local data for merge2@https://registry.npmmirror.com/merge2/-/merge2-1.4.1.tgz. Extracting by manifest.
1322 silly tarball no local data for run-parallel@https://registry.npmmirror.com/run-parallel/-/run-parallel-1.2.0.tgz. Extracting by manifest.
1323 silly tarball no local data for @nodelib/fs.walk@https://registry.npmmirror.com/@nodelib/fs.walk/-/fs.walk-1.2.8.tgz. Extracting by manifest.
1324 silly tarball no local data for @nodelib/fs.stat@https://registry.npmmirror.com/@nodelib/fs.stat/-/fs.stat-2.0.5.tgz. Extracting by manifest.
1325 silly tarball no local data for fill-range@https://registry.npmmirror.com/fill-range/-/fill-range-7.1.1.tgz. Extracting by manifest.
1326 silly tarball no local data for picomatch@https://registry.npmmirror.com/picomatch/-/picomatch-2.3.2.tgz. Extracting by manifest.
1327 silly tarball no local data for readdirp@https://registry.npmmirror.com/readdirp/-/readdirp-3.6.0.tgz. Extracting by manifest.
1328 silly tarball no local data for fastq@https://registry.npmmirror.com/fastq/-/fastq-1.20.1.tgz. Extracting by manifest.
1329 silly tarball no local data for fsevents@https://registry.npmmirror.com/fsevents/-/fsevents-2.3.3.tgz. Extracting by manifest.
1330 silly tarball no local data for is-binary-path@https://registry.npmmirror.com/is-binary-path/-/is-binary-path-2.1.0.tgz. Extracting by manifest.
1331 silly tarball no local data for braces@https://registry.npmmirror.com/braces/-/braces-3.0.3.tgz. Extracting by manifest.
1332 silly tarball no local data for anymatch@https://registry.npmmirror.com/anymatch/-/anymatch-3.1.3.tgz. Extracting by manifest.
1333 silly tarball no local data for sucrase@https://registry.npmmirror.com/sucrase/-/sucrase-3.35.1.tgz. Extracting by manifest.
1334 silly tarball no local data for postcss-selector-parser@https://registry.npmmirror.com/postcss-selector-parser/-/postcss-selector-parser-6.1.4.tgz. Extracting by manifest.
1335 silly tarball no local data for postcss-load-config@https://registry.npmmirror.com/postcss-load-config/-/postcss-load-config-6.0.1.tgz. Extracting by manifest.
1336 silly tarball no local data for postcss-nested@https://registry.npmmirror.com/postcss-nested/-/postcss-nested-6.2.0.tgz. Extracting by manifest.
1337 silly tarball no local data for object-hash@https://registry.npmmirror.com/object-hash/-/object-hash-3.0.0.tgz. Extracting by manifest.
1338 silly tarball no local data for lilconfig@https://registry.npmmirror.com/lilconfig/-/lilconfig-3.1.3.tgz. Extracting by manifest.
1339 silly tarball no local data for normalize-path@https://registry.npmmirror.com/normalize-path/-/normalize-path-3.0.0.tgz. Extracting by manifest.
1340 silly tarball no local data for micromatch@https://registry.npmmirror.com/micromatch/-/micromatch-4.0.8.tgz. Extracting by manifest.
1341 silly tarball no local data for jiti@https://registry.npmmirror.com/jiti/-/jiti-1.21.7.tgz. Extracting by manifest.
1342 silly tarball no local data for postcss-import@https://registry.npmmirror.com/postcss-import/-/postcss-import-15.1.0.tgz. Extracting by manifest.
1343 silly tarball no local data for glob-parent@https://registry.npmmirror.com/glob-parent/-/glob-parent-6.0.2.tgz. Extracting by manifest.
1344 silly tarball no local data for resolve@https://registry.npmmirror.com/resolve/-/resolve-1.22.12.tgz. Extracting by manifest.
1345 silly tarball no local data for is-glob@https://registry.npmmirror.com/is-glob/-/is-glob-4.0.3.tgz. Extracting by manifest.
1346 silly tarball no local data for dlv@https://registry.npmmirror.com/dlv/-/dlv-1.1.3.tgz. Extracting by manifest.
1347 silly tarball no local data for didyoumean@https://registry.npmmirror.com/didyoumean/-/didyoumean-1.2.2.tgz. Extracting by manifest.
1348 silly tarball no local data for arg@https://registry.npmmirror.com/arg/-/arg-5.0.2.tgz. Extracting by manifest.
1349 silly tarball no local data for react-router@https://registry.npmmirror.com/react-router/-/react-router-6.30.6.tgz. Extracting by manifest.
1350 silly tarball no local data for @alloc/quick-lru@https://registry.npmmirror.com/@alloc/quick-lru/-/quick-lru-5.2.0.tgz. Extracting by manifest.
1351 silly tarball no local data for chokidar@https://registry.npmmirror.com/chokidar/-/chokidar-3.6.0.tgz. Extracting by manifest.
1352 silly tarball no local data for @remix-run/router@https://registry.npmmirror.com/@remix-run/router/-/router-1.23.4.tgz. Extracting by manifest.
1353 silly tarball no local data for scheduler@https://registry.npmmirror.com/scheduler/-/scheduler-0.23.2.tgz. Extracting by manifest.
1354 silly tarball no local data for postcss-js@https://registry.npmmirror.com/postcss-js/-/postcss-js-4.1.0.tgz. Extracting by manifest.
1355 silly tarball no local data for yallist@https://registry.npmmirror.com/yallist/-/yallist-3.1.1.tgz. Extracting by manifest.
1356 silly tarball no local data for nanoid@https://registry.npmmirror.com/nanoid/-/nanoid-3.3.18.tgz. Extracting by manifest.
1357 silly tarball no local data for tslib@https://registry.npmmirror.com/tslib/-/tslib-2.3.0.tgz. Extracting by manifest.
1358 silly tarball no local data for source-map-js@https://registry.npmmirror.com/source-map-js/-/source-map-js-1.2.1.tgz. Extracting by manifest.
1359 silly tarball no local data for ms@https://registry.npmmirror.com/ms/-/ms-2.1.3.tgz. Extracting by manifest.
1360 silly tarball no local data for update-browserslist-db@https://registry.npmmirror.com/update-browserslist-db/-/update-browserslist-db-1.3.1.tgz. Extracting by manifest.
1361 silly tarball no local data for zrender@https://registry.npmmirror.com/zrender/-/zrender-5.6.1.tgz. Extracting by manifest.
1362 silly tarball no local data for loose-envify@https://registry.npmmirror.com/loose-envify/-/loose-envify-1.4.0.tgz. Extracting by manifest.
1363 silly tarball no local data for node-releases@https://registry.npmmirror.com/node-releases/-/node-releases-2.0.53.tgz. Extracting by manifest.
1364 silly tarball no local data for postcss-value-parser@https://registry.npmmirror.com/postcss-value-parser/-/postcss-value-parser-4.2.0.tgz. Extracting by manifest.
1365 silly tarball no local data for fast-glob@https://registry.npmmirror.com/fast-glob/-/fast-glob-3.3.3.tgz. Extracting by manifest.
1366 silly tarball no local data for electron-to-chromium@https://registry.npmmirror.com/electron-to-chromium/-/electron-to-chromium-1.5.415.tgz. Extracting by manifest.
1367 silly tarball no local data for baseline-browser-mapping@https://registry.npmmirror.com/baseline-browser-mapping/-/baseline-browser-mapping-2.11.19.tgz. Extracting by manifest.
1368 silly tarball no local data for fraction.js@https://registry.npmmirror.com/fraction.js/-/fraction.js-5.3.4.tgz. Extracting by manifest.
1369 silly tarball no local data for @types/babel__traverse@https://registry.npmmirror.com/@types/babel__traverse/-/babel__traverse-7.28.0.tgz. Extracting by manifest.
1370 silly tarball no local data for caniuse-lite@https://registry.npmmirror.com/caniuse-lite/-/caniuse-lite-1.0.30001810.tgz. Extracting by manifest.
1371 silly tarball no local data for @types/babel__template@https://registry.npmmirror.com/@types/babel__template/-/babel__template-7.4.4.tgz. Extracting by manifest.
1372 silly tarball no local data for @jridgewell/resolve-uri@https://registry.npmmirror.com/@jridgewell/resolve-uri/-/resolve-uri-3.1.2.tgz. Extracting by manifest.
1373 silly tarball no local data for @jridgewell/sourcemap-codec@https://registry.npmmirror.com/@jridgewell/sourcemap-codec/-/sourcemap-codec-1.5.5.tgz. Extracting by manifest.
1374 silly tarball no local data for @types/babel__generator@https://registry.npmmirror.com/@types/babel__generator/-/babel__generator-7.27.0.tgz. Extracting by manifest.
1375 silly tarball no local data for @babel/helper-plugin-utils@https://registry.npmmirror.com/@babel/helper-plugin-utils/-/helper-plugin-utils-7.29.7.tgz. Extracting by manifest.
1376 silly tarball no local data for @babel/helper-globals@https://registry.npmmirror.com/@babel/helper-globals/-/helper-globals-7.29.7.tgz. Extracting by manifest.
1377 silly tarball no local data for lru-cache@https://registry.npmmirror.com/lru-cache/-/lru-cache-5.1.1.tgz. Extracting by manifest.
1378 silly tarball no local data for browserslist@https://registry.npmmirror.com/browserslist/-/browserslist-4.28.8.tgz. Extracting by manifest.
1379 silly tarball no local data for @babel/helper-validator-option@https://registry.npmmirror.com/@babel/helper-validator-option/-/helper-validator-option-7.29.7.tgz. Extracting by manifest.
1380 silly tarball no local data for @babel/compat-data@https://registry.npmmirror.com/@babel/compat-data/-/compat-data-7.29.7.tgz. Extracting by manifest.
1381 silly tarball no local data for @jridgewell/trace-mapping@https://registry.npmmirror.com/@jridgewell/trace-mapping/-/trace-mapping-0.3.31.tgz. Extracting by manifest.
1382 silly tarball no local data for picocolors@https://registry.npmmirror.com/picocolors/-/picocolors-1.1.1.tgz. Extracting by manifest.
1383 silly tarball no local data for @jridgewell/gen-mapping@https://registry.npmmirror.com/@jridgewell/gen-mapping/-/gen-mapping-0.3.13.tgz. Extracting by manifest.
1384 silly tarball no local data for js-tokens@https://registry.npmmirror.com/js-tokens/-/js-tokens-4.0.0.tgz. Extracting by manifest.
1385 silly tarball no local data for jsesc@https://registry.npmmirror.com/jsesc/-/jsesc-3.1.0.tgz. Extracting by manifest.
1386 silly tarball no local data for @babel/helper-validator-identifier@https://registry.npmmirror.com/@babel/helper-validator-identifier/-/helper-validator-identifier-7.29.7.tgz. Extracting by manifest.
1387 silly tarball no local data for gensync@https://registry.npmmirror.com/gensync/-/gensync-1.0.0-beta.2.tgz. Extracting by manifest.
1388 silly tarball no local data for json5@https://registry.npmmirror.com/json5/-/json5-2.2.3.tgz. Extracting by manifest.
1389 silly tarball no local data for debug@https://registry.npmmirror.com/debug/-/debug-4.4.3.tgz. Extracting by manifest.
1390 silly tarball no local data for semver@https://registry.npmmirror.com/semver/-/semver-6.3.1.tgz. Extracting by manifest.
1391 silly tarball no local data for @babel/helper-module-imports@https://registry.npmmirror.com/@babel/helper-module-imports/-/helper-module-imports-7.29.7.tgz. Extracting by manifest.
1392 silly tarball no local data for @jridgewell/remapping@https://registry.npmmirror.com/@jridgewell/remapping/-/remapping-2.3.5.tgz. Extracting by manifest.
1393 silly tarball no local data for @babel/types@https://registry.npmmirror.com/@babel/types/-/types-7.29.8.tgz. Extracting by manifest.
1394 silly tarball no local data for @babel/traverse@https://registry.npmmirror.com/@babel/traverse/-/traverse-7.29.8.tgz. Extracting by manifest.
1395 silly tarball no local data for convert-source-map@https://registry.npmmirror.com/convert-source-map/-/convert-source-map-2.0.0.tgz. Extracting by manifest.
1396 silly tarball no local data for @babel/helper-string-parser@https://registry.npmmirror.com/@babel/helper-string-parser/-/helper-string-parser-7.29.7.tgz. Extracting by manifest.
1397 silly tarball no local data for @babel/parser@https://registry.npmmirror.com/@babel/parser/-/parser-7.29.8.tgz. Extracting by manifest.
1398 silly tarball no local data for @babel/helpers@https://registry.npmmirror.com/@babel/helpers/-/helpers-7.29.7.tgz. Extracting by manifest.
1399 silly tarball no local data for @babel/helper-module-transforms@https://registry.npmmirror.com/@babel/helper-module-transforms/-/helper-module-transforms-7.29.7.tgz. Extracting by manifest.
1400 silly tarball no local data for @babel/template@https://registry.npmmirror.com/@babel/template/-/template-7.29.7.tgz. Extracting by manifest.
1401 silly tarball no local data for @babel/helper-compilation-targets@https://registry.npmmirror.com/@babel/helper-compilation-targets/-/helper-compilation-targets-7.29.7.tgz. Extracting by manifest.
1402 silly tarball no local data for @babel/generator@https://registry.npmmirror.com/@babel/generator/-/generator-7.29.8.tgz. Extracting by manifest.
1403 silly tarball no local data for @types/babel__core@https://registry.npmmirror.com/@types/babel__core/-/babel__core-7.20.5.tgz. Extracting by manifest.
1404 silly tarball no local data for react-refresh@https://registry.npmmirror.com/react-refresh/-/react-refresh-0.17.0.tgz. Extracting by manifest.
1405 silly tarball no local data for @babel/code-frame@https://registry.npmmirror.com/@babel/code-frame/-/code-frame-7.29.7.tgz. Extracting by manifest.
1406 silly tarball no local data for @babel/plugin-transform-react-jsx-self@https://registry.npmmirror.com/@babel/plugin-transform-react-jsx-self/-/plugin-transform-react-jsx-self-7.29.7.tgz. Extracting by manifest.
1407 silly tarball no local data for @rolldown/pluginutils@https://registry.npmmirror.com/@rolldown/pluginutils/-/pluginutils-1.0.0-beta.27.tgz. Extracting by manifest.
1408 silly tarball no local data for @babel/core@https://registry.npmmirror.com/@babel/core/-/core-7.29.7.tgz. Extracting by manifest.
1409 silly tarball no local data for @types/prop-types@https://registry.npmmirror.com/@types/prop-types/-/prop-types-15.7.15.tgz. Extracting by manifest.
1410 silly tarball no local data for @babel/plugin-transform-react-jsx-source@https://registry.npmmirror.com/@babel/plugin-transform-react-jsx-source/-/plugin-transform-react-jsx-source-7.29.7.tgz. Extracting by manifest.
1411 silly tarball no local data for csstype@https://registry.npmmirror.com/csstype/-/csstype-3.2.3.tgz. Extracting by manifest.
1412 silly tarball no local data for tailwindcss@https://registry.npmmirror.com/tailwindcss/-/tailwindcss-3.4.19.tgz. Extracting by manifest.
1413 silly tarball no local data for typescript@https://registry.npmmirror.com/typescript/-/typescript-5.9.3.tgz. Extracting by manifest.
1414 silly tarball no local data for react-router-dom@https://registry.npmmirror.com/react-router-dom/-/react-router-dom-6.30.6.tgz. Extracting by manifest.
1415 silly tarball no local data for react@https://registry.npmmirror.com/react/-/react-18.3.1.tgz. Extracting by manifest.
1416 silly tarball no local data for react-dom@https://registry.npmmirror.com/react-dom/-/react-dom-18.3.1.tgz. Extracting by manifest.
1417 silly tarball no local data for echarts@https://registry.npmmirror.com/echarts/-/echarts-5.6.0.tgz. Extracting by manifest.
1418 silly tarball no local data for autoprefixer@https://registry.npmmirror.com/autoprefixer/-/autoprefixer-10.5.4.tgz. Extracting by manifest.
1419 silly tarball no local data for postcss@https://registry.npmmirror.com/postcss/-/postcss-8.5.26.tgz. Extracting by manifest.
1420 silly tarball no local data for @vitejs/plugin-react@https://registry.npmmirror.com/@vitejs/plugin-react/-/plugin-react-4.7.0.tgz. Extracting by manifest.
1421 silly tarball no local data for @types/react-dom@https://registry.npmmirror.com/@types/react-dom/-/react-dom-18.3.7.tgz. Extracting by manifest.
1422 silly tarball no local data for vite@https://registry.npmmirror.com/vite/-/vite-5.4.21.tgz. Extracting by manifest.
1423 silly tarball no local data for @types/react@https://registry.npmmirror.com/@types/react/-/react-18.3.31.tgz. Extracting by manifest.
1424 silly tarball no local data for fdir@https://registry.npmmirror.com/fdir/-/fdir-6.5.0.tgz. Extracting by manifest.
1425 silly tarball no local data for glob-parent@https://registry.npmmirror.com/glob-parent/-/glob-parent-5.1.2.tgz. Extracting by manifest.
1426 silly tarball no local data for picomatch@https://registry.npmmirror.com/picomatch/-/picomatch-4.0.7.tgz. Extracting by manifest.
1427 silly tarball no local data for glob-parent@https://registry.npmmirror.com/glob-parent/-/glob-parent-5.1.2.tgz. Extracting by manifest.
1428 http fetch POST 404 https://registry.npmmirror.com/-/npm/v1/security/advisories/bulk 45ms
1429 silly audit bulk request failed [object Object]
1430 http fetch GET 200 https://cdn.npmmirror.com/packages/is-number/7.0.0/is-number-7.0.0.tgz 237ms (cache miss)
1431 http fetch GET 200 https://cdn.npmmirror.com/packages/any-promise/1.3.0/any-promise-1.3.0.tgz 275ms (cache miss)
1432 http fetch GET 200 https://cdn.npmmirror.com/packages/thenify-all/1.6.0/thenify-all-1.6.0.tgz 276ms (cache miss)
1433 http fetch GET 200 https://cdn.npmmirror.com/packages/supports-preserve-symlinks-flag/1.0.0/supports-preserve-symlinks-flag-1.0.0.tgz 275ms (cache miss)
1434 http fetch GET 200 https://cdn.npmmirror.com/packages/commander/4.1.1/commander-4.1.1.tgz 277ms (cache miss)
1435 http fetch GET 200 https://cdn.npmmirror.com/packages/tinyglobby/0.2.17/tinyglobby-0.2.17.tgz 278ms (cache miss)
1436 http fetch GET 200 https://cdn.npmmirror.com/packages/esbuild/0.21.5/esbuild-0.21.5.tgz 290ms (cache miss)
1437 http fetch GET 200 https://cdn.npmmirror.com/packages/%40types/estree/1.0.9/estree-1.0.9.tgz 294ms (cache miss)
1438 http fetch GET 200 https://cdn.npmmirror.com/packages/thenify/3.3.1/thenify-3.3.1.tgz 312ms (cache miss)
1439 http fetch GET 200 https://cdn.npmmirror.com/packages/object-assign/4.1.1/object-assign-4.1.1.tgz 314ms (cache miss)
1440 http fetch GET 200 https://cdn.npmmirror.com/packages/pirates/4.0.7/pirates-4.0.7.tgz 315ms (cache miss)
1441 http fetch GET 200 https://cdn.npmmirror.com/packages/lines-and-columns/1.2.4/lines-and-columns-1.2.4.tgz 323ms (cache miss)
1442 http fetch GET 200 https://cdn.npmmirror.com/packages/es-errors/1.3.0/es-errors-1.3.0.tgz 323ms (cache miss)
1443 http fetch GET 200 https://cdn.npmmirror.com/packages/hasown/2.0.4/hasown-2.0.4.tgz 323ms (cache miss)
1444 http fetch GET 200 https://cdn.npmmirror.com/packages/escalade/3.2.0/escalade-3.2.0.tgz 325ms (cache miss)
1445 http fetch GET 200 https://cdn.npmmirror.com/packages/path-parse/1.0.7/path-parse-1.0.7.tgz 334ms (cache miss)
1446 http fetch GET 200 https://cdn.npmmirror.com/packages/is-core-module/2.16.2/is-core-module-2.16.2.tgz 338ms (cache miss)
1447 http fetch GET 200 https://cdn.npmmirror.com/packages/function-bind/1.1.2/function-bind-1.1.2.tgz 339ms (cache miss)
1448 http fetch GET 200 https://cdn.npmmirror.com/packages/util-deprecate/1.0.2/util-deprecate-1.0.2.tgz 343ms (cache miss)
1449 http fetch GET 200 https://cdn.npmmirror.com/packages/ts-interface-checker/0.1.13/ts-interface-checker-0.1.13.tgz 347ms (cache miss)
1450 http fetch GET 200 https://cdn.npmmirror.com/packages/queue-microtask/1.2.3/queue-microtask-1.2.3.tgz 387ms (cache miss)
1451 http fetch GET 200 https://cdn.npmmirror.com/packages/cssesc/3.0.0/cssesc-3.0.0.tgz 386ms (cache miss)
1452 http fetch GET 200 https://cdn.npmmirror.com/packages/binary-extensions/2.3.0/binary-extensions-2.3.0.tgz 387ms (cache miss)
1453 http fetch GET 200 https://cdn.npmmirror.com/packages/camelcase-css/2.0.1/camelcase-css-2.0.1.tgz 389ms (cache miss)
1454 http fetch GET 200 https://cdn.npmmirror.com/packages/run-parallel/1.2.0/run-parallel-1.2.0.tgz 389ms (cache miss)
1455 http fetch GET 200 https://cdn.npmmirror.com/packages/fill-range/7.1.1/fill-range-7.1.1.tgz 388ms (cache miss)
1456 http fetch GET 200 https://cdn.npmmirror.com/packages/to-regex-range/5.0.1/to-regex-range-5.0.1.tgz 389ms (cache miss)
1457 http fetch GET 200 https://cdn.npmmirror.com/packages/merge2/1.4.1/merge2-1.4.1.tgz 389ms (cache miss)
1458 http fetch GET 200 https://cdn.npmmirror.com/packages/reusify/1.1.0/reusify-1.1.0.tgz 402ms (cache miss)
1459 http fetch GET 200 https://cdn.npmmirror.com/packages/is-extglob/2.1.1/is-extglob-2.1.1.tgz 402ms (cache miss)
1460 http fetch GET 200 https://cdn.npmmirror.com/packages/fsevents/2.3.3/fsevents-2.3.3.tgz 408ms (cache miss)
1461 http fetch GET 200 https://cdn.npmmirror.com/packages/readdirp/3.6.0/readdirp-3.6.0.tgz 421ms (cache miss)
1462 http fetch GET 200 https://cdn.npmmirror.com/packages/%40nodelib/fs.walk/1.2.8/fs.walk-1.2.8.tgz 444ms (cache miss)
1463 http fetch GET 200 https://cdn.npmmirror.com/packages/%40nodelib/fs.scandir/2.1.5/fs.scandir-2.1.5.tgz 444ms (cache miss)
1464 http fetch GET 200 https://cdn.npmmirror.com/packages/%40nodelib/fs.stat/2.0.5/fs.stat-2.0.5.tgz 445ms (cache miss)
1465 http fetch GET 200 https://cdn.npmmirror.com/packages/is-binary-path/2.1.0/is-binary-path-2.1.0.tgz 451ms (cache miss)
1466 http fetch GET 200 https://cdn.npmmirror.com/packages/fastq/1.20.1/fastq-1.20.1.tgz 454ms (cache miss)
1467 http fetch GET 200 https://cdn.npmmirror.com/packages/braces/3.0.3/braces-3.0.3.tgz 464ms (cache miss)
1468 http fetch GET 200 https://cdn.npmmirror.com/packages/anymatch/3.1.3/anymatch-3.1.3.tgz 522ms (cache miss)
1469 http fetch GET 200 https://cdn.npmmirror.com/packages/postcss-nested/6.2.0/postcss-nested-6.2.0.tgz 532ms (cache miss)
1470 http fetch GET 200 https://cdn.npmmirror.com/packages/postcss-selector-parser/6.1.4/postcss-selector-parser-6.1.4.tgz 537ms (cache miss)
1471 http fetch GET 200 https://cdn.npmmirror.com/packages/normalize-path/3.0.0/normalize-path-3.0.0.tgz 541ms (cache miss)
1472 http fetch GET 200 https://cdn.npmmirror.com/packages/micromatch/4.0.8/micromatch-4.0.8.tgz 547ms (cache miss)
1473 http fetch GET 200 https://cdn.npmmirror.com/packages/lilconfig/3.1.3/lilconfig-3.1.3.tgz 551ms (cache miss)
1474 http fetch GET 200 https://cdn.npmmirror.com/packages/glob-parent/6.0.2/glob-parent-6.0.2.tgz 559ms (cache miss)
1475 http fetch GET 200 https://cdn.npmmirror.com/packages/object-hash/3.0.0/object-hash-3.0.0.tgz 560ms (cache miss)
1476 http fetch GET 200 https://cdn.npmmirror.com/packages/postcss-load-config/6.0.1/postcss-load-config-6.0.1.tgz 562ms (cache miss)
1477 http fetch GET 200 https://cdn.npmmirror.com/packages/postcss-import/15.1.0/postcss-import-15.1.0.tgz 563ms (cache miss)
1478 http fetch GET 200 https://cdn.npmmirror.com/packages/mz/2.7.0/mz-2.7.0.tgz 595ms (cache miss)
1479 http fetch GET 200 https://cdn.npmmirror.com/packages/is-glob/4.0.3/is-glob-4.0.3.tgz 590ms (cache miss)
1480 http fetch GET 200 https://cdn.npmmirror.com/packages/dlv/1.1.3/dlv-1.1.3.tgz 590ms (cache miss)
1481 http fetch GET 200 https://cdn.npmmirror.com/packages/picomatch/2.3.2/picomatch-2.3.2.tgz 593ms (cache miss)
1482 http fetch GET 200 https://cdn.npmmirror.com/packages/%40rollup/rollup-darwin-arm64/4.63.0/rollup-darwin-arm64-4.63.0.tgz 608ms (cache miss)
1483 http fetch GET 200 https://cdn.npmmirror.com/packages/resolve/1.22.12/resolve-1.22.12.tgz 610ms (cache miss)
1484 http fetch GET 200 https://cdn.npmmirror.com/packages/chokidar/3.6.0/chokidar-3.6.0.tgz 615ms (cache miss)
1485 http fetch GET 200 https://cdn.npmmirror.com/packages/scheduler/0.23.2/scheduler-0.23.2.tgz 615ms (cache miss)
1486 http fetch GET 200 https://cdn.npmmirror.com/packages/%40alloc/quick-lru/5.2.0/quick-lru-5.2.0.tgz 620ms (cache miss)
1487 http fetch GET 200 https://cdn.npmmirror.com/packages/postcss-js/4.1.0/postcss-js-4.1.0.tgz 620ms (cache miss)
1488 http fetch GET 200 https://cdn.npmmirror.com/packages/sucrase/3.35.1/sucrase-3.35.1.tgz 631ms (cache miss)
1489 http fetch GET 200 https://cdn.npmmirror.com/packages/read-cache/1.0.2/read-cache-1.0.2.tgz 644ms (cache miss)
1490 http fetch GET 200 https://cdn.npmmirror.com/packages/yallist/3.1.1/yallist-3.1.1.tgz 639ms (cache miss)
1491 http fetch GET 200 https://cdn.npmmirror.com/packages/arg/5.0.2/arg-5.0.2.tgz 640ms (cache miss)
1492 http fetch GET 200 https://cdn.npmmirror.com/packages/source-map-js/1.2.1/source-map-js-1.2.1.tgz 648ms (cache miss)
1493 http fetch GET 200 https://cdn.npmmirror.com/packages/react-router/6.30.6/react-router-6.30.6.tgz 686ms (cache miss)
1494 http fetch GET 200 https://cdn.npmmirror.com/packages/tslib/2.3.0/tslib-2.3.0.tgz 687ms (cache miss)
1495 http fetch GET 200 https://cdn.npmmirror.com/packages/postcss-value-parser/4.2.0/postcss-value-parser-4.2.0.tgz 753ms (cache miss)
1496 http fetch GET 200 https://cdn.npmmirror.com/packages/%40types/babel__traverse/7.28.0/babel__traverse-7.28.0.tgz 753ms (cache miss)
1497 http fetch GET 200 https://cdn.npmmirror.com/packages/update-browserslist-db/1.3.1/update-browserslist-db-1.3.1.tgz 754ms (cache miss)
1498 http fetch GET 200 https://cdn.npmmirror.com/packages/electron-to-chromium/1.5.415/electron-to-chromium-1.5.415.tgz 754ms (cache miss)
1499 http fetch GET 200 https://cdn.npmmirror.com/packages/fraction.js/5.3.4/fraction.js-5.3.4.tgz 770ms (cache miss)
1500 http fetch GET 200 https://cdn.npmmirror.com/packages/ms/2.1.3/ms-2.1.3.tgz 771ms (cache miss)
1501 http fetch GET 200 https://cdn.npmmirror.com/packages/baseline-browser-mapping/2.11.19/baseline-browser-mapping-2.11.19.tgz 773ms (cache miss)
1502 http fetch GET 200 https://cdn.npmmirror.com/packages/rollup/4.63.0/rollup-4.63.0.tgz 794ms (cache miss)
1503 http fetch GET 200 https://cdn.npmmirror.com/packages/%40types/babel__generator/7.27.0/babel__generator-7.27.0.tgz 844ms (cache miss)
1504 http fetch GET 200 https://cdn.npmmirror.com/packages/%40types/babel__template/7.4.4/babel__template-7.4.4.tgz 849ms (cache miss)
1505 http fetch GET 200 https://cdn.npmmirror.com/packages/%40babel/helper-plugin-utils/7.29.7/helper-plugin-utils-7.29.7.tgz 854ms (cache miss)
1506 http fetch GET 200 https://cdn.npmmirror.com/packages/fast-glob/3.3.3/fast-glob-3.3.3.tgz 856ms (cache miss)
1507 http fetch GET 200 https://cdn.npmmirror.com/packages/lru-cache/5.1.1/lru-cache-5.1.1.tgz 862ms (cache miss)
1508 http fetch GET 200 https://cdn.npmmirror.com/packages/browserslist/4.28.8/browserslist-4.28.8.tgz 896ms (cache miss)
1509 http fetch GET 200 https://cdn.npmmirror.com/packages/%40babel/helper-validator-option/7.29.7/helper-validator-option-7.29.7.tgz 897ms (cache miss)
1510 http fetch GET 200 https://cdn.npmmirror.com/packages/jiti/1.21.7/jiti-1.21.7.tgz 903ms (cache miss)
1511 http fetch GET 200 https://cdn.npmmirror.com/packages/%40remix-run/router/1.23.4/router-1.23.4.tgz 926ms (cache miss)
1512 http fetch GET 200 https://cdn.npmmirror.com/packages/js-tokens/4.0.0/js-tokens-4.0.0.tgz 929ms (cache miss)
1513 http fetch GET 200 https://cdn.npmmirror.com/packages/loose-envify/1.4.0/loose-envify-1.4.0.tgz 977ms (cache miss)
1514 http fetch GET 200 https://cdn.npmmirror.com/packages/jsesc/3.1.0/jsesc-3.1.0.tgz 976ms (cache miss)
1515 http fetch GET 200 https://cdn.npmmirror.com/packages/%40babel/compat-data/7.29.7/compat-data-7.29.7.tgz 978ms (cache miss)
1516 http fetch GET 200 https://cdn.npmmirror.com/packages/%40jridgewell/sourcemap-codec/1.5.5/sourcemap-codec-1.5.5.tgz 981ms (cache miss)
1517 http fetch GET 200 https://cdn.npmmirror.com/packages/%40jridgewell/trace-mapping/0.3.31/trace-mapping-0.3.31.tgz 984ms (cache miss)
1518 http fetch GET 200 https://cdn.npmmirror.com/packages/node-releases/2.0.53/node-releases-2.0.53.tgz 1033ms (cache miss)
1519 http fetch GET 200 https://cdn.npmmirror.com/packages/%40babel/helper-module-imports/7.29.7/helper-module-imports-7.29.7.tgz 1041ms (cache miss)
1520 http fetch GET 200 https://cdn.npmmirror.com/packages/picocolors/1.1.1/picocolors-1.1.1.tgz 1042ms (cache miss)
1521 http fetch GET 200 https://cdn.npmmirror.com/packages/gensync/1.0.0-beta.2/gensync-1.0.0-beta.2.tgz 1074ms (cache miss)
1522 http fetch GET 200 https://cdn.npmmirror.com/packages/%40jridgewell/resolve-uri/3.1.2/resolve-uri-3.1.2.tgz 1077ms (cache miss)
1523 http fetch GET 200 https://cdn.npmmirror.com/packages/semver/6.3.1/semver-6.3.1.tgz 1094ms (cache miss)
1524 http fetch GET 200 https://cdn.npmmirror.com/packages/%40jridgewell/remapping/2.3.5/remapping-2.3.5.tgz 1100ms (cache miss)
1525 http fetch GET 200 https://cdn.npmmirror.com/packages/json5/2.2.3/json5-2.2.3.tgz 1102ms (cache miss)
1526 http fetch GET 200 https://cdn.npmmirror.com/packages/%40babel/helper-string-parser/7.29.7/helper-string-parser-7.29.7.tgz 1142ms (cache miss)
1527 http fetch GET 200 https://cdn.npmmirror.com/packages/convert-source-map/2.0.0/convert-source-map-2.0.0.tgz 1159ms (cache miss)
1528 http fetch GET 200 https://cdn.npmmirror.com/packages/zrender/5.6.1/zrender-5.6.1.tgz 1163ms (cache miss)
1529 http fetch GET 200 https://cdn.npmmirror.com/packages/%40babel/template/7.29.7/template-7.29.7.tgz 1161ms (cache miss)
1530 http fetch GET 200 https://cdn.npmmirror.com/packages/didyoumean/1.2.2/didyoumean-1.2.2.tgz 1192ms (cache miss)
1531 http fetch GET 200 https://cdn.npmmirror.com/packages/%40babel/helper-module-transforms/7.29.7/helper-module-transforms-7.29.7.tgz 1192ms (cache miss)
1532 http fetch GET 200 https://cdn.npmmirror.com/packages/nanoid/3.3.18/nanoid-3.3.18.tgz 1225ms (cache miss)
1533 http fetch GET 200 https://cdn.npmmirror.com/packages/%40babel/helper-compilation-targets/7.29.7/helper-compilation-targets-7.29.7.tgz 1229ms (cache miss)
1534 http fetch GET 200 https://cdn.npmmirror.com/packages/%40jridgewell/gen-mapping/0.3.13/gen-mapping-0.3.13.tgz 1251ms (cache miss)
1535 http fetch GET 200 https://cdn.npmmirror.com/packages/%40babel/generator/7.29.8/generator-7.29.8.tgz 1253ms (cache miss)
1536 http fetch GET 200 https://cdn.npmmirror.com/packages/react-refresh/0.17.0/react-refresh-0.17.0.tgz 1272ms (cache miss)
1537 http fetch GET 200 https://cdn.npmmirror.com/packages/%40types/babel__core/7.20.5/babel__core-7.20.5.tgz 1289ms (cache miss)
1538 http fetch GET 200 https://cdn.npmmirror.com/packages/%40babel/plugin-transform-react-jsx-self/7.29.7/plugin-transform-react-jsx-self-7.29.7.tgz 1300ms (cache miss)
1539 http fetch GET 200 https://cdn.npmmirror.com/packages/%40babel/plugin-transform-react-jsx-source/7.29.7/plugin-transform-react-jsx-source-7.29.7.tgz 1305ms (cache miss)
1540 http fetch GET 200 https://cdn.npmmirror.com/packages/%40types/prop-types/15.7.15/prop-types-15.7.15.tgz 1305ms (cache miss)
1541 http fetch GET 200 https://cdn.npmmirror.com/packages/%40babel/helper-validator-identifier/7.29.7/helper-validator-identifier-7.29.7.tgz 1337ms (cache miss)
1542 http fetch GET 200 https://cdn.npmmirror.com/packages/%40babel/helper-globals/7.29.7/helper-globals-7.29.7.tgz 1348ms (cache miss)
1543 http fetch GET 200 https://cdn.npmmirror.com/packages/debug/4.4.3/debug-4.4.3.tgz 1377ms (cache miss)
1544 http fetch GET 200 https://cdn.npmmirror.com/packages/csstype/3.2.3/csstype-3.2.3.tgz 1428ms (cache miss)
1545 http fetch GET 200 https://cdn.npmmirror.com/packages/react-router-dom/6.30.6/react-router-dom-6.30.6.tgz 1428ms (cache miss)
1546 http fetch GET 200 https://cdn.npmmirror.com/packages/react/18.3.1/react-18.3.1.tgz 1462ms (cache miss)
1547 http fetch GET 200 https://cdn.npmmirror.com/packages/caniuse-lite/1.0.30001810/caniuse-lite-1.0.30001810.tgz 1470ms (cache miss)
1548 http fetch GET 200 https://cdn.npmmirror.com/packages/%40types/react-dom/18.3.7/react-dom-18.3.7.tgz 1486ms (cache miss)
1549 http fetch GET 200 https://cdn.npmmirror.com/packages/autoprefixer/10.5.4/autoprefixer-10.5.4.tgz 1487ms (cache miss)
1550 http fetch POST 404 https://registry.npmmirror.com/-/npm/v1/security/audits/quick 1469ms
1551 verbose audit error HttpErrorGeneral: 404 Not Found - POST https://registry.npmmirror.com/-/npm/v1/security/audits/quick - [NOT_IMPLEMENTED] /-/npm/v1/security/* not implemented yet
1551 verbose audit error     at /Users/zhaoyirui/.workbuddy/binaries/node/versions/22.22.2/lib/node_modules/npm/node_modules/npm-registry-fetch/lib/check-response.js:103:15
1551 verbose audit error     at process.processTicksAndRejections (node:internal/process/task_queues:103:5)
1551 verbose audit error     at async [getReport] (/Users/zhaoyirui/.workbuddy/binaries/node/versions/22.22.2/lib/node_modules/npm/node_modules/@npmcli/arborist/lib/audit-report.js:336:21)
1551 verbose audit error     at async AuditReport.run (/Users/zhaoyirui/.workbuddy/binaries/node/versions/22.22.2/lib/node_modules/npm/node_modules/@npmcli/arborist/lib/audit-report.js:106:19) {
1551 verbose audit error   headers: [Object: null prototype] {
1551 verbose audit error     server: [ 'Tengine' ],
1551 verbose audit error     date: [ 'Wed, 26 Aug 2026 10:38:02 GMT' ],
1551 verbose audit error     'content-type': [ 'application/json' ],
1551 verbose audit error     'transfer-encoding': [ 'chunked' ],
1551 verbose audit error     connection: [ 'keep-alive' ],
1551 verbose audit error     'strict-transport-security': [ 'max-age=5184000' ],
1551 verbose audit error     via: [ 'kunlun6.cn9542[,404666]' ],
1551 verbose audit error     'timing-allow-origin': [ '*' ],
1551 verbose audit error     eagleid: [ '65e3059a17877406824763750e' ],
1551 verbose audit error     'x-fetch-attempts': [ '1' ]
1551 verbose audit error   },
1551 verbose audit error   statusCode: 404,
1551 verbose audit error   code: 'E404',
1551 verbose audit error   method: 'POST',
1551 verbose audit error   uri: 'https://registry.npmmirror.com/-/npm/v1/security/audits/quick',
1551 verbose audit error   body: {
1551 verbose audit error     error: '[NOT_IMPLEMENTED] /-/npm/v1/security/* not implemented yet'
1551 verbose audit error   },
1551 verbose audit error   pkgid: undefined
1551 verbose audit error }
1552 silly audit error [object Object]
1553 silly audit report null
1554 http fetch GET 200 https://cdn.npmmirror.com/packages/%40vitejs/plugin-react/4.7.0/plugin-react-4.7.0.tgz 1505ms (cache miss)
1555 http fetch GET 200 https://cdn.npmmirror.com/packages/%40types/react/18.3.31/react-18.3.31.tgz 1582ms (cache miss)
1556 http fetch GET 200 https://cdn.npmmirror.com/packages/fdir/6.5.0/fdir-6.5.0.tgz 1653ms (cache miss)
1557 http fetch GET 200 https://cdn.npmmirror.com/packages/glob-parent/5.1.2/glob-parent-5.1.2.tgz 1701ms (cache miss)
1558 http fetch GET 200 https://cdn.npmmirror.com/packages/%40babel/types/7.29.8/types-7.29.8.tgz 1718ms (cache miss)
1559 http fetch GET 200 https://cdn.npmmirror.com/packages/%40babel/traverse/7.29.8/traverse-7.29.8.tgz 1721ms (cache miss)
1560 http fetch GET 200 https://cdn.npmmirror.com/packages/postcss/8.5.26/postcss-8.5.26.tgz 1781ms (cache miss)
1561 http fetch GET 200 https://cdn.npmmirror.com/packages/glob-parent/5.1.2/glob-parent-5.1.2.tgz 1839ms (cache miss)
1562 http fetch GET 200 https://cdn.npmmirror.com/packages/%40rolldown/pluginutils/1.0.0-beta.27/pluginutils-1.0.0-beta.27.tgz 1852ms (cache miss)
1563 http fetch GET 200 https://cdn.npmmirror.com/packages/picomatch/4.0.7/picomatch-4.0.7.tgz 1853ms (cache miss)
1564 http fetch GET 200 https://cdn.npmmirror.com/packages/%40babel/code-frame/7.29.7/code-frame-7.29.7.tgz 1882ms (cache miss)
1565 http fetch GET 200 https://cdn.npmmirror.com/packages/tailwindcss/3.4.19/tailwindcss-3.4.19.tgz 1911ms (cache miss)
1566 http fetch GET 200 https://cdn.npmmirror.com/packages/vite/5.4.21/vite-5.4.21.tgz 1960ms (cache miss)
1567 http fetch GET 200 https://cdn.npmmirror.com/packages/%40babel/helpers/7.29.7/helpers-7.29.7.tgz 2064ms (cache miss)
1568 http fetch GET 200 https://cdn.npmmirror.com/packages/%40babel/core/7.29.7/core-7.29.7.tgz 2237ms (cache miss)
1569 http fetch GET 200 https://cdn.npmmirror.com/packages/%40babel/parser/7.29.8/parser-7.29.8.tgz 2434ms (cache miss)
1570 http fetch GET 200 https://cdn.npmmirror.com/packages/react-dom/18.3.1/react-dom-18.3.1.tgz 2602ms (cache miss)
1571 http fetch GET 200 https://cdn.npmmirror.com/packages/%40esbuild/darwin-arm64/0.21.5/darwin-arm64-0.21.5.tgz 3289ms (cache miss)
1572 http fetch GET 200 https://cdn.npmmirror.com/packages/typescript/5.9.3/typescript-5.9.3.tgz 3822ms (cache miss)
1573 http fetch GET 200 https://cdn.npmmirror.com/packages/echarts/5.6.0/echarts-5.6.0.tgz 4286ms (cache miss)
1574 warn cleanup Failed to remove some directories [
1574 warn cleanup   [
1574 warn cleanup     '/Users/zhaoyirui/WorkBuddy/2026-08-25-17-14-24/soft-ip-v4/frontend/node_modules',
1574 warn cleanup     Error: [safe-delete][SAFE_DELETE_BULK_CONFIRM_REQUIRED] {"count":5355,"threshold":50,"scope":"turn","targets":["/Users/zhaoyirui/WorkBuddy/2026-08-25-17-14-24/soft-ip-v4/frontend/node_modules"],"targetCount":1}
1574 warn cleanup         at checkBulkDeleteGuard (/Applications/WorkBuddy.app/Contents/Resources/app.asar.unpacked/cli/vendor/shim/genie-safe-delete.cjs:222:19)
1574 warn cleanup         at tryTrash (/Applications/WorkBuddy.app/Contents/Resources/app.asar.unpacked/cli/vendor/shim/genie-safe-delete.cjs:546:5)
1574 warn cleanup         at tryRm (/Applications/WorkBuddy.app/Contents/Resources/app.asar.unpacked/cli/vendor/shim/genie-safe-delete.cjs:722:5)
1574 warn cleanup         at wrappedPromisesRm (/Applications/WorkBuddy.app/Contents/Resources/app.asar.unpacked/cli/vendor/shim/genie-safe-delete.cjs:766:15)
1574 warn cleanup         at /Users/zhaoyirui/.workbuddy/binaries/node/versions/22.22.2/lib/node_modules/npm/node_modules/@npmcli/arborist/lib/arborist/reify.js:657:20
1574 warn cleanup         at Array.map (<anonymous>)
1574 warn cleanup         at [rollbackCreateSparseTree] (/Users/zhaoyirui/.workbuddy/binaries/node/versions/22.22.2/lib/node_modules/npm/node_modules/@npmcli/arborist/lib/arborist/reify.js:657:8)
1574 warn cleanup         at [reifyPackages] (/Users/zhaoyirui/.workbuddy/binaries/node/versions/22.22.2/lib/node_modules/npm/node_modules/@npmcli/arborist/lib/arborist/reify.js:340:31)
1574 warn cleanup         at async Arborist.reify (/Users/zhaoyirui/.workbuddy/binaries/node/versions/22.22.2/lib/node_modules/npm/node_modules/@npmcli/arborist/lib/arborist/reify.js:149:5)
1574 warn cleanup         at async Install.exec (/Users/zhaoyirui/.workbuddy/binaries/node/versions/22.22.2/lib/node_modules/npm/lib/commands/install.js:150:5)
1574 warn cleanup   ],
1574 warn cleanup   [
1574 warn cleanup     '/Users/zhaoyirui/WorkBuddy/2026-08-25-17-14-24/soft-ip-v4/frontend/node_modules/@babel',
1574 warn cleanup     Error: [safe-delete][SAFE_DELETE_BULK_CONFIRM_REQUIRED] {"count":848,"threshold":50,"scope":"turn","targets":["/Users/zhaoyirui/WorkBuddy/2026-08-25-17-14-24/soft-ip-v4/frontend/node_modules/@babel"],"targetCount":1}
1574 warn cleanup         at checkBulkDeleteGuard (/Applications/WorkBuddy.app/Contents/Resources/app.asar.unpacked/cli/vendor/shim/genie-safe-delete.cjs:222:19)
1574 warn cleanup         at tryTrash (/Applications/WorkBuddy.app/Contents/Resources/app.asar.unpacked/cli/vendor/shim/genie-safe-delete.cjs:546:5)
1574 warn cleanup         at tryRm (/Applications/WorkBuddy.app/Contents/Resources/app.asar.unpacked/cli/vendor/shim/genie-safe-delete.cjs:722:5)
1574 warn cleanup         at wrappedPromisesRm (/Applications/WorkBuddy.app/Contents/Resources/app.asar.unpacked/cli/vendor/shim/genie-safe-delete.cjs:766:15)
1574 warn cleanup         at /Users/zhaoyirui/.workbuddy/binaries/node/versions/22.22.2/lib/node_modules/npm/node_modules/@npmcli/arborist/lib/arborist/reify.js:657:20
1574 warn cleanup         at Array.map (<anonymous>)
1574 warn cleanup         at [rollbackCreateSparseTree] (/Users/zhaoyirui/.workbuddy/binaries/node/versions/22.22.2/lib/node_modules/npm/node_modules/@npmcli/arborist/lib/arborist/reify.js:657:8)
1574 warn cleanup         at [reifyPackages] (/Users/zhaoyirui/.workbuddy/binaries/node/versions/22.22.2/lib/node_modules/npm/node_modules/@npmcli/arborist/lib/arborist/reify.js:340:31)
1574 warn cleanup         at async Arborist.reify (/Users/zhaoyirui/.workbuddy/binaries/node/versions/22.22.2/lib/node_modules/npm/node_modules/@npmcli/arborist/lib/arborist/reify.js:149:5)
1574 warn cleanup         at async Install.exec (/Users/zhaoyirui/.workbuddy/binaries/node/versions/22.22.2/lib/node_modules/npm/lib/commands/install.js:150:5)
1574 warn cleanup   ],
1574 warn cleanup   [
1574 warn cleanup     '/Users/zhaoyirui/WorkBuddy/2026-08-25-17-14-24/soft-ip-v4/frontend/node_modules/@types',
1574 warn cleanup     Error: [safe-delete][SAFE_DELETE_BULK_CONFIRM_REQUIRED] {"count":98,"threshold":50,"scope":"turn","targets":["/Users/zhaoyirui/WorkBuddy/2026-08-25-17-14-24/soft-ip-v4/frontend/node_modules/@types"],"targetCount":1}
1574 warn cleanup         at checkBulkDeleteGuard (/Applications/WorkBuddy.app/Contents/Resources/app.asar.unpacked/cli/vendor/shim/genie-safe-delete.cjs:222:19)
1574 warn cleanup         at tryTrash (/Applications/WorkBuddy.app/Contents/Resources/app.asar.unpacked/cli/vendor/shim/genie-safe-delete.cjs:546:5)
1574 warn cleanup         at tryRm (/Applications/WorkBuddy.app/Contents/Resources/app.asar.unpacked/cli/vendor/shim/genie-safe-delete.cjs:722:5)
1574 warn cleanup         at wrappedPromisesRm (/Applications/WorkBuddy.app/Contents/Resources/app.asar.unpacked/cli/vendor/shim/genie-safe-delete.cjs:766:15)
1574 warn cleanup         at /Users/zhaoyirui/.workbuddy/binaries/node/versions/22.22.2/lib/node_modules/npm/node_modules/@npmcli/arborist/lib/arborist/reify.js:657:20
1574 warn cleanup         at Array.map (<anonymous>)
1574 warn cleanup         at [rollbackCreateSparseTree] (/Users/zhaoyirui/.workbuddy/binaries/node/versions/22.22.2/lib/node_modules/npm/node_modules/@npmcli/arborist/lib/arborist/reify.js:657:8)
1574 warn cleanup         at [reifyPackages] (/Users/zhaoyirui/.workbuddy/binaries/node/versions/22.22.2/lib/node_modules/npm/node_modules/@npmcli/arborist/lib/arborist/reify.js:340:31)
1574 warn cleanup         at async Arborist.reify (/Users/zhaoyirui/.workbuddy/binaries/node/versions/22.22.2/lib/node_modules/npm/node_modules/@npmcli/arborist/lib/arborist/reify.js:149:5)
1574 warn cleanup         at async Install.exec (/Users/zhaoyirui/.workbuddy/binaries/node/versions/22.22.2/lib/node_modules/npm/lib/commands/install.js:150:5)
1574 warn cleanup   ],
1574 warn cleanup   [
1574 warn cleanup     '/Users/zhaoyirui/WorkBuddy/2026-08-25-17-14-24/soft-ip-v4/frontend/node_modules/@jridgewell',
1574 warn cleanup     Error: [safe-delete][SAFE_DELETE_BULK_CONFIRM_REQUIRED] {"count":199,"threshold":50,"scope":"turn","targets":["/Users/zhaoyirui/WorkBuddy/2026-08-25-17-14-24/soft-ip-v4/frontend/node_modules/@jridgewell"],"targetCount":1}
1574 warn cleanup         at checkBulkDeleteGuard (/Applications/WorkBuddy.app/Contents/Resources/app.asar.unpacked/cli/vendor/shim/genie-safe-delete.cjs:222:19)
1574 warn cleanup         at tryTrash (/Applications/WorkBuddy.app/Contents/Resources/app.asar.unpacked/cli/vendor/shim/genie-safe-delete.cjs:546:5)
1574 warn cleanup         at tryRm (/Applications/WorkBuddy.app/Contents/Resources/app.asar.unpacked/cli/vendor/shim/genie-safe-delete.cjs:722:5)
1574 warn cleanup         at wrappedPromisesRm (/Applications/WorkBuddy.app/Contents/Resources/app.asar.unpacked/cli/vendor/shim/genie-safe-delete.cjs:766:15)
1574 warn cleanup         at /Users/zhaoyirui/.workbuddy/binaries/node/versions/22.22.2/lib/node_modules/npm/node_modules/@npmcli/arborist/lib/arborist/reify.js:657:20
1574 warn cleanup         at Array.map (<anonymous>)
1574 warn cleanup         at [rollbackCreateSparseTree] (/Users/zhaoyirui/.workbuddy/binaries/node/versions/22.22.2/lib/node_modules/npm/node_modules/@npmcli/arborist/lib/arborist/reify.js:657:8)
1574 warn cleanup         at [reifyPackages] (/Users/zhaoyirui/.workbuddy/binaries/node/versions/22.22.2/lib/node_modules/npm/node_modules/@npmcli/arborist/lib/arborist/reify.js:340:31)
1574 warn cleanup         at async Arborist.reify (/Users/zhaoyirui/.workbuddy/binaries/node/versions/22.22.2/lib/node_modules/npm/node_modules/@npmcli/arborist/lib/arborist/reify.js:149:5)
1574 warn cleanup         at async Install.exec (/Users/zhaoyirui/.workbuddy/binaries/node/versions/22.22.2/lib/node_modules/npm/lib/commands/install.js:150:5)
1574 warn cleanup   ],
1574 warn cleanup   [
1574 warn cleanup     '/Users/zhaoyirui/WorkBuddy/2026-08-25-17-14-24/soft-ip-v4/frontend/node_modules/@nodelib',
1574 warn cleanup     Error: [safe-delete][SAFE_DELETE_BULK_CONFIRM_REQUIRED] {"count":112,"threshold":50,"scope":"turn","targets":["/Users/zhaoyirui/WorkBuddy/2026-08-25-17-14-24/soft-ip-v4/frontend/node_modules/@nodelib"],"targetCount":1}
1574 warn cleanup         at checkBulkDeleteGuard (/Applications/WorkBuddy.app/Contents/Resources/app.asar.unpacked/cli/vendor/shim/genie-safe-delete.cjs:222:19)
1574 warn cleanup         at tryTrash (/Applications/WorkBuddy.app/Contents/Resources/app.asar.unpacked/cli/vendor/shim/genie-safe-delete.cjs:546:5)
1574 warn cleanup         at tryRm (/Applications/WorkBuddy.app/Contents/Resources/app.asar.unpacked/cli/vendor/shim/genie-safe-delete.cjs:722:5)
1574 warn cleanup         at wrappedPromisesRm (/Applications/WorkBuddy.app/Contents/Resources/app.asar.unpacked/cli/vendor/shim/genie-safe-delete.cjs:766:15)
1574 warn cleanup         at /Users/zhaoyirui/.workbuddy/binaries/node/versions/22.22.2/lib/node_modules/npm/node_modules/@npmcli/arborist/lib/arborist/reify.js:657:20
1574 warn cleanup         at Array.map (<anonymous>)
1574 warn cleanup         at [rollbackCreateSparseTree] (/Users/zhaoyirui/.workbuddy/binaries/node/versions/22.22.2/lib/node_modules/npm/node_modules/@npmcli/arborist/lib/arborist/reify.js:657:8)
1574 warn cleanup         at [reifyPackages] (/Users/zhaoyirui/.workbuddy/binaries/node/versions/22.22.2/lib/node_modules/npm/node_modules/@npmcli/arborist/lib/arborist/reify.js:340:31)
1574 warn cleanup         at async Arborist.reify (/Users/zhaoyirui/.workbuddy/binaries/node/versions/22.22.2/lib/node_modules/npm/node_modules/@npmcli/arborist/lib/arborist/reify.js:149:5)
1574 warn cleanup         at async Install.exec (/Users/zhaoyirui/.workbuddy/binaries/node/versions/22.22.2/lib/node_modules/npm/lib/commands/install.js:150:5)
1574 warn cleanup   ],
1574 warn cleanup   [
1574 warn cleanup     '/Users/zhaoyirui/WorkBuddy/2026-08-25-17-14-24/soft-ip-v4/frontend/node_modules/@esbuild',
1574 warn cleanup     Error: [safe-delete][SAFE_DELETE_BULK_CONFIRM_REQUIRED] {"count":52,"threshold":50,"scope":"turn","targets":["/Users/zhaoyirui/WorkBuddy/2026-08-25-17-14-24/soft-ip-v4/frontend/node_modules/@esbuild"],"targetCount":1}
1574 warn cleanup         at checkBulkDeleteGuard (/Applications/WorkBuddy.app/Contents/Resources/app.asar.unpacked/cli/vendor/shim/genie-safe-delete.cjs:222:19)
1574 warn cleanup         at tryTrash (/Applications/WorkBuddy.app/Contents/Resources/app.asar.unpacked/cli/vendor/shim/genie-safe-delete.cjs:546:5)
1574 warn cleanup         at tryRm (/Applications/WorkBuddy.app/Contents/Resources/app.asar.unpacked/cli/vendor/shim/genie-safe-delete.cjs:722:5)
1574 warn cleanup         at wrappedPromisesRm (/Applications/WorkBuddy.app/Contents/Resources/app.asar.unpacked/cli/vendor/shim/genie-safe-delete.cjs:766:15)
1574 warn cleanup         at /Users/zhaoyirui/.workbuddy/binaries/node/versions/22.22.2/lib/node_modules/npm/node_modules/@npmcli/arborist/lib/arborist/reify.js:657:20
1574 warn cleanup         at Array.map (<anonymous>)
1574 warn cleanup         at [rollbackCreateSparseTree] (/Users/zhaoyirui/.workbuddy/binaries/node/versions/22.22.2/lib/node_modules/npm/node_modules/@npmcli/arborist/lib/arborist/reify.js:657:8)
1574 warn cleanup         at [reifyPackages] (/Users/zhaoyirui/.workbuddy/binaries/node/versions/22.22.2/lib/node_modules/npm/node_modules/@npmcli/arborist/lib/arborist/reify.js:340:31)
1574 warn cleanup         at async Arborist.reify (/Users/zhaoyirui/.workbuddy/binaries/node/versions/22.22.2/lib/node_modules/npm/node_modules/@npmcli/arborist/lib/arborist/reify.js:149:5)
1574 warn cleanup         at async Install.exec (/Users/zhaoyirui/.workbuddy/binaries/node/versions/22.22.2/lib/node_modules/npm/lib/commands/install.js:150:5)
1574 warn cleanup   ],
1574 warn cleanup   [
1574 warn cleanup     '/Users/zhaoyirui/WorkBuddy/2026-08-25-17-14-24/soft-ip-v4/frontend/node_modules/@rollup',
1574 warn cleanup     Error: [safe-delete][SAFE_DELETE_BULK_CONFIRM_REQUIRED] {"count":52,"threshold":50,"scope":"turn","targets":["/Users/zhaoyirui/WorkBuddy/2026-08-25-17-14-24/soft-ip-v4/frontend/node_modules/@rollup"],"targetCount":1}
1574 warn cleanup         at checkBulkDeleteGuard (/Applications/WorkBuddy.app/Contents/Resources/app.asar.unpacked/cli/vendor/shim/genie-safe-delete.cjs:222:19)
1574 warn cleanup         at tryTrash (/Applications/WorkBuddy.app/Contents/Resources/app.asar.unpacked/cli/vendor/shim/genie-safe-delete.cjs:546:5)
1574 warn cleanup         at tryRm (/Applications/WorkBuddy.app/Contents/Resources/app.asar.unpacked/cli/vendor/shim/genie-safe-delete.cjs:722:5)
1574 warn cleanup         at wrappedPromisesRm (/Applications/WorkBuddy.app/Contents/Resources/app.asar.unpacked/cli/vendor/shim/genie-safe-delete.cjs:766:15)
1574 warn cleanup         at /Users/zhaoyirui/.workbuddy/binaries/node/versions/22.22.2/lib/node_modules/npm/node_modules/@npmcli/arborist/lib/arborist/reify.js:657:20
1574 warn cleanup         at Array.map (<anonymous>)
1574 warn cleanup         at [rollbackCreateSparseTree] (/Users/zhaoyirui/.workbuddy/binaries/node/versions/22.22.2/lib/node_modules/npm/node_modules/@npmcli/arborist/lib/arborist/reify.js:657:8)
1574 warn cleanup         at [reifyPackages] (/Users/zhaoyirui/.workbuddy/binaries/node/versions/22.22.2/lib/node_modules/npm/node_modules/@npmcli/arborist/lib/arborist/reify.js:340:31)
1574 warn cleanup         at async Arborist.reify (/Users/zhaoyirui/.workbuddy/binaries/node/versions/22.22.2/lib/node_modules/npm/node_modules/@npmcli/arborist/lib/arborist/reify.js:149:5)
1574 warn cleanup         at async Install.exec (/Users/zhaoyirui/.workbuddy/binaries/node/versions/22.22.2/lib/node_modules/npm/lib/commands/install.js:150:5)
1574 warn cleanup   ],
1574 warn cleanup   [
1574 warn cleanup     '/Users/zhaoyirui/WorkBuddy/2026-08-25-17-14-24/soft-ip-v4/frontend/node_modules/echarts',
1574 warn cleanup     Error: [safe-delete][SAFE_DELETE_BULK_CONFIRM_REQUIRED] {"count":1296,"threshold":50,"scope":"turn","targets":["/Users/zhaoyirui/WorkBuddy/2026-08-25-17-14-24/soft-ip-v4/frontend/node_modules/echarts"],"targetCount":1}
1574 warn cleanup         at checkBulkDeleteGuard (/Applications/WorkBuddy.app/Contents/Resources/app.asar.unpacked/cli/vendor/shim/genie-safe-delete.cjs:222:19)
1574 warn cleanup         at tryTrash (/Applications/WorkBuddy.app/Contents/Resources/app.asar.unpacked/cli/vendor/shim/genie-safe-delete.cjs:546:5)
1574 warn cleanup         at tryRm (/Applications/WorkBuddy.app/Contents/Resources/app.asar.unpacked/cli/vendor/shim/genie-safe-delete.cjs:722:5)
1574 warn cleanup         at wrappedPromisesRm (/Applications/WorkBuddy.app/Contents/Resources/app.asar.unpacked/cli/vendor/shim/genie-safe-delete.cjs:766:15)
1574 warn cleanup         at /Users/zhaoyirui/.workbuddy/binaries/node/versions/22.22.2/lib/node_modules/npm/node_modules/@npmcli/arborist/lib/arborist/reify.js:657:20
1574 warn cleanup         at Array.map (<anonymous>)
1574 warn cleanup         at [rollbackCreateSparseTree] (/Users/zhaoyirui/.workbuddy/binaries/node/versions/22.22.2/lib/node_modules/npm/node_modules/@npmcli/arborist/lib/arborist/reify.js:657:8)
1574 warn cleanup         at [reifyPackages] (/Users/zhaoyirui/.workbuddy/binaries/node/versions/22.22.2/lib/node_modules/npm/node_modules/@npmcli/arborist/lib/arborist/reify.js:340:31)
1574 warn cleanup         at async Arborist.reify (/Users/zhaoyirui/.workbuddy/binaries/node/versions/22.22.2/lib/node_modules/npm/node_modules/@npmcli/arborist/lib/arborist/reify.js:149:5)
1574 warn cleanup         at async Install.exec (/Users/zhaoyirui/.workbuddy/binaries/node/versions/22.22.2/lib/node_modules/npm/lib/commands/install.js:150:5)
1574 warn cleanup   ],
1574 warn cleanup   [
1574 warn cleanup     '/Users/zhaoyirui/WorkBuddy/2026-08-25-17-14-24/soft-ip-v4/frontend/node_modules/react-dom',
1574 warn cleanup     Error: [safe-delete][SAFE_DELETE_BULK_CONFIRM_REQUIRED] {"count":81,"threshold":50,"scope":"turn","targets":["/Users/zhaoyirui/WorkBuddy/2026-08-25-17-14-24/soft-ip-v4/frontend/node_modules/react-dom"],"targetCount":1}
1574 warn cleanup         at checkBulkDeleteGuard (/Applications/WorkBuddy.app/Contents/Resources/app.asar.unpacked/cli/vendor/shim/genie-safe-delete.cjs:222:19)
1574 warn cleanup         at tryTrash (/Applications/WorkBuddy.app/Contents/Resources/app.asar.unpacked/cli/vendor/shim/genie-safe-delete.cjs:546:5)
1574 warn cleanup         at tryRm (/Applications/WorkBuddy.app/Contents/Resources/app.asar.unpacked/cli/vendor/shim/genie-safe-delete.cjs:722:5)
1574 warn cleanup         at wrappedPromisesRm (/Applications/WorkBuddy.app/Contents/Resources/app.asar.unpacked/cli/vendor/shim/genie-safe-delete.cjs:766:15)
1574 warn cleanup         at /Users/zhaoyirui/.workbuddy/binaries/node/versions/22.22.2/lib/node_modules/npm/node_modules/@npmcli/arborist/lib/arborist/reify.js:657:20
1574 warn cleanup         at Array.map (<anonymous>)
1574 warn cleanup         at [rollbackCreateSparseTree] (/Users/zhaoyirui/.workbuddy/binaries/node/versions/22.22.2/lib/node_modules/npm/node_modules/@npmcli/arborist/lib/arborist/reify.js:657:8)
1574 warn cleanup         at [reifyPackages] (/Users/zhaoyirui/.workbuddy/binaries/node/versions/22.22.2/lib/node_modules/npm/node_modules/@npmcli/arborist/lib/arborist/reify.js:340:31)
1574 warn cleanup         at async Arborist.reify (/Users/zhaoyirui/.workbuddy/binaries/node/versions/22.22.2/lib/node_modules/npm/node_modules/@npmcli/arborist/lib/arborist/reify.js:149:5)
1574 warn cleanup         at async Install.exec (/Users/zhaoyirui/.workbuddy/binaries/node/versions/22.22.2/lib/node_modules/npm/lib/commands/install.js:150:5)
1574 warn cleanup   ],
1574 warn cleanup   [
1574 warn cleanup     '/Users/zhaoyirui/WorkBuddy/2026-08-25-17-14-24/soft-ip-v4/frontend/node_modules/react-router-dom',
1574 warn cleanup     Error: [safe-delete][SAFE_DELETE_BULK_CONFIRM_REQUIRED] {"count":72,"threshold":50,"scope":"turn","targets":["/Users/zhaoyirui/WorkBuddy/2026-08-25-17-14-24/soft-ip-v4/frontend/node_modules/react-router-dom"],"targetCount":1}
1574 warn cleanup         at checkBulkDeleteGuard (/Applications/WorkBuddy.app/Contents/Resources/app.asar.unpacked/cli/vendor/shim/genie-safe-delete.cjs:222:19)
1574 warn cleanup         at tryTrash (/Applications/WorkBuddy.app/Contents/Resources/app.asar.unpacked/cli/vendor/shim/genie-safe-delete.cjs:546:5)
1574 warn cleanup         at tryRm (/Applications/WorkBuddy.app/Contents/Resources/app.asar.unpacked/cli/vendor/shim/genie-safe-delete.cjs:722:5)
1574 warn cleanup         at wrappedPromisesRm (/Applications/WorkBuddy.app/Contents/Resources/app.asar.unpacked/cli/vendor/shim/genie-safe-delete.cjs:766:15)
1574 warn cleanup         at /Users/zhaoyirui/.workbuddy/binaries/node/versions/22.22.2/lib/node_modules/npm/node_modules/@npmcli/arborist/lib/arborist/reify.js:657:20
1574 warn cleanup         at Array.map (<anonymous>)
1574 warn cleanup         at [rollbackCreateSparseTree] (/Users/zhaoyirui/.workbuddy/binaries/node/versions/22.22.2/lib/node_modules/npm/node_modules/@npmcli/arborist/lib/arborist/reify.js:657:8)
1574 warn cleanup         at [reifyPackages] (/Users/zhaoyirui/.workbuddy/binaries/node/versions/22.22.2/lib/node_modules/npm/node_modules/@npmcli/arborist/lib/arborist/reify.js:340:31)
1574 warn cleanup         at async Arborist.reify (/Users/zhaoyirui/.workbuddy/binaries/node/versions/22.22.2/lib/node_modules/npm/node_modules/@npmcli/arborist/lib/arborist/reify.js:149:5)
1574 warn cleanup         at async Install.exec (/Users/zhaoyirui/.workbuddy/binaries/node/versions/22.22.2/lib/node_modules/npm/lib/commands/install.js:150:5)
1574 warn cleanup   ],
1574 warn cleanup   [
1574 warn cleanup     '/Users/zhaoyirui/WorkBuddy/2026-08-25-17-14-24/soft-ip-v4/frontend/node_modules/tailwindcss',
1574 warn cleanup     Error: [safe-delete][SAFE_DELETE_BULK_CONFIRM_REQUIRED] {"count":302,"threshold":50,"scope":"turn","targets":["/Users/zhaoyirui/WorkBuddy/2026-08-25-17-14-24/soft-ip-v4/frontend/node_modules/tailwindcss"],"targetCount":1}
1574 warn cleanup         at checkBulkDeleteGuard (/Applications/WorkBuddy.app/Contents/Resources/app.asar.unpacked/cli/vendor/shim/genie-safe-delete.cjs:222:19)
1574 warn cleanup         at tryTrash (/Applications/WorkBuddy.app/Contents/Resources/app.asar.unpacked/cli/vendor/shim/genie-safe-delete.cjs:546:5)
1574 warn cleanup         at tryRm (/Applications/WorkBuddy.app/Contents/Resources/app.asar.unpacked/cli/vendor/shim/genie-safe-delete.cjs:722:5)
1574 warn cleanup         at wrappedPromisesRm (/Applications/WorkBuddy.app/Contents/Resources/app.asar.unpacked/cli/vendor/shim/genie-safe-delete.cjs:766:15)
1574 warn cleanup         at /Users/zhaoyirui/.workbuddy/binaries/node/versions/22.22.2/lib/node_modules/npm/node_modules/@npmcli/arborist/lib/arborist/reify.js:657:20
1574 warn cleanup         at Array.map (<anonymous>)
1574 warn cleanup         at [rollbackCreateSparseTree] (/Users/zhaoyirui/.workbuddy/binaries/node/versions/22.22.2/lib/node_modules/npm/node_modules/@npmcli/arborist/lib/arborist/reify.js:657:8)
1574 warn cleanup         at [reifyPackages] (/Users/zhaoyirui/.workbuddy/binaries/node/versions/22.22.2/lib/node_modules/npm/node_modules/@npmcli/arborist/lib/arborist/reify.js:340:31)
1574 warn cleanup         at async Arborist.reify (/Users/zhaoyirui/.workbuddy/binaries/node/versions/22.22.2/lib/node_modules/npm/node_modules/@npmcli/arborist/lib/arborist/reify.js:149:5)
1574 warn cleanup         at async Install.exec (/Users/zhaoyirui/.workbuddy/binaries/node/versions/22.22.2/lib/node_modules/npm/lib/commands/install.js:150:5)
1574 warn cleanup   ],
1574 warn cleanup   [
1574 warn cleanup     '/Users/zhaoyirui/WorkBuddy/2026-08-25-17-14-24/soft-ip-v4/frontend/node_modules/typescript',
1574 warn cleanup     Error: [safe-delete][SAFE_DELETE_BULK_CONFIRM_REQUIRED] {"count":181,"threshold":50,"scope":"turn","targets":["/Users/zhaoyirui/WorkBuddy/2026-08-25-17-14-24/soft-ip-v4/frontend/node_modules/typescript"],"targetCount":1}
1574 warn cleanup         at checkBulkDeleteGuard (/Applications/WorkBuddy.app/Contents/Resources/app.asar.unpacked/cli/vendor/shim/genie-safe-delete.cjs:222:19)
1574 warn cleanup         at tryTrash (/Applications/WorkBuddy.app/Contents/Resources/app.asar.unpacked/cli/vendor/shim/genie-safe-delete.cjs:546:5)
1574 warn cleanup         at tryRm (/Applications/WorkBuddy.app/Contents/Resources/app.asar.unpacked/cli/vendor/shim/genie-safe-delete.cjs:722:5)
1574 warn cleanup         at wrappedPromisesRm (/Applications/WorkBuddy.app/Contents/Resources/app.asar.unpacked/cli/vendor/shim/genie-safe-delete.cjs:766:15)
1574 warn cleanup         at /Users/zhaoyirui/.workbuddy/binaries/node/versions/22.22.2/lib/node_modules/npm/node_modules/@npmcli/arborist/lib/arborist/reify.js:657:20
1574 warn cleanup         at Array.map (<anonymous>)
1574 warn cleanup         at [rollbackCreateSparseTree] (/Users/zhaoyirui/.workbuddy/binaries/node/versions/22.22.2/lib/node_modules/npm/node_modules/@npmcli/arborist/lib/arborist/reify.js:657:8)
1574 warn cleanup         at [reifyPackages] (/Users/zhaoyirui/.workbuddy/binaries/node/versions/22.22.2/lib/node_modules/npm/node_modules/@npmcli/arborist/lib/arborist/reify.js:340:31)
1574 warn cleanup         at async Arborist.reify (/Users/zhaoyirui/.workbuddy/binaries/node/versions/22.22.2/lib/node_modules/npm/node_modules/@npmcli/arborist/lib/arborist/reify.js:149:5)
1574 warn cleanup         at async Install.exec (/Users/zhaoyirui/.workbuddy/binaries/node/versions/22.22.2/lib/node_modules/npm/lib/commands/install.js:150:5)
1574 warn cleanup   ],
1574 warn cleanup   [
1574 warn cleanup     '/Users/zhaoyirui/WorkBuddy/2026-08-25-17-14-24/soft-ip-v4/frontend/node_modules/postcss',
1574 warn cleanup     Error: [safe-delete][SAFE_DELETE_BULK_CONFIRM_REQUIRED] {"count":104,"threshold":50,"scope":"turn","targets":["/Users/zhaoyirui/WorkBuddy/2026-08-25-17-14-24/soft-ip-v4/frontend/node_modules/postcss"],"targetCount":1}
1574 warn cleanup         at checkBulkDeleteGuard (/Applications/WorkBuddy.app/Contents/Resources/app.asar.unpacked/cli/vendor/shim/genie-safe-delete.cjs:222:19)
1574 warn cleanup         at tryTrash (/Applications/WorkBuddy.app/Contents/Resources/app.asar.unpacked/cli/vendor/shim/genie-safe-delete.cjs:546:5)
1574 warn cleanup         at tryRm (/Applications/WorkBuddy.app/Contents/Resources/app.asar.unpacked/cli/vendor/shim/genie-safe-delete.cjs:722:5)
1574 warn cleanup         at wrappedPromisesRm (/Applications/WorkBuddy.app/Contents/Resources/app.asar.unpacked/cli/vendor/shim/genie-safe-delete.cjs:766:15)
1574 warn cleanup         at /Users/zhaoyirui/.workbuddy/binaries/node/versions/22.22.2/lib/node_modules/npm/node_modules/@npmcli/arborist/lib/arborist/reify.js:657:20
1574 warn cleanup         at Array.map (<anonymous>)
1574 warn cleanup         at [rollbackCreateSparseTree] (/Users/zhaoyirui/.workbuddy/binaries/node/versions/22.22.2/lib/node_modules/npm/node_modules/@npmcli/arborist/lib/arborist/reify.js:657:8)
1574 warn cleanup         at [reifyPackages] (/Users/zhaoyirui/.workbuddy/binaries/node/versions/22.22.2/lib/node_modules/npm/node_modules/@npmcli/arborist/lib/arborist/reify.js:340:31)
1574 warn cleanup         at async Arborist.reify (/Users/zhaoyirui/.workbuddy/binaries/node/versions/22.22.2/lib/node_modules/npm/node_modules/@npmcli/arborist/lib/arborist/reify.js:149:5)
1574 warn cleanup         at async Install.exec (/Users/zhaoyirui/.workbuddy/binaries/node/versions/22.22.2/lib/node_modules/npm/lib/commands/install.js:150:5)
1574 warn cleanup   ],
1574 warn cleanup   [
1574 warn cleanup     '/Users/zhaoyirui/WorkBuddy/2026-08-25-17-14-24/soft-ip-v4/frontend/node_modules/csstype',
1574 warn cleanup     Error: [safe-delete][SAFE_DELETE_BULK_CONFIRM_REQUIRED] {"count":54,"threshold":50,"scope":"turn","targets":["/Users/zhaoyirui/WorkBuddy/2026-08-25-17-14-24/soft-ip-v4/frontend/node_modules/csstype"],"targetCount":1}
1574 warn cleanup         at checkBulkDeleteGuard (/Applications/WorkBuddy.app/Contents/Resources/app.asar.unpacked/cli/vendor/shim/genie-safe-delete.cjs:222:19)
1574 warn cleanup         at tryTrash (/Applications/WorkBuddy.app/Contents/Resources/app.asar.unpacked/cli/vendor/shim/genie-safe-delete.cjs:546:5)
1574 warn cleanup         at tryRm (/Applications/WorkBuddy.app/Contents/Resources/app.asar.unpacked/cli/vendor/shim/genie-safe-delete.cjs:722:5)
1574 warn cleanup         at wrappedPromisesRm (/Applications/WorkBuddy.app/Contents/Resources/app.asar.unpacked/cli/vendor/shim/genie-safe-delete.cjs:766:15)
1574 warn cleanup         at /Users/zhaoyirui/.workbuddy/binaries/node/versions/22.22.2/lib/node_modules/npm/node_modules/@npmcli/arborist/lib/arborist/reify.js:657:20
1574 warn cleanup         at Array.map (<anonymous>)
1574 warn cleanup         at [rollbackCreateSparseTree] (/Users/zhaoyirui/.workbuddy/binaries/node/versions/22.22.2/lib/node_modules/npm/node_modules/@npmcli/arborist/lib/arborist/reify.js:657:8)
1574 warn cleanup         at [reifyPackages] (/Users/zhaoyirui/.workbuddy/binaries/node/versions/22.22.2/lib/node_modules/npm/node_modules/@npmcli/arborist/lib/arborist/reify.js:340:31)
1574 warn cleanup         at async Arborist.reify (/Users/zhaoyirui/.workbuddy/binaries/node/versions/22.22.2/lib/node_modules/npm/node_modules/@npmcli/arborist/lib/arborist/reify.js:149:5)
1574 warn cleanup         at async Install.exec (/Users/zhaoyirui/.workbuddy/binaries/node/versions/22.22.2/lib/node_modules/npm/lib/commands/install.js:150:5)
1574 warn cleanup   ],
1574 warn cleanup   [
1574 warn cleanup     '/Users/zhaoyirui/WorkBuddy/2026-08-25-17-14-24/soft-ip-v4/frontend/node_modules/react',
1574 warn cleanup     Error: [safe-delete][SAFE_DELETE_BULK_CONFIRM_REQUIRED] {"count":69,"threshold":50,"scope":"turn","targets":["/Users/zhaoyirui/WorkBuddy/2026-08-25-17-14-24/soft-ip-v4/frontend/node_modules/react"],"targetCount":1}
1574 warn cleanup         at checkBulkDeleteGuard (/Applications/WorkBuddy.app/Contents/Resources/app.asar.unpacked/cli/vendor/shim/genie-safe-delete.cjs:222:19)
1574 warn cleanup         at tryTrash (/Applications/WorkBuddy.app/Contents/Resources/app.asar.unpacked/cli/vendor/shim/genie-safe-delete.cjs:546:5)
1574 warn cleanup         at tryRm (/Applications/WorkBuddy.app/Contents/Resources/app.asar.unpacked/cli/vendor/shim/genie-safe-delete.cjs:722:5)
1574 warn cleanup         at wrappedPromisesRm (/Applications/WorkBuddy.app/Contents/Resources/app.asar.unpacked/cli/vendor/shim/genie-safe-delete.cjs:766:15)
1574 warn cleanup         at /Users/zhaoyirui/.workbuddy/binaries/node/versions/22.22.2/lib/node_modules/npm/node_modules/@npmcli/arborist/lib/arborist/reify.js:657:20
1574 warn cleanup         at Array.map (<anonymous>)
1574 warn cleanup         at [rollbackCreateSparseTree] (/Users/zhaoyirui/.workbuddy/binaries/node/versions/22.22.2/lib/node_modules/npm/node_modules/@npmcli/arborist/lib/arborist/reify.js:657:8)
1574 warn cleanup         at [reifyPackages] (/Users/zhaoyirui/.workbuddy/binaries/node/versions/22.22.2/lib/node_modules/npm/node_modules/@npmcli/arborist/lib/arborist/reify.js:340:31)
1574 warn cleanup         at async Arborist.reify (/Users/zhaoyirui/.workbuddy/binaries/node/versions/22.22.2/lib/node_modules/npm/node_modules/@npmcli/arborist/lib/arborist/reify.js:149:5)
1574 warn cleanup         at async Install.exec (/Users/zhaoyirui/.workbuddy/binaries/node/versions/22.22.2/lib/node_modules/npm/lib/commands/install.js:150:5)
1574 warn cleanup   ],
1574 warn cleanup   [
1574 warn cleanup     '/Users/zhaoyirui/WorkBuddy/2026-08-25-17-14-24/soft-ip-v4/frontend/node_modules/@types/babel__core',
1574 warn cleanup     Error: [safe-delete][SAFE_DELETE_BULK_CONFIRM_REQUIRED] {"count":53,"threshold":50,"scope":"turn","targets":["/Users/zhaoyirui/WorkBuddy/2026-08-25-17-14-24/soft-ip-v4/frontend/node_modules/@types/babel__core"],"targetCount":1}
1574 warn cleanup         at checkBulkDeleteGuard (/Applications/WorkBuddy.app/Contents/Resources/app.asar.unpacked/cli/vendor/shim/genie-safe-delete.cjs:222:19)
1574 warn cleanup         at tryTrash (/Applications/WorkBuddy.app/Contents/Resources/app.asar.unpacked/cli/vendor/shim/genie-safe-delete.cjs:546:5)
1574 warn cleanup         at tryRm (/Applications/WorkBuddy.app/Contents/Resources/app.asar.unpacked/cli/vendor/shim/genie-safe-delete.cjs:722:5)
1574 warn cleanup         at wrappedPromisesRm (/Applications/WorkBuddy.app/Contents/Resources/app.asar.unpacked/cli/vendor/shim/genie-safe-delete.cjs:766:15)
1574 warn cleanup         at /Users/zhaoyirui/.workbuddy/binaries/node/versions/22.22.2/lib/node_modules/npm/node_modules/@npmcli/arborist/lib/arborist/reify.js:657:20
1574 warn cleanup         at Array.map (<anonymous>)
1574 warn cleanup         at [rollbackCreateSparseTree] (/Users/zhaoyirui/.workbuddy/binaries/node/versions/22.22.2/lib/node_modules/npm/node_modules/@npmcli/arborist/lib/arborist/reify.js:657:8)
1574 warn cleanup         at [reifyPackages] (/Users/zhaoyirui/.workbuddy/binaries/node/versions/22.22.2/lib/node_modules/npm/node_modules/@npmcli/arborist/lib/arborist/reify.js:340:31)
1574 warn cleanup         at async Arborist.reify (/Users/zhaoyirui/.workbuddy/binaries/node/versions/22.22.2/lib/node_modules/npm/node_modules/@npmcli/arborist/lib/arborist/reify.js:149:5)
1574 warn cleanup         at async Install.exec (/Users/zhaoyirui/.workbuddy/binaries/node/versions/22.22.2/lib/node_modules/npm/lib/commands/install.js:150:5)
1574 warn cleanup   ],
1574 warn cleanup   [
1574 warn cleanup     '/Users/zhaoyirui/WorkBuddy/2026-08-25-17-14-24/soft-ip-v4/frontend/node_modules/@vitejs',
1574 warn cleanup     Error: [safe-delete][SAFE_DELETE_BULK_CONFIRM_REQUIRED] {"count":57,"threshold":50,"scope":"turn","targets":["/Users/zhaoyirui/WorkBuddy/2026-08-25-17-14-24/soft-ip-v4/frontend/node_modules/@vitejs"],"targetCount":1}
1574 warn cleanup         at checkBulkDeleteGuard (/Applications/WorkBuddy.app/Contents/Resources/app.asar.unpacked/cli/vendor/shim/genie-safe-delete.cjs:222:19)
1574 warn cleanup         at tryTrash (/Applications/WorkBuddy.app/Contents/Resources/app.asar.unpacked/cli/vendor/shim/genie-safe-delete.cjs:546:5)
1574 warn cleanup         at tryRm (/Applications/WorkBuddy.app/Contents/Resources/app.asar.unpacked/cli/vendor/shim/genie-safe-delete.cjs:722:5)
1574 warn cleanup         at wrappedPromisesRm (/Applications/WorkBuddy.app/Contents/Resources/app.asar.unpacked/cli/vendor/shim/genie-safe-delete.cjs:766:15)
1574 warn cleanup         at /Users/zhaoyirui/.workbuddy/binaries/node/versions/22.22.2/lib/node_modules/npm/node_modules/@npmcli/arborist/lib/arborist/reify.js:657:20
1574 warn cleanup         at Array.map (<anonymous>)
1574 warn cleanup         at [rollbackCreateSparseTree] (/Users/zhaoyirui/.workbuddy/binaries/node/versions/22.22.2/lib/node_modules/npm/node_modules/@npmcli/arborist/lib/arborist/reify.js:657:8)
1574 warn cleanup         at [reifyPackages] (/Users/zhaoyirui/.workbuddy/binaries/node/versions/22.22.2/lib/node_modules/npm/node_modules/@npmcli/arborist/lib/arborist/reify.js:340:31)
1574 warn cleanup         at async Arborist.reify (/Users/zhaoyirui/.workbuddy/binaries/node/versions/22.22.2/lib/node_modules/npm/node_modules/@npmcli/arborist/lib/arborist/reify.js:149:5)
1574 warn cleanup         at async Install.exec (/Users/zhaoyirui/.workbuddy/binaries/node/versions/22.22.2/lib/node_modules/npm/lib/commands/install.js:150:5)
1574 warn cleanup   ],
1574 warn cleanup   [
1574 warn cleanup     '/Users/zhaoyirui/WorkBuddy/2026-08-25-17-14-24/soft-ip-v4/frontend/node_modules/react-refresh',
1574 warn cleanup     Error: [safe-delete][SAFE_DELETE_BULK_CONFIRM_REQUIRED] {"count":58,"threshold":50,"scope":"turn","targets":["/Users/zhaoyirui/WorkBuddy/2026-08-25-17-14-24/soft-ip-v4/frontend/node_modules/react-refresh"],"targetCount":1}
1574 warn cleanup         at checkBulkDeleteGuard (/Applications/WorkBuddy.app/Contents/Resources/app.asar.unpacked/cli/vendor/shim/genie-safe-delete.cjs:222:19)
1574 warn cleanup         at tryTrash (/Applications/WorkBuddy.app/Contents/Resources/app.asar.unpacked/cli/vendor/shim/genie-safe-delete.cjs:546:5)
1574 warn cleanup         at tryRm (/Applications/WorkBuddy.app/Contents/Resources/app.asar.unpacked/cli/vendor/shim/genie-safe-delete.cjs:722:5)
1574 warn cleanup         at wrappedPromisesRm (/Applications/WorkBuddy.app/Contents/Resources/app.asar.unpacked/cli/vendor/shim/genie-safe-delete.cjs:766:15)
1574 warn cleanup         at /Users/zhaoyirui/.workbuddy/binaries/node/versions/22.22.2/lib/node_modules/npm/node_modules/@npmcli/arborist/lib/arborist/reify.js:657:20
1574 warn cleanup         at Array.map (<anonymous>)
1574 warn cleanup         at [rollbackCreateSparseTree] (/Users/zhaoyirui/.workbuddy/binaries/node/versions/22.22.2/lib/node_modules/npm/node_modules/@npmcli/arborist/lib/arborist/reify.js:657:8)
1574 warn cleanup         at [reifyPackages] (/Users/zhaoyirui/.workbuddy/binaries/node/versions/22.22.2/lib/node_modules/npm/node_modules/@npmcli/arborist/lib/arborist/reify.js:340:31)
1574 warn cleanup         at async Arborist.reify (/Users/zhaoyirui/.workbuddy/binaries/node/versions/22.22.2/lib/node_modules/npm/node_modules/@npmcli/arborist/lib/arborist/reify.js:149:5)
1574 warn cleanup         at async Install.exec (/Users/zhaoyirui/.workbuddy/binaries/node/versions/22.22.2/lib/node_modules/npm/lib/commands/install.js:150:5)
1574 warn cleanup   ],
1574 warn cleanup   [
1574 warn cleanup     '/Users/zhaoyirui/WorkBuddy/2026-08-25-17-14-24/soft-ip-v4/frontend/node_modules/@babel/generator',
1574 warn cleanup     Error: [safe-delete][SAFE_DELETE_BULK_CONFIRM_REQUIRED] {"count":94,"threshold":50,"scope":"turn","targets":["/Users/zhaoyirui/WorkBuddy/2026-08-25-17-14-24/soft-ip-v4/frontend/node_modules/@babel/generator"],"targetCount":1}
1574 warn cleanup         at checkBulkDeleteGuard (/Applications/WorkBuddy.app/Contents/Resources/app.asar.unpacked/cli/vendor/shim/genie-safe-delete.cjs:222:19)
1574 warn cleanup         at tryTrash (/Applications/WorkBuddy.app/Contents/Resources/app.asar.unpacked/cli/vendor/shim/genie-safe-delete.cjs:546:5)
1574 warn cleanup         at tryRm (/Applications/WorkBuddy.app/Contents/Resources/app.asar.unpacked/cli/vendor/shim/genie-safe-delete.cjs:722:5)
1574 warn cleanup         at wrappedPromisesRm (/Applications/WorkBuddy.app/Contents/Resources/app.asar.unpacked/cli/vendor/shim/genie-safe-delete.cjs:766:15)
1574 warn cleanup         at /Users/zhaoyirui/.workbuddy/binaries/node/versions/22.22.2/lib/node_modules/npm/node_modules/@npmcli/arborist/lib/arborist/reify.js:657:20
1574 warn cleanup         at Array.map (<anonymous>)
1574 warn cleanup         at [rollbackCreateSparseTree] (/Users/zhaoyirui/.workbuddy/binaries/node/versions/22.22.2/lib/node_modules/npm/node_modules/@npmcli/arborist/lib/arborist/reify.js:657:8)
1574 warn cleanup         at [reifyPackages] (/Users/zhaoyirui/.workbuddy/binaries/node/versions/22.22.2/lib/node_modules/npm/node_modules/@npmcli/arborist/lib/arborist/reify.js:340:31)
1574 warn cleanup         at async Arborist.reify (/Users/zhaoyirui/.workbuddy/binaries/node/versions/22.22.2/lib/node_modules/npm/node_modules/@npmcli/arborist/lib/arborist/reify.js:149:5)
1574 warn cleanup         at async Install.exec (/Users/zhaoyirui/.workbuddy/binaries/node/versions/22.22.2/lib/node_modules/npm/lib/commands/install.js:150:5)
1574 warn cleanup   ],
1574 warn cleanup   [
1574 warn cleanup     '/Users/zhaoyirui/WorkBuddy/2026-08-25-17-14-24/soft-ip-v4/frontend/node_modules/@babel/helper-compilation-targets',
1574 warn cleanup     Error: [safe-delete][SAFE_DELETE_BULK_CONFIRM_REQUIRED] {"count":66,"threshold":50,"scope":"turn","targets":["/Users/zhaoyirui/WorkBuddy/2026-08-25-17-14-24/soft-ip-v4/frontend/node_modules/@babel/helper-compilation-targets"],"targetCount":1}
1574 warn cleanup         at checkBulkDeleteGuard (/Applications/WorkBuddy.app/Contents/Resources/app.asar.unpacked/cli/vendor/shim/genie-safe-delete.cjs:222:19)
1574 warn cleanup         at tryTrash (/Applications/WorkBuddy.app/Contents/Resources/app.asar.unpacked/cli/vendor/shim/genie-safe-delete.cjs:546:5)
1574 warn cleanup         at tryRm (/Applications/WorkBuddy.app/Contents/Resources/app.asar.unpacked/cli/vendor/shim/genie-safe-delete.cjs:722:5)
1574 warn cleanup         at wrappedPromisesRm (/Applications/WorkBuddy.app/Contents/Resources/app.asar.unpacked/cli/vendor/shim/genie-safe-delete.cjs:766:15)
1574 warn cleanup         at /Users/zhaoyirui/.workbuddy/binaries/node/versions/22.22.2/lib/node_modules/npm/node_modules/@npmcli/arborist/lib/arborist/reify.js:657:20
1574 warn cleanup         at Array.map (<anonymous>)
1574 warn cleanup         at [rollbackCreateSparseTree] (/Users/zhaoyirui/.workbuddy/binaries/node/versions/22.22.2/lib/node_modules/npm/node_modules/@npmcli/arborist/lib/arborist/reify.js:657:8)
1574 warn cleanup         at [reifyPackages] (/Users/zhaoyirui/.workbuddy/binaries/node/versions/22.22.2/lib/node_modules/npm/node_modules/@npmcli/arborist/lib/arborist/reify.js:340:31)
1574 warn cleanup         at async Arborist.reify (/Users/zhaoyirui/.workbuddy/binaries/node/versions/22.22.2/lib/node_modules/npm/node_modules/@npmcli/arborist/lib/arborist/reify.js:149:5)
1574 warn cleanup         at async Install.exec (/Users/zhaoyirui/.workbuddy/binaries/node/versions/22.22.2/lib/node_modules/npm/lib/commands/install.js:150:5)
1574 warn cleanup   ],
1574 warn cleanup   [
1574 warn cleanup     '/Users/zhaoyirui/WorkBuddy/2026-08-25-17-14-24/soft-ip-v4/frontend/node_modules/@babel/helper-module-transforms',
1574 warn cleanup     Error: [safe-delete][SAFE_DELETE_BULK_CONFIRM_REQUIRED] {"count":66,"threshold":50,"scope":"turn","targets":["/Users/zhaoyirui/WorkBuddy/2026-08-25-17-14-24/soft-ip-v4/frontend/node_modules/@babel/helper-module-transforms"],"targetCount":1}
1574 warn cleanup         at checkBulkDeleteGuard (/Applications/WorkBuddy.app/Contents/Resources/app.asar.unpacked/cli/vendor/shim/genie-safe-delete.cjs:222:19)
1574 warn cleanup         at tryTrash (/Applications/WorkBuddy.app/Contents/Resources/app.asar.unpacked/cli/vendor/shim/genie-safe-delete.cjs:546:5)
1574 warn cleanup         at tryRm (/Applications/WorkBuddy.app/Contents/Resources/app.asar.unpacked/cli/vendor/shim/genie-safe-delete.cjs:722:5)
1574 warn cleanup         at wrappedPromisesRm (/Applications/WorkBuddy.app/Contents/Resources/app.asar.unpacked/cli/vendor/shim/genie-safe-delete.cjs:766:15)
1574 warn cleanup         at /Users/zhaoyirui/.workbuddy/binaries/node/versions/22.22.2/lib/node_modules/npm/node_modules/@npmcli/arborist/lib/arborist/reify.js:657:20
1574 warn cleanup         at Array.map (<anonymous>)
1574 warn cleanup         at [rollbackCreateSparseTree] (/Users/zhaoyirui/.workbuddy/binaries/node/versions/22.22.2/lib/node_modules/npm/node_modules/@npmcli/arborist/lib/arborist/reify.js:657:8)
1574 warn cleanup         at [reifyPackages] (/Users/zhaoyirui/.workbuddy/binaries/node/versions/22.22.2/lib/node_modules/npm/node_modules/@npmcli/arborist/lib/arborist/reify.js:340:31)
1574 warn cleanup         at async Arborist.reify (/Users/zhaoyirui/.workbuddy/binaries/node/versions/22.22.2/lib/node_modules/npm/node_modules/@npmcli/arborist/lib/arborist/reify.js:149:5)
1574 warn cleanup         at async Install.exec (/Users/zhaoyirui/.workbuddy/binaries/node/versions/22.22.2/lib/node_modules/npm/lib/commands/install.js:150:5)
1574 warn cleanup   ],
1574 warn cleanup   [
1574 warn cleanup     '/Users/zhaoyirui/WorkBuddy/2026-08-25-17-14-24/soft-ip-v4/frontend/node_modules/@babel/helpers',
1574 warn cleanup     Error: [safe-delete][SAFE_DELETE_BULK_CONFIRM_REQUIRED] {"count":300,"threshold":50,"scope":"turn","targets":["/Users/zhaoyirui/WorkBuddy/2026-08-25-17-14-24/soft-ip-v4/frontend/node_modules/@babel/helpers"],"targetCount":1}
1574 warn cleanup         at checkBulkDeleteGuard (/Applications/WorkBuddy.app/Contents/Resources/app.asar.unpacked/cli/vendor/shim/genie-safe-delete.cjs:222:19)
1574 warn cleanup         at tryTrash (/Applications/WorkBuddy.app/Contents/Resources/app.asar.unpacked/cli/vendor/shim/genie-safe-delete.cjs:546:5)
1574 warn cleanup         at tryRm (/Applications/WorkBuddy.app/Contents/Resources/app.asar.unpacked/cli/vendor/shim/genie-safe-delete.cjs:722:5)
1574 warn cleanup         at wrappedPromisesRm (/Applications/WorkBuddy.app/Contents/Resources/app.asar.unpacked/cli/vendor/shim/genie-safe-delete.cjs:766:15)
1574 warn cleanup         at /Users/zhaoyirui/.workbuddy/binaries/node/versions/22.22.2/lib/node_modules/npm/node_modules/@npmcli/arborist/lib/arborist/reify.js:657:20
1574 warn cleanup         at Array.map (<anonymous>)
1574 warn cleanup         at [rollbackCreateSparseTree] (/Users/zhaoyirui/.workbuddy/binaries/node/versions/22.22.2/lib/node_modules/npm/node_modules/@npmcli/arborist/lib/arborist/reify.js:657:8)
1574 warn cleanup         at [reifyPackages] (/Users/zhaoyirui/.workbuddy/binaries/node/versions/22.22.2/lib/node_modules/npm/node_modules/@npmcli/arborist/lib/arborist/reify.js:340:31)
1574 warn cleanup         at async Arborist.reify (/Users/zhaoyirui/.workbuddy/binaries/node/versions/22.22.2/lib/node_modules/npm/node_modules/@npmcli/arborist/lib/arborist/reify.js:149:5)
1574 warn cleanup         at async Install.exec (/Users/zhaoyirui/.workbuddy/binaries/node/versions/22.22.2/lib/node_modules/npm/lib/commands/install.js:150:5)
1574 warn cleanup   ],
1574 warn cleanup   [
1574 warn cleanup     '/Users/zhaoyirui/WorkBuddy/2026-08-25-17-14-24/soft-ip-v4/frontend/node_modules/@babel/code-frame',
1574 warn cleanup     Error: [safe-delete][SAFE_DELETE_BULK_CONFIRM_REQUIRED] {"count":54,"threshold":50,"scope":"turn","targets":["/Users/zhaoyirui/WorkBuddy/2026-08-25-17-14-24/soft-ip-v4/frontend/node_modules/@babel/code-frame"],"targetCount":1}
1574 warn cleanup         at checkBulkDeleteGuard (/Applications/WorkBuddy.app/Contents/Resources/app.asar.unpacked/cli/vendor/shim/genie-safe-delete.cjs:222:19)
1574 warn cleanup         at tryTrash (/Applications/WorkBuddy.app/Contents/Resources/app.asar.unpacked/cli/vendor/shim/genie-safe-delete.cjs:546:5)
1574 warn cleanup         at tryRm (/Applications/WorkBuddy.app/Contents/Resources/app.asar.unpacked/cli/vendor/shim/genie-safe-delete.cjs:722:5)
1574 warn cleanup         at wrappedPromisesRm (/Applications/WorkBuddy.app/Contents/Resources/app.asar.unpacked/cli/vendor/shim/genie-safe-delete.cjs:766:15)
1574 warn cleanup         at /Users/zhaoyirui/.workbuddy/binaries/node/versions/22.22.2/lib/node_modules/npm/node_modules/@npmcli/arborist/lib/arborist/reify.js:657:20
1574 warn cleanup         at Array.map (<anonymous>)
1574 warn cleanup         at [rollbackCreateSparseTree] (/Users/zhaoyirui/.workbuddy/binaries/node/versions/22.22.2/lib/node_modules/npm/node_modules/@npmcli/arborist/lib/arborist/reify.js:657:8)
1574 warn cleanup         at [reifyPackages] (/Users/zhaoyirui/.workbuddy/binaries/node/versions/22.22.2/lib/node_modules/npm/node_modules/@npmcli/arborist/lib/arborist/reify.js:340:31)
1574 warn cleanup         at async Arborist.reify (/Users/zhaoyirui/.workbuddy/binaries/node/versions/22.22.2/lib/node_modules/npm/node_modules/@npmcli/arborist/lib/arborist/reify.js:149:5)
1574 warn cleanup         at async Install.exec (/Users/zhaoyirui/.workbuddy/binaries/node/versions/22.22.2/lib/node_modules/npm/lib/commands/install.js:150:5)
1574 warn cleanup   ],
1574 warn cleanup   [
1574 warn cleanup     '/Users/zhaoyirui/WorkBuddy/2026-08-25-17-14-24/soft-ip-v4/frontend/node_modules/@babel/parser',
1574 warn cleanup     Error: [safe-delete][SAFE_DELETE_BULK_CONFIRM_REQUIRED] {"count":57,"threshold":50,"scope":"turn","targets":["/Users/zhaoyirui/WorkBuddy/2026-08-25-17-14-24/soft-ip-v4/frontend/node_modules/@babel/parser"],"targetCount":1}
1574 warn cleanup         at checkBulkDeleteGuard (/Applications/WorkBuddy.app/Contents/Resources/app.asar.unpacked/cli/vendor/shim/genie-safe-delete.cjs:222:19)
1574 warn cleanup         at tryTrash (/Applications/WorkBuddy.app/Contents/Resources/app.asar.unpacked/cli/vendor/shim/genie-safe-delete.cjs:546:5)
1574 warn cleanup         at tryRm (/Applications/WorkBuddy.app/Contents/Resources/app.asar.unpacked/cli/vendor/shim/genie-safe-delete.cjs:722:5)
1574 warn cleanup         at wrappedPromisesRm (/Applications/WorkBuddy.app/Contents/Resources/app.asar.unpacked/cli/vendor/shim/genie-safe-delete.cjs:766:15)
1574 warn cleanup         at /Users/zhaoyirui/.workbuddy/binaries/node/versions/22.22.2/lib/node_modules/npm/node_modules/@npmcli/arborist/lib/arborist/reify.js:657:20
1574 warn cleanup         at Array.map (<anonymous>)
1574 warn cleanup         at [rollbackCreateSparseTree] (/Users/zhaoyirui/.workbuddy/binaries/node/versions/22.22.2/lib/node_modules/npm/node_modules/@npmcli/arborist/lib/arborist/reify.js:657:8)
1574 warn cleanup         at [reifyPackages] (/Users/zhaoyirui/.workbuddy/binaries/node/versions/22.22.2/lib/node_modules/npm/node_modules/@npmcli/arborist/lib/arborist/reify.js:340:31)
1574 warn cleanup         at async Arborist.reify (/Users/zhaoyirui/.workbuddy/binaries/node/versions/22.22.2/lib/node_modules/npm/node_modules/@npmcli/arborist/lib/arborist/reify.js:149:5)
1574 warn cleanup         at async Install.exec (/Users/zhaoyirui/.workbuddy/binaries/node/versions/22.22.2/lib/node_modules/npm/lib/commands/install.js:150:5)
1574 warn cleanup   ],
1574 warn cleanup   [
1574 warn cleanup     '/Users/zhaoyirui/WorkBuddy/2026-08-25-17-14-24/soft-ip-v4/frontend/node_modules/@babel/traverse',
1574 warn cleanup     Error: [safe-delete][SAFE_DELETE_BULK_CONFIRM_REQUIRED] {"count":113,"threshold":50,"scope":"turn","targets":["/Users/zhaoyirui/WorkBuddy/2026-08-25-17-14-24/soft-ip-v4/frontend/node_modules/@babel/traverse"],"targetCount":1}
1574 warn cleanup         at checkBulkDeleteGuard (/Applications/WorkBuddy.app/Contents/Resources/app.asar.unpacked/cli/vendor/shim/genie-safe-delete.cjs:222:19)
1574 warn cleanup         at tryTrash (/Applications/WorkBuddy.app/Contents/Resources/app.asar.unpacked/cli/vendor/shim/genie-safe-delete.cjs:546:5)
1574 warn cleanup         at tryRm (/Applications/WorkBuddy.app/Contents/Resources/app.asar.unpacked/cli/vendor/shim/genie-safe-delete.cjs:722:5)
1574 warn cleanup         at wrappedPromisesRm (/Applications/WorkBuddy.app/Contents/Resources/app.asar.unpacked/cli/vendor/shim/genie-safe-delete.cjs:766:15)
1574 warn cleanup         at /Users/zhaoyirui/.workbuddy/binaries/node/versions/22.22.2/lib/node_modules/npm/node_modules/@npmcli/arborist/lib/arborist/reify.js:657:20
1574 warn cleanup         at Array.map (<anonymous>)
1574 warn cleanup         at [rollbackCreateSparseTree] (/Users/zhaoyirui/.workbuddy/binaries/node/versions/22.22.2/lib/node_modules/npm/node_modules/@npmcli/arborist/lib/arborist/reify.js:657:8)
1574 warn cleanup         at [reifyPackages] (/Users/zhaoyirui/.workbuddy/binaries/node/versions/22.22.2/lib/node_modules/npm/node_modules/@npmcli/arborist/lib/arborist/reify.js:340:31)
1574 warn cleanup         at async Arborist.reify (/Users/zhaoyirui/.workbuddy/binaries/node/versions/22.22.2/lib/node_modules/npm/node_modules/@npmcli/arborist/lib/arborist/reify.js:149:5)
1574 warn cleanup         at async Install.exec (/Users/zhaoyirui/.workbuddy/binaries/node/versions/22.22.2/lib/node_modules/npm/lib/commands/install.js:150:5)
1574 warn cleanup   ],
1574 warn cleanup   [
1574 warn cleanup     '/Users/zhaoyirui/WorkBuddy/2026-08-25-17-14-24/soft-ip-v4/frontend/node_modules/@babel/template',
1574 warn cleanup     Error: [safe-delete][SAFE_DELETE_BULK_CONFIRM_REQUIRED] {"count":68,"threshold":50,"scope":"turn","targets":["/Users/zhaoyirui/WorkBuddy/2026-08-25-17-14-24/soft-ip-v4/frontend/node_modules/@babel/template"],"targetCount":1}
1574 warn cleanup         at checkBulkDeleteGuard (/Applications/WorkBuddy.app/Contents/Resources/app.asar.unpacked/cli/vendor/shim/genie-safe-delete.cjs:222:19)
1574 warn cleanup         at tryTrash (/Applications/WorkBuddy.app/Contents/Resources/app.asar.unpacked/cli/vendor/shim/genie-safe-delete.cjs:546:5)
1574 warn cleanup         at tryRm (/Applications/WorkBuddy.app/Contents/Resources/app.asar.unpacked/cli/vendor/shim/genie-safe-delete.cjs:722:5)
1574 warn cleanup         at wrappedPromisesRm (/Applications/WorkBuddy.app/Contents/Resources/app.asar.unpacked/cli/vendor/shim/genie-safe-delete.cjs:766:15)
1574 warn cleanup         at /Users/zhaoyirui/.workbuddy/binaries/node/versions/22.22.2/lib/node_modules/npm/node_modules/@npmcli/arborist/lib/arborist/reify.js:657:20
1574 warn cleanup         at Array.map (<anonymous>)
1574 warn cleanup         at [rollbackCreateSparseTree] (/Users/zhaoyirui/.workbuddy/binaries/node/versions/22.22.2/lib/node_modules/npm/node_modules/@npmcli/arborist/lib/arborist/reify.js:657:8)
1574 warn cleanup         at [reifyPackages] (/Users/zhaoyirui/.workbuddy/binaries/node/versions/22.22.2/lib/node_modules/npm/node_modules/@npmcli/arborist/lib/arborist/reify.js:340:31)
1574 warn cleanup         at async Arborist.reify (/Users/zhaoyirui/.workbuddy/binaries/node/versions/22.22.2/lib/node_modules/npm/node_modules/@npmcli/arborist/lib/arborist/reify.js:149:5)
1574 warn cleanup         at async Install.exec (/Users/zhaoyirui/.workbuddy/binaries/node/versions/22.22.2/lib/node_modules/npm/lib/commands/install.js:150:5)
1574 warn cleanup   ],
1574 warn cleanup   [
1574 warn cleanup     '/Users/zhaoyirui/WorkBuddy/2026-08-25-17-14-24/soft-ip-v4/frontend/node_modules/@rolldown',
1574 warn cleanup     Error: [safe-delete][SAFE_DELETE_BULK_CONFIRM_REQUIRED] {"count":55,"threshold":50,"scope":"turn","targets":["/Users/zhaoyirui/WorkBuddy/2026-08-25-17-14-24/soft-ip-v4/frontend/node_modules/@rolldown"],"targetCount":1}
1574 warn cleanup         at checkBulkDeleteGuard (/Applications/WorkBuddy.app/Contents/Resources/app.asar.unpacked/cli/vendor/shim/genie-safe-delete.cjs:222:19)
1574 warn cleanup         at tryTrash (/Applications/WorkBuddy.app/Contents/Resources/app.asar.unpacked/cli/vendor/shim/genie-safe-delete.cjs:546:5)
1574 warn cleanup         at tryRm (/Applications/WorkBuddy.app/Contents/Resources/app.asar.unpacked/cli/vendor/shim/genie-safe-delete.cjs:722:5)
1574 warn cleanup         at wrappedPromisesRm (/Applications/WorkBuddy.app/Contents/Resources/app.asar.unpacked/cli/vendor/shim/genie-safe-delete.cjs:766:15)
1574 warn cleanup         at /Users/zhaoyirui/.workbuddy/binaries/node/versions/22.22.2/lib/node_modules/npm/node_modules/@npmcli/arborist/lib/arborist/reify.js:657:20
1574 warn cleanup         at Array.map (<anonymous>)
1574 warn cleanup         at [rollbackCreateSparseTree] (/Users/zhaoyirui/.workbuddy/binaries/node/versions/22.22.2/lib/node_modules/npm/node_modules/@npmcli/arborist/lib/arborist/reify.js:657:8)
1574 warn cleanup         at [reifyPackages] (/Users/zhaoyirui/.workbuddy/binaries/node/versions/22.22.2/lib/node_modules/npm/node_modules/@npmcli/arborist/lib/arborist/reify.js:340:31)
1574 warn cleanup         at async Arborist.reify (/Users/zhaoyirui/.workbuddy/binaries/node/versions/22.22.2/lib/node_modules/npm/node_modules/@npmcli/arborist/lib/arborist/reify.js:149:5)
1574 warn cleanup         at async Install.exec (/Users/zhaoyirui/.workbuddy/binaries/node/versions/22.22.2/lib/node_modules/npm/lib/commands/install.js:150:5)
1574 warn cleanup   ],
1574 warn cleanup   [
1574 warn cleanup     '/Users/zhaoyirui/WorkBuddy/2026-08-25-17-14-24/soft-ip-v4/frontend/node_modules/convert-source-map',
1574 warn cleanup     Error: [safe-delete][SAFE_DELETE_BULK_CONFIRM_REQUIRED] {"count":53,"threshold":50,"scope":"turn","targets":["/Users/zhaoyirui/WorkBuddy/2026-08-25-17-14-24/soft-ip-v4/frontend/node_modules/convert-source-map"],"targetCount":1}
1574 warn cleanup         at checkBulkDeleteGuard (/Applications/WorkBuddy.app/Contents/Resources/app.asar.unpacked/cli/vendor/shim/genie-safe-delete.cjs:222:19)
1574 warn cleanup         at tryTrash (/Applications/WorkBuddy.app/Contents/Resources/app.asar.unpacked/cli/vendor/shim/genie-safe-delete.cjs:546:5)
1574 warn cleanup         at tryRm (/Applications/WorkBuddy.app/Contents/Resources/app.asar.unpacked/cli/vendor/shim/genie-safe-delete.cjs:722:5)
1574 warn cleanup         at wrappedPromisesRm (/Applications/WorkBuddy.app/Contents/Resources/app.asar.unpacked/cli/vendor/shim/genie-safe-delete.cjs:766:15)
1574 warn cleanup         at /Users/zhaoyirui/.workbuddy/binaries/node/versions/22.22.2/lib/node_modules/npm/node_modules/@npmcli/arborist/lib/arborist/reify.js:657:20
1574 warn cleanup         at Array.map (<anonymous>)
1574 warn cleanup         at [rollbackCreateSparseTree] (/Users/zhaoyirui/.workbuddy/binaries/node/versions/22.22.2/lib/node_modules/npm/node_modules/@npmcli/arborist/lib/arborist/reify.js:657:8)
1574 warn cleanup         at [reifyPackages] (/Users/zhaoyirui/.workbuddy/binaries/node/versions/22.22.2/lib/node_modules/npm/node_modules/@npmcli/arborist/lib/arborist/reify.js:340:31)
1574 warn cleanup         at async Arborist.reify (/Users/zhaoyirui/.workbuddy/binaries/node/versions/22.22.2/lib/node_modules/npm/node_modules/@npmcli/arborist/lib/arborist/reify.js:149:5)
1574 warn cleanup         at async Install.exec (/Users/zhaoyirui/.workbuddy/binaries/node/versions/22.22.2/lib/node_modules/npm/lib/commands/install.js:150:5)
1574 warn cleanup   ],
1574 warn cleanup   [
1574 warn cleanup     '/Users/zhaoyirui/WorkBuddy/2026-08-25-17-14-24/soft-ip-v4/frontend/node_modules/@babel/types',
1574 warn cleanup     Error: [safe-delete][SAFE_DELETE_BULK_CONFIRM_REQUIRED] {"count":227,"threshold":50,"scope":"turn","targets":["/Users/zhaoyirui/WorkBuddy/2026-08-25-17-14-24/soft-ip-v4/frontend/node_modules/@babel/types"],"targetCount":1}
1574 warn cleanup         at checkBulkDeleteGuard (/Applications/WorkBuddy.app/Contents/Resources/app.asar.unpacked/cli/vendor/shim/genie-safe-delete.cjs:222:19)
1574 warn cleanup         at tryTrash (/Applications/WorkBuddy.app/Contents/Resources/app.asar.unpacked/cli/vendor/shim/genie-safe-delete.cjs:546:5)
1574 warn cleanup         at tryRm (/Applications/WorkBuddy.app/Contents/Resources/app.asar.unpacked/cli/vendor/shim/genie-safe-delete.cjs:722:5)
1574 warn cleanup         at wrappedPromisesRm (/Applications/WorkBuddy.app/Contents/Resources/app.asar.unpacked/cli/vendor/shim/genie-safe-delete.cjs:766:15)
1574 warn cleanup         at /Users/zhaoyirui/.workbuddy/binaries/node/versions/22.22.2/lib/node_modules/npm/node_modules/@npmcli/arborist/lib/arborist/reify.js:657:20
1574 warn cleanup         at Array.map (<anonymous>)
1574 warn cleanup         at [rollbackCreateSparseTree] (/Users/zhaoyirui/.workbuddy/binaries/node/versions/22.22.2/lib/node_modules/npm/node_modules/@npmcli/arborist/lib/arborist/reify.js:657:8)
1574 warn cleanup         at [reifyPackages] (/Users/zhaoyirui/.workbuddy/binaries/node/versions/22.22.2/lib/node_modules/npm/node_modules/@npmcli/arborist/lib/arborist/reify.js:340:31)
1574 warn cleanup         at async Arborist.reify (/Users/zhaoyirui/.workbuddy/binaries/node/versions/22.22.2/lib/node_modules/npm/node_modules/@npmcli/arborist/lib/arborist/reify.js:149:5)
1574 warn cleanup         at async Install.exec (/Users/zhaoyirui/.workbuddy/binaries/node/versions/22.22.2/lib/node_modules/npm/lib/commands/install.js:150:5)
1574 warn cleanup   ],
1574 warn cleanup   [
1574 warn cleanup     '/Users/zhaoyirui/WorkBuddy/2026-08-25-17-14-24/soft-ip-v4/frontend/node_modules/gensync',
1574 warn cleanup     Error: [safe-delete][SAFE_DELETE_BULK_CONFIRM_REQUIRED] {"count":56,"threshold":50,"scope":"turn","targets":["/Users/zhaoyirui/WorkBuddy/2026-08-25-17-14-24/soft-ip-v4/frontend/node_modules/gensync"],"targetCount":1}
1574 warn cleanup         at checkBulkDeleteGuard (/Applications/WorkBuddy.app/Contents/Resources/app.asar.unpacked/cli/vendor/shim/genie-safe-delete.cjs:222:19)
1574 warn cleanup         at tryTrash (/Applications/WorkBuddy.app/Contents/Resources/app.asar.unpacked/cli/vendor/shim/genie-safe-delete.cjs:546:5)
1574 warn cleanup         at tryRm (/Applications/WorkBuddy.app/Contents/Resources/app.asar.unpacked/cli/vendor/shim/genie-safe-delete.cjs:722:5)
1574 warn cleanup         at wrappedPromisesRm (/Applications/WorkBuddy.app/Contents/Resources/app.asar.unpacked/cli/vendor/shim/genie-safe-delete.cjs:766:15)
1574 warn cleanup         at /Users/zhaoyirui/.workbuddy/binaries/node/versions/22.22.2/lib/node_modules/npm/node_modules/@npmcli/arborist/lib/arborist/reify.js:657:20
1574 warn cleanup         at Array.map (<anonymous>)
1574 warn cleanup         at [rollbackCreateSparseTree] (/Users/zhaoyirui/.workbuddy/binaries/node/versions/22.22.2/lib/node_modules/npm/node_modules/@npmcli/arborist/lib/arborist/reify.js:657:8)
1574 warn cleanup         at [reifyPackages] (/Users/zhaoyirui/.workbuddy/binaries/node/versions/22.22.2/lib/node_modules/npm/node_modules/@npmcli/arborist/lib/arborist/reify.js:340:31)
1574 warn cleanup         at async Arborist.reify (/Users/zhaoyirui/.workbuddy/binaries/node/versions/22.22.2/lib/node_modules/npm/node_modules/@npmcli/arborist/lib/arborist/reify.js:149:5)
1574 warn cleanup         at async Install.exec (/Users/zhaoyirui/.workbuddy/binaries/node/versions/22.22.2/lib/node_modules/npm/lib/commands/install.js:150:5)
1574 warn cleanup   ],
1574 warn cleanup   [
1574 warn cleanup     '/Users/zhaoyirui/WorkBuddy/2026-08-25-17-14-24/soft-ip-v4/frontend/node_modules/debug',
1574 warn cleanup     Error: [safe-delete][SAFE_DELETE_BULK_CONFIRM_REQUIRED] {"count":56,"threshold":50,"scope":"turn","targets":["/Users/zhaoyirui/WorkBuddy/2026-08-25-17-14-24/soft-ip-v4/frontend/node_modules/debug"],"targetCount":1}
1574 warn cleanup         at checkBulkDeleteGuard (/Applications/WorkBuddy.app/Contents/Resources/app.asar.unpacked/cli/vendor/shim/genie-safe-delete.cjs:222:19)
1574 warn cleanup         at tryTrash (/Applications/WorkBuddy.app/Contents/Resources/app.asar.unpacked/cli/vendor/shim/genie-safe-delete.cjs:546:5)
1574 warn cleanup         at tryRm (/Applications/WorkBuddy.app/Contents/Resources/app.asar.unpacked/cli/vendor/shim/genie-safe-delete.cjs:722:5)
1574 warn cleanup         at wrappedPromisesRm (/Applications/WorkBuddy.app/Contents/Resources/app.asar.unpacked/cli/vendor/shim/genie-safe-delete.cjs:766:15)
1574 warn cleanup         at /Users/zhaoyirui/.workbuddy/binaries/node/versions/22.22.2/lib/node_modules/npm/node_modules/@npmcli/arborist/lib/arborist/reify.js:657:20
1574 warn cleanup         at Array.map (<anonymous>)
1574 warn cleanup         at [rollbackCreateSparseTree] (/Users/zhaoyirui/.workbuddy/binaries/node/versions/22.22.2/lib/node_modules/npm/node_modules/@npmcli/arborist/lib/arborist/reify.js:657:8)
1574 warn cleanup         at [reifyPackages] (/Users/zhaoyirui/.workbuddy/binaries/node/versions/22.22.2/lib/node_modules/npm/node_modules/@npmcli/arborist/lib/arborist/reify.js:340:31)
1574 warn cleanup         at async Arborist.reify (/Users/zhaoyirui/.workbuddy/binaries/node/versions/22.22.2/lib/node_modules/npm/node_modules/@npmcli/arborist/lib/arborist/reify.js:149:5)
1574 warn cleanup         at async Install.exec (/Users/zhaoyirui/.workbuddy/binaries/node/versions/22.22.2/lib/node_modules/npm/lib/commands/install.js:150:5)
1574 warn cleanup   ],
1574 warn cleanup   [
1574 warn cleanup     '/Users/zhaoyirui/WorkBuddy/2026-08-25-17-14-24/soft-ip-v4/frontend/node_modules/semver',
1574 warn cleanup     Error: [safe-delete][SAFE_DELETE_BULK_CONFIRM_REQUIRED] {"count":55,"threshold":50,"scope":"turn","targets":["/Users/zhaoyirui/WorkBuddy/2026-08-25-17-14-24/soft-ip-v4/frontend/node_modules/semver"],"targetCount":1}
1574 warn cleanup         at checkBulkDeleteGuard (/Applications/WorkBuddy.app/Contents/Resources/app.asar.unpacked/cli/vendor/shim/genie-safe-delete.cjs:222:19)
1574 warn cleanup         at tryTrash (/Applications/WorkBuddy.app/Contents/Resources/app.asar.unpacked/cli/vendor/shim/genie-safe-delete.cjs:546:5)
1574 warn cleanup         at tryRm (/Applications/WorkBuddy.app/Contents/Resources/app.asar.unpacked/cli/vendor/shim/genie-safe-delete.cjs:722:5)
1574 warn cleanup         at wrappedPromisesRm (/Applications/WorkBuddy.app/Contents/Resources/app.asar.unpacked/cli/vendor/shim/genie-safe-delete.cjs:766:15)
1574 warn cleanup         at /Users/zhaoyirui/.workbuddy/binaries/node/versions/22.22.2/lib/node_modules/npm/node_modules/@npmcli/arborist/lib/arborist/reify.js:657:20
1574 warn cleanup         at Array.map (<anonymous>)
1574 warn cleanup         at [rollbackCreateSparseTree] (/Users/zhaoyirui/.workbuddy/binaries/node/versions/22.22.2/lib/node_modules/npm/node_modules/@npmcli/arborist/lib/arborist/reify.js:657:8)
1574 warn cleanup         at [reifyPackages] (/Users/zhaoyirui/.workbuddy/binaries/node/versions/22.22.2/lib/node_modules/npm/node_modules/@npmcli/arborist/lib/arborist/reify.js:340:31)
1574 warn cleanup         at async Arborist.reify (/Users/zhaoyirui/.workbuddy/binaries/node/versions/22.22.2/lib/node_modules/npm/node_modules/@npmcli/arborist/lib/arborist/reify.js:149:5)
1574 warn cleanup         at async Install.exec (/Users/zhaoyirui/.workbuddy/binaries/node/versions/22.22.2/lib/node_modules/npm/lib/commands/install.js:150:5)
1574 warn cleanup   ],
1574 warn cleanup   [
1574 warn cleanup     '/Users/zhaoyirui/WorkBuddy/2026-08-25-17-14-24/soft-ip-v4/frontend/node_modules/json5',
1574 warn cleanup     Error: [safe-delete][SAFE_DELETE_BULK_CONFIRM_REQUIRED] {"count":69,"threshold":50,"scope":"turn","targets":["/Users/zhaoyirui/WorkBuddy/2026-08-25-17-14-24/soft-ip-v4/frontend/node_modules/json5"],"targetCount":1}
1574 warn cleanup         at checkBulkDeleteGuard (/Applications/WorkBuddy.app/Contents/Resources/app.asar.unpacked/cli/vendor/shim/genie-safe-delete.cjs:222:19)
1574 warn cleanup         at tryTrash (/Applications/WorkBuddy.app/Contents/Resources/app.asar.unpacked/cli/vendor/shim/genie-safe-delete.cjs:546:5)
1574 warn cleanup         at tryRm (/Applications/WorkBuddy.app/Contents/Resources/app.asar.unpacked/cli/vendor/shim/genie-safe-delete.cjs:722:5)
1574 warn cleanup         at wrappedPromisesRm (/Applications/WorkBuddy.app/Contents/Resources/app.asar.unpacked/cli/vendor/shim/genie-safe-delete.cjs:766:15)
1574 warn cleanup         at /Users/zhaoyirui/.workbuddy/binaries/node/versions/22.22.2/lib/node_modules/npm/node_modules/@npmcli/arborist/lib/arborist/reify.js:657:20
1574 warn cleanup         at Array.map (<anonymous>)
1574 warn cleanup         at [rollbackCreateSparseTree] (/Users/zhaoyirui/.workbuddy/binaries/node/versions/22.22.2/lib/node_modules/npm/node_modules/@npmcli/arborist/lib/arborist/reify.js:657:8)
1574 warn cleanup         at [reifyPackages] (/Users/zhaoyirui/.workbuddy/binaries/node/versions/22.22.2/lib/node_modules/npm/node_modules/@npmcli/arborist/lib/arborist/reify.js:340:31)
1574 warn cleanup         at async Arborist.reify (/Users/zhaoyirui/.workbuddy/binaries/node/versions/22.22.2/lib/node_modules/npm/node_modules/@npmcli/arborist/lib/arborist/reify.js:149:5)
1574 warn cleanup         at async Install.exec (/Users/zhaoyirui/.workbuddy/binaries/node/versions/22.22.2/lib/node_modules/npm/lib/commands/install.js:150:5)
1574 warn cleanup   ],
1574 warn cleanup   [
1574 warn cleanup     '/Users/zhaoyirui/WorkBuddy/2026-08-25-17-14-24/soft-ip-v4/frontend/node_modules/@babel/helper-validator-identifier',
1574 warn cleanup     Error: [safe-delete][SAFE_DELETE_BULK_CONFIRM_REQUIRED] {"count":58,"threshold":50,"scope":"turn","targets":["/Users/zhaoyirui/WorkBuddy/2026-08-25-17-14-24/soft-ip-v4/frontend/node_modules/@babel/helper-validator-identifier"],"targetCount":1}
1574 warn cleanup         at checkBulkDeleteGuard (/Applications/WorkBuddy.app/Contents/Resources/app.asar.unpacked/cli/vendor/shim/genie-safe-delete.cjs:222:19)
1574 warn cleanup         at tryTrash (/Applications/WorkBuddy.app/Contents/Resources/app.asar.unpacked/cli/vendor/shim/genie-safe-delete.cjs:546:5)
1574 warn cleanup         at tryRm (/Applications/WorkBuddy.app/Contents/Resources/app.asar.unpacked/cli/vendor/shim/genie-safe-delete.cjs:722:5)
1574 warn cleanup         at wrappedPromisesRm (/Applications/WorkBuddy.app/Contents/Resources/app.asar.unpacked/cli/vendor/shim/genie-safe-delete.cjs:766:15)
1574 warn cleanup         at /Users/zhaoyirui/.workbuddy/binaries/node/versions/22.22.2/lib/node_modules/npm/node_modules/@npmcli/arborist/lib/arborist/reify.js:657:20
1574 warn cleanup         at Array.map (<anonymous>)
1574 warn cleanup         at [rollbackCreateSparseTree] (/Users/zhaoyirui/.workbuddy/binaries/node/versions/22.22.2/lib/node_modules/npm/node_modules/@npmcli/arborist/lib/arborist/reify.js:657:8)
1574 warn cleanup         at [reifyPackages] (/Users/zhaoyirui/.workbuddy/binaries/node/versions/22.22.2/lib/node_modules/npm/node_modules/@npmcli/arborist/lib/arborist/reify.js:340:31)
1574 warn cleanup         at async Arborist.reify (/Users/zhaoyirui/.workbuddy/binaries/node/versions/22.22.2/lib/node_modules/npm/node_modules/@npmcli/arborist/lib/arborist/reify.js:149:5)
1574 warn cleanup         at async Install.exec (/Users/zhaoyirui/.workbuddy/binaries/node/versions/22.22.2/lib/node_modules/npm/lib/commands/install.js:150:5)
1574 warn cleanup   ],
1574 warn cleanup   [
1574 warn cleanup     '/Users/zhaoyirui/WorkBuddy/2026-08-25-17-14-24/soft-ip-v4/frontend/node_modules/js-tokens',
1574 warn cleanup     Error: [safe-delete][SAFE_DELETE_BULK_CONFIRM_REQUIRED] {"count":54,"threshold":50,"scope":"turn","targets":["/Users/zhaoyirui/WorkBuddy/2026-08-25-17-14-24/soft-ip-v4/frontend/node_modules/js-tokens"],"targetCount":1}
1574 warn cleanup         at checkBulkDeleteGuard (/Applications/WorkBuddy.app/Contents/Resources/app.asar.unpacked/cli/vendor/shim/genie-safe-delete.cjs:222:19)
1574 warn cleanup         at tryTrash (/Applications/WorkBuddy.app/Contents/Resources/app.asar.unpacked/cli/vendor/shim/genie-safe-delete.cjs:546:5)
1574 warn cleanup         at tryRm (/Applications/WorkBuddy.app/Contents/Resources/app.asar.unpacked/cli/vendor/shim/genie-safe-delete.cjs:722:5)
1574 warn cleanup         at wrappedPromisesRm (/Applications/WorkBuddy.app/Contents/Resources/app.asar.unpacked/cli/vendor/shim/genie-safe-delete.cjs:766:15)
1574 warn cleanup         at /Users/zhaoyirui/.workbuddy/binaries/node/versions/22.22.2/lib/node_modules/npm/node_modules/@npmcli/arborist/lib/arborist/reify.js:657:20
1574 warn cleanup         at Array.map (<anonymous>)
1574 warn cleanup         at [rollbackCreateSparseTree] (/Users/zhaoyirui/.workbuddy/binaries/node/versions/22.22.2/lib/node_modules/npm/node_modules/@npmcli/arborist/lib/arborist/reify.js:657:8)
1574 warn cleanup         at [reifyPackages] (/Users/zhaoyirui/.workbuddy/binaries/node/versions/22.22.2/lib/node_modules/npm/node_modules/@npmcli/arborist/lib/arborist/reify.js:340:31)
1574 warn cleanup         at async Arborist.reify (/Users/zhaoyirui/.workbuddy/binaries/node/versions/22.22.2/lib/node_modules/npm/node_modules/@npmcli/arborist/lib/arborist/reify.js:149:5)
1574 warn cleanup         at async Install.exec (/Users/zhaoyirui/.workbuddy/binaries/node/versions/22.22.2/lib/node_modules/npm/lib/commands/install.js:150:5)
1574 warn cleanup   ],
1574 warn cleanup   [
1574 warn cleanup     '/Users/zhaoyirui/WorkBuddy/2026-08-25-17-14-24/soft-ip-v4/frontend/node_modules/picocolors',
1574 warn cleanup     Error: [safe-delete][SAFE_DELETE_BULK_CONFIRM_REQUIRED] {"count":56,"threshold":50,"scope":"turn","targets":["/Users/zhaoyirui/WorkBuddy/2026-08-25-17-14-24/soft-ip-v4/frontend/node_modules/picocolors"],"targetCount":1}
1574 warn cleanup         at checkBulkDeleteGuard (/Applications/WorkBuddy.app/Contents/Resources/app.asar.unpacked/cli/vendor/shim/genie-safe-delete.cjs:222:19)
1574 warn cleanup         at tryTrash (/Applications/WorkBuddy.app/Contents/Resources/app.asar.unpacked/cli/vendor/shim/genie-safe-delete.cjs:546:5)
1574 warn cleanup         at tryRm (/Applications/WorkBuddy.app/Contents/Resources/app.asar.unpacked/cli/vendor/shim/genie-safe-delete.cjs:722:5)
1574 warn cleanup         at wrappedPromisesRm (/Applications/WorkBuddy.app/Contents/Resources/app.asar.unpacked/cli/vendor/shim/genie-safe-delete.cjs:766:15)
1574 warn cleanup         at /Users/zhaoyirui/.workbuddy/binaries/node/versions/22.22.2/lib/node_modules/npm/node_modules/@npmcli/arborist/lib/arborist/reify.js:657:20
1574 warn cleanup         at Array.map (<anonymous>)
1574 warn cleanup         at [rollbackCreateSparseTree] (/Users/zhaoyirui/.workbuddy/binaries/node/versions/22.22.2/lib/node_modules/npm/node_modules/@npmcli/arborist/lib/arborist/reify.js:657:8)
1574 warn cleanup         at [reifyPackages] (/Users/zhaoyirui/.workbuddy/binaries/node/versions/22.22.2/lib/node_modules/npm/node_modules/@npmcli/arborist/lib/arborist/reify.js:340:31)
1574 warn cleanup         at async Arborist.reify (/Users/zhaoyirui/.workbuddy/binaries/node/versions/22.22.2/lib/node_modules/npm/node_modules/@npmcli/arborist/lib/arborist/reify.js:149:5)
1574 warn cleanup         at async Install.exec (/Users/zhaoyirui/.workbuddy/binaries/node/versions/22.22.2/lib/node_modules/npm/lib/commands/install.js:150:5)
1574 warn cleanup   ],
1574 warn cleanup   [
1574 warn cleanup     '/Users/zhaoyirui/WorkBuddy/2026-08-25-17-14-24/soft-ip-v4/frontend/node_modules/jsesc',
1574 warn cleanup     Error: [safe-delete][SAFE_DELETE_BULK_CONFIRM_REQUIRED] {"count":55,"threshold":50,"scope":"turn","targets":["/Users/zhaoyirui/WorkBuddy/2026-08-25-17-14-24/soft-ip-v4/frontend/node_modules/jsesc"],"targetCount":1}
1574 warn cleanup         at checkBulkDeleteGuard (/Applications/WorkBuddy.app/Contents/Resources/app.asar.unpacked/cli/vendor/shim/genie-safe-delete.cjs:222:19)
1574 warn cleanup         at tryTrash (/Applications/WorkBuddy.app/Contents/Resources/app.asar.unpacked/cli/vendor/shim/genie-safe-delete.cjs:546:5)
1574 warn cleanup         at tryRm (/Applications/WorkBuddy.app/Contents/Resources/app.asar.unpacked/cli/vendor/shim/genie-safe-delete.cjs:722:5)
1574 warn cleanup         at wrappedPromisesRm (/Applications/WorkBuddy.app/Contents/Resources/app.asar.unpacked/cli/vendor/shim/genie-safe-delete.cjs:766:15)
1574 warn cleanup         at /Users/zhaoyirui/.workbuddy/binaries/node/versions/22.22.2/lib/node_modules/npm/node_modules/@npmcli/arborist/lib/arborist/reify.js:657:20
1574 warn cleanup         at Array.map (<anonymous>)
1574 warn cleanup         at [rollbackCreateSparseTree] (/Users/zhaoyirui/.workbuddy/binaries/node/versions/22.22.2/lib/node_modules/npm/node_modules/@npmcli/arborist/lib/arborist/reify.js:657:8)
1574 warn cleanup         at [reifyPackages] (/Users/zhaoyirui/.workbuddy/binaries/node/versions/22.22.2/lib/node_modules/npm/node_modules/@npmcli/arborist/lib/arborist/reify.js:340:31)
1574 warn cleanup         at async Arborist.reify (/Users/zhaoyirui/.workbuddy/binaries/node/versions/22.22.2/lib/node_modules/npm/node_modules/@npmcli/arborist/lib/arborist/reify.js:149:5)
1574 warn cleanup         at async Install.exec (/Users/zhaoyirui/.workbuddy/binaries/node/versions/22.22.2/lib/node_modules/npm/lib/commands/install.js:150:5)
1574 warn cleanup   ],
1574 warn cleanup   [
1574 warn cleanup     '/Users/zhaoyirui/WorkBuddy/2026-08-25-17-14-24/soft-ip-v4/frontend/node_modules/@babel/compat-data',
1574 warn cleanup     Error: [safe-delete][SAFE_DELETE_BULK_CONFIRM_REQUIRED] {"count":64,"threshold":50,"scope":"turn","targets":["/Users/zhaoyirui/WorkBuddy/2026-08-25-17-14-24/soft-ip-v4/frontend/node_modules/@babel/compat-data"],"targetCount":1}
1574 warn cleanup         at checkBulkDeleteGuard (/Applications/WorkBuddy.app/Contents/Resources/app.asar.unpacked/cli/vendor/shim/genie-safe-delete.cjs:222:19)
1574 warn cleanup         at tryTrash (/Applications/WorkBuddy.app/Contents/Resources/app.asar.unpacked/cli/vendor/shim/genie-safe-delete.cjs:546:5)
1574 warn cleanup         at tryRm (/Applications/WorkBuddy.app/Contents/Resources/app.asar.unpacked/cli/vendor/shim/genie-safe-delete.cjs:722:5)
1574 warn cleanup         at wrappedPromisesRm (/Applications/WorkBuddy.app/Contents/Resources/app.asar.unpacked/cli/vendor/shim/genie-safe-delete.cjs:766:15)
1574 warn cleanup         at /Users/zhaoyirui/.workbuddy/binaries/node/versions/22.22.2/lib/node_modules/npm/node_modules/@npmcli/arborist/lib/arborist/reify.js:657:20
1574 warn cleanup         at Array.map (<anonymous>)
1574 warn cleanup         at [rollbackCreateSparseTree] (/Users/zhaoyirui/.workbuddy/binaries/node/versions/22.22.2/lib/node_modules/npm/node_modules/@npmcli/arborist/lib/arborist/reify.js:657:8)
1574 warn cleanup         at [reifyPackages] (/Users/zhaoyirui/.workbuddy/binaries/node/versions/22.22.2/lib/node_modules/npm/node_modules/@npmcli/arborist/lib/arborist/reify.js:340:31)
1574 warn cleanup         at async Arborist.reify (/Users/zhaoyirui/.workbuddy/binaries/node/versions/22.22.2/lib/node_modules/npm/node_modules/@npmcli/arborist/lib/arborist/reify.js:149:5)
1574 warn cleanup         at async Install.exec (/Users/zhaoyirui/.workbuddy/binaries/node/versions/22.22.2/lib/node_modules/npm/lib/commands/install.js:150:5)
1574 warn cleanup   ],
1574 warn cleanup   [
1574 warn cleanup     '/Users/zhaoyirui/WorkBuddy/2026-08-25-17-14-24/soft-ip-v4/frontend/node_modules/@babel/helper-validator-option',
1574 warn cleanup     Error: [safe-delete][SAFE_DELETE_BULK_CONFIRM_REQUIRED] {"count":58,"threshold":50,"scope":"turn","targets":["/Users/zhaoyirui/WorkBuddy/2026-08-25-17-14-24/soft-ip-v4/frontend/node_modules/@babel/helper-validator-option"],"targetCount":1}
1574 warn cleanup         at checkBulkDeleteGuard (/Applications/WorkBuddy.app/Contents/Resources/app.asar.unpacked/cli/vendor/shim/genie-safe-delete.cjs:222:19)
1574 warn cleanup         at tryTrash (/Applications/WorkBuddy.app/Contents/Resources/app.asar.unpacked/cli/vendor/shim/genie-safe-delete.cjs:546:5)
1574 warn cleanup         at tryRm (/Applications/WorkBuddy.app/Contents/Resources/app.asar.unpacked/cli/vendor/shim/genie-safe-delete.cjs:722:5)
1574 warn cleanup         at wrappedPromisesRm (/Applications/WorkBuddy.app/Contents/Resources/app.asar.unpacked/cli/vendor/shim/genie-safe-delete.cjs:766:15)
1574 warn cleanup         at /Users/zhaoyirui/.workbuddy/binaries/node/versions/22.22.2/lib/node_modules/npm/node_modules/@npmcli/arborist/lib/arborist/reify.js:657:20
1574 warn cleanup         at Array.map (<anonymous>)
1574 warn cleanup         at [rollbackCreateSparseTree] (/Users/zhaoyirui/.workbuddy/binaries/node/versions/22.22.2/lib/node_modules/npm/node_modules/@npmcli/arborist/lib/arborist/reify.js:657:8)
1574 warn cleanup         at [reifyPackages] (/Users/zhaoyirui/.workbuddy/binaries/node/versions/22.22.2/lib/node_modules/npm/node_modules/@npmcli/arborist/lib/arborist/reify.js:340:31)
1574 warn cleanup         at async Arborist.reify (/Users/zhaoyirui/.workbuddy/binaries/node/versions/22.22.2/lib/node_modules/npm/node_modules/@npmcli/arborist/lib/arborist/reify.js:149:5)
1574 warn cleanup         at async Install.exec (/Users/zhaoyirui/.workbuddy/binaries/node/versions/22.22.2/lib/node_modules/npm/lib/commands/install.js:150:5)
1574 warn cleanup   ],
1574 warn cleanup   [
1574 warn cleanup     '/Users/zhaoyirui/WorkBuddy/2026-08-25-17-14-24/soft-ip-v4/frontend/node_modules/browserslist',
1574 warn cleanup     Error: [safe-delete][SAFE_DELETE_BULK_CONFIRM_REQUIRED] {"count":60,"threshold":50,"scope":"turn","targets":["/Users/zhaoyirui/WorkBuddy/2026-08-25-17-14-24/soft-ip-v4/frontend/node_modules/browserslist"],"targetCount":1}
1574 warn cleanup         at checkBulkDeleteGuard (/Applications/WorkBuddy.app/Contents/Resources/app.asar.unpacked/cli/vendor/shim/genie-safe-delete.cjs:222:19)
1574 warn cleanup         at tryTrash (/Applications/WorkBuddy.app/Contents/Resources/app.asar.unpacked/cli/vendor/shim/genie-safe-delete.cjs:546:5)
1574 warn cleanup         at tryRm (/Applications/WorkBuddy.app/Contents/Resources/app.asar.unpacked/cli/vendor/shim/genie-safe-delete.cjs:722:5)
1574 warn cleanup         at wrappedPromisesRm (/Applications/WorkBuddy.app/Contents/Resources/app.asar.unpacked/cli/vendor/shim/genie-safe-delete.cjs:766:15)
1574 warn cleanup         at /Users/zhaoyirui/.workbuddy/binaries/node/versions/22.22.2/lib/node_modules/npm/node_modules/@npmcli/arborist/lib/arborist/reify.js:657:20
1574 warn cleanup         at Array.map (<anonymous>)
1574 warn cleanup         at [rollbackCreateSparseTree] (/Users/zhaoyirui/.workbuddy/binaries/node/versions/22.22.2/lib/node_modules/npm/node_modules/@npmcli/arborist/lib/arborist/reify.js:657:8)
1574 warn cleanup         at [reifyPackages] (/Users/zhaoyirui/.workbuddy/binaries/node/versions/22.22.2/lib/node_modules/npm/node_modules/@npmcli/arborist/lib/arborist/reify.js:340:31)
1574 warn cleanup         at async Arborist.reify (/Users/zhaoyirui/.workbuddy/binaries/node/versions/22.22.2/lib/node_modules/npm/node_modules/@npmcli/arborist/lib/arborist/reify.js:149:5)
1574 warn cleanup         at async Install.exec (/Users/zhaoyirui/.workbuddy/binaries/node/versions/22.22.2/lib/node_modules/npm/lib/commands/install.js:150:5)
1574 warn cleanup   ],
1574 warn cleanup   [
1574 warn cleanup     '/Users/zhaoyirui/WorkBuddy/2026-08-25-17-14-24/soft-ip-v4/frontend/node_modules/@babel/helper-module-imports',
1574 warn cleanup     Error: [safe-delete][SAFE_DELETE_BULK_CONFIRM_REQUIRED] {"count":60,"threshold":50,"scope":"turn","targets":["/Users/zhaoyirui/WorkBuddy/2026-08-25-17-14-24/soft-ip-v4/frontend/node_modules/@babel/helper-module-imports"],"targetCount":1}
1574 warn cleanup         at checkBulkDeleteGuard (/Applications/WorkBuddy.app/Contents/Resources/app.asar.unpacked/cli/vendor/shim/genie-safe-delete.cjs:222:19)
1574 warn cleanup         at tryTrash (/Applications/WorkBuddy.app/Contents/Resources/app.asar.unpacked/cli/vendor/shim/genie-safe-delete.cjs:546:5)
1574 warn cleanup         at tryRm (/Applications/WorkBuddy.app/Contents/Resources/app.asar.unpacked/cli/vendor/shim/genie-safe-delete.cjs:722:5)
1574 warn cleanup         at wrappedPromisesRm (/Applications/WorkBuddy.app/Contents/Resources/app.asar.unpacked/cli/vendor/shim/genie-safe-delete.cjs:766:15)
1574 warn cleanup         at /Users/zhaoyirui/.workbuddy/binaries/node/versions/22.22.2/lib/node_modules/npm/node_modules/@npmcli/arborist/lib/arborist/reify.js:657:20
1574 warn cleanup         at Array.map (<anonymous>)
1574 warn cleanup         at [rollbackCreateSparseTree] (/Users/zhaoyirui/.workbuddy/binaries/node/versions/22.22.2/lib/node_modules/npm/node_modules/@npmcli/arborist/lib/arborist/reify.js:657:8)
1574 warn cleanup         at [reifyPackages] (/Users/zhaoyirui/.workbuddy/binaries/node/versions/22.22.2/lib/node_modules/npm/node_modules/@npmcli/arborist/lib/arborist/reify.js:340:31)
1574 warn cleanup         at async Arborist.reify (/Users/zhaoyirui/.workbuddy/binaries/node/versions/22.22.2/lib/node_modules/npm/node_modules/@npmcli/arborist/lib/arborist/reify.js:149:5)
1574 warn cleanup         at async Install.exec (/Users/zhaoyirui/.workbuddy/binaries/node/versions/22.22.2/lib/node_modules/npm/lib/commands/install.js:150:5)
1574 warn cleanup   ],
1574 warn cleanup   [
1574 warn cleanup     '/Users/zhaoyirui/WorkBuddy/2026-08-25-17-14-24/soft-ip-v4/frontend/node_modules/lru-cache',
1574 warn cleanup     Error: [safe-delete][SAFE_DELETE_BULK_CONFIRM_REQUIRED] {"count":53,"threshold":50,"scope":"turn","targets":["/Users/zhaoyirui/WorkBuddy/2026-08-25-17-14-24/soft-ip-v4/frontend/node_modules/lru-cache"],"targetCount":1}
1574 warn cleanup         at checkBulkDeleteGuard (/Applications/WorkBuddy.app/Contents/Resources/app.asar.unpacked/cli/vendor/shim/genie-safe-delete.cjs:222:19)
1574 warn cleanup         at tryTrash (/Applications/WorkBuddy.app/Contents/Resources/app.asar.unpacked/cli/vendor/shim/genie-safe-delete.cjs:546:5)
1574 warn cleanup         at tryRm (/Applications/WorkBuddy.app/Contents/Resources/app.asar.unpacked/cli/vendor/shim/genie-safe-delete.cjs:722:5)
1574 warn cleanup         at wrappedPromisesRm (/Applications/WorkBuddy.app/Contents/Resources/app.asar.unpacked/cli/vendor/shim/genie-safe-delete.cjs:766:15)
1574 warn cleanup         at /Users/zhaoyirui/.workbuddy/binaries/node/versions/22.22.2/lib/node_modules/npm/node_modules/@npmcli/arborist/lib/arborist/reify.js:657:20
1574 warn cleanup         at Array.map (<anonymous>)
1574 warn cleanup         at [rollbackCreateSparseTree] (/Users/zhaoyirui/.workbuddy/binaries/node/versions/22.22.2/lib/node_modules/npm/node_modules/@npmcli/arborist/lib/arborist/reify.js:657:8)
1574 warn cleanup         at [reifyPackages] (/Users/zhaoyirui/.workbuddy/binaries/node/versions/22.22.2/lib/node_modules/npm/node_modules/@npmcli/arborist/lib/arborist/reify.js:340:31)
1574 warn cleanup         at async Arborist.reify (/Users/zhaoyirui/.workbuddy/binaries/node/versions/22.22.2/lib/node_modules/npm/node_modules/@npmcli/arborist/lib/arborist/reify.js:149:5)
1574 warn cleanup         at async Install.exec (/Users/zhaoyirui/.workbuddy/binaries/node/versions/22.22.2/lib/node_modules/npm/lib/commands/install.js:150:5)
1574 warn cleanup   ],
1574 warn cleanup   [
1574 warn cleanup     '/Users/zhaoyirui/WorkBuddy/2026-08-25-17-14-24/soft-ip-v4/frontend/node_modules/@babel/helper-globals',
1574 warn cleanup     Error: [safe-delete][SAFE_DELETE_BULK_CONFIRM_REQUIRED] {"count":55,"threshold":50,"scope":"turn","targets":["/Users/zhaoyirui/WorkBuddy/2026-08-25-17-14-24/soft-ip-v4/frontend/node_modules/@babel/helper-globals"],"targetCount":1}
1574 warn cleanup         at checkBulkDeleteGuard (/Applications/WorkBuddy.app/Contents/Resources/app.asar.unpacked/cli/vendor/shim/genie-safe-delete.cjs:222:19)
1574 warn cleanup         at tryTrash (/Applications/WorkBuddy.app/Contents/Resources/app.asar.unpacked/cli/vendor/shim/genie-safe-delete.cjs:546:5)
1574 warn cleanup         at tryRm (/Applications/WorkBuddy.app/Contents/Resources/app.asar.unpacked/cli/vendor/shim/genie-safe-delete.cjs:722:5)
1574 warn cleanup         at wrappedPromisesRm (/Applications/WorkBuddy.app/Contents/Resources/app.asar.unpacked/cli/vendor/shim/genie-safe-delete.cjs:766:15)
1574 warn cleanup         at /Users/zhaoyirui/.workbuddy/binaries/node/versions/22.22.2/lib/node_modules/npm/node_modules/@npmcli/arborist/lib/arborist/reify.js:657:20
1574 warn cleanup         at Array.map (<anonymous>)
1574 warn cleanup         at [rollbackCreateSparseTree] (/Users/zhaoyirui/.workbuddy/binaries/node/versions/22.22.2/lib/node_modules/npm/node_modules/@npmcli/arborist/lib/arborist/reify.js:657:8)
1574 warn cleanup         at [reifyPackages] (/Users/zhaoyirui/.workbuddy/binaries/node/versions/22.22.2/lib/node_modules/npm/node_modules/@npmcli/arborist/lib/arborist/reify.js:340:31)
1574 warn cleanup         at async Arborist.reify (/Users/zhaoyirui/.workbuddy/binaries/node/versions/22.22.2/lib/node_modules/npm/node_modules/@npmcli/arborist/lib/arborist/reify.js:149:5)
1574 warn cleanup         at async Install.exec (/Users/zhaoyirui/.workbuddy/binaries/node/versions/22.22.2/lib/node_modules/npm/lib/commands/install.js:150:5)
1574 warn cleanup   ],
1574 warn cleanup   [
1574 warn cleanup     '/Users/zhaoyirui/WorkBuddy/2026-08-25-17-14-24/soft-ip-v4/frontend/node_modules/@jridgewell/trace-mapping',
1574 warn cleanup     Error: [safe-delete][SAFE_DELETE_BULK_CONFIRM_REQUIRED] {"count":101,"threshold":50,"scope":"turn","targets":["/Users/zhaoyirui/WorkBuddy/2026-08-25-17-14-24/soft-ip-v4/frontend/node_modules/@jridgewell/trace-mapping"],"targetCount":1}
1574 warn cleanup         at checkBulkDeleteGuard (/Applications/WorkBuddy.app/Contents/Resources/app.asar.unpacked/cli/vendor/shim/genie-safe-delete.cjs:222:19)
1574 warn cleanup         at tryTrash (/Applications/WorkBuddy.app/Contents/Resources/app.asar.unpacked/cli/vendor/shim/genie-safe-delete.cjs:546:5)
1574 warn cleanup         at tryRm (/Applications/WorkBuddy.app/Contents/Resources/app.asar.unpacked/cli/vendor/shim/genie-safe-delete.cjs:722:5)
1574 warn cleanup         at wrappedPromisesRm (/Applications/WorkBuddy.app/Contents/Resources/app.asar.unpacked/cli/vendor/shim/genie-safe-delete.cjs:766:15)
1574 warn cleanup         at /Users/zhaoyirui/.workbuddy/binaries/node/versions/22.22.2/lib/node_modules/npm/node_modules/@npmcli/arborist/lib/arborist/reify.js:657:20
1574 warn cleanup         at Array.map (<anonymous>)
1574 warn cleanup         at [rollbackCreateSparseTree] (/Users/zhaoyirui/.workbuddy/binaries/node/versions/22.22.2/lib/node_modules/npm/node_modules/@npmcli/arborist/lib/arborist/reify.js:657:8)
1574 warn cleanup         at [reifyPackages] (/Users/zhaoyirui/.workbuddy/binaries/node/versions/22.22.2/lib/node_modules/npm/node_modules/@npmcli/arborist/lib/arborist/reify.js:340:31)
1574 warn cleanup         at async Arborist.reify (/Users/zhaoyirui/.workbuddy/binaries/node/versions/22.22.2/lib/node_modules/npm/node_modules/@npmcli/arborist/lib/arborist/reify.js:149:5)
1574 warn cleanup         at async Install.exec (/Users/zhaoyirui/.workbuddy/binaries/node/versions/22.22.2/lib/node_modules/npm/lib/commands/install.js:150:5)
1574 warn cleanup   ],
1574 warn cleanup   [
1574 warn cleanup     '/Users/zhaoyirui/WorkBuddy/2026-08-25-17-14-24/soft-ip-v4/frontend/node_modules/@jridgewell/sourcemap-codec',
1574 warn cleanup     Error: [safe-delete][SAFE_DELETE_BULK_CONFIRM_REQUIRED] {"count":76,"threshold":50,"scope":"turn","targets":["/Users/zhaoyirui/WorkBuddy/2026-08-25-17-14-24/soft-ip-v4/frontend/node_modules/@jridgewell/sourcemap-codec"],"targetCount":1}
1574 warn cleanup         at checkBulkDeleteGuard (/Applications/WorkBuddy.app/Contents/Resources/app.asar.unpacked/cli/vendor/shim/genie-safe-delete.cjs:222:19)
1574 warn cleanup         at tryTrash (/Applications/WorkBuddy.app/Contents/Resources/app.asar.unpacked/cli/vendor/shim/genie-safe-delete.cjs:546:5)
1574 warn cleanup         at tryRm (/Applications/WorkBuddy.app/Contents/Resources/app.asar.unpacked/cli/vendor/shim/genie-safe-delete.cjs:722:5)
1574 warn cleanup         at wrappedPromisesRm (/Applications/WorkBuddy.app/Contents/Resources/app.asar.unpacked/cli/vendor/shim/genie-safe-delete.cjs:766:15)
1574 warn cleanup         at /Users/zhaoyirui/.workbuddy/binaries/node/versions/22.22.2/lib/node_modules/npm/node_modules/@npmcli/arborist/lib/arborist/reify.js:657:20
1574 warn cleanup         at Array.map (<anonymous>)
1574 warn cleanup         at [rollbackCreateSparseTree] (/Users/zhaoyirui/.workbuddy/binaries/node/versions/22.22.2/lib/node_modules/npm/node_modules/@npmcli/arborist/lib/arborist/reify.js:657:8)
1574 warn cleanup         at [reifyPackages] (/Users/zhaoyirui/.workbuddy/binaries/node/versions/22.22.2/lib/node_modules/npm/node_modules/@npmcli/arborist/lib/arborist/reify.js:340:31)
1574 warn cleanup         at async Arborist.reify (/Users/zhaoyirui/.workbuddy/binaries/node/versions/22.22.2/lib/node_modules/npm/node_modules/@npmcli/arborist/lib/arborist/reify.js:149:5)
1574 warn cleanup         at async Install.exec (/Users/zhaoyirui/.workbuddy/binaries/node/versions/22.22.2/lib/node_modules/npm/lib/commands/install.js:150:5)
1574 warn cleanup   ],
1574 warn cleanup   [
1574 warn cleanup     '/Users/zhaoyirui/WorkBuddy/2026-08-25-17-14-24/soft-ip-v4/frontend/node_modules/@jridgewell/resolve-uri',
1574 warn cleanup     Error: [safe-delete][SAFE_DELETE_BULK_CONFIRM_REQUIRED] {"count":57,"threshold":50,"scope":"turn","targets":["/Users/zhaoyirui/WorkBuddy/2026-08-25-17-14-24/soft-ip-v4/frontend/node_modules/@jridgewell/resolve-uri"],"targetCount":1}
1574 warn cleanup         at checkBulkDeleteGuard (/Applications/WorkBuddy.app/Contents/Resources/app.asar.unpacked/cli/vendor/shim/genie-safe-delete.cjs:222:19)
1574 warn cleanup         at tryTrash (/Applications/WorkBuddy.app/Contents/Resources/app.asar.unpacked/cli/vendor/shim/genie-safe-delete.cjs:546:5)
1574 warn cleanup         at tryRm (/Applications/WorkBuddy.app/Contents/Resources/app.asar.unpacked/cli/vendor/shim/genie-safe-delete.cjs:722:5)
1574 warn cleanup         at wrappedPromisesRm (/Applications/WorkBuddy.app/Contents/Resources/app.asar.unpacked/cli/vendor/shim/genie-safe-delete.cjs:766:15)
1574 warn cleanup         at /Users/zhaoyirui/.workbuddy/binaries/node/versions/22.22.2/lib/node_modules/npm/node_modules/@npmcli/arborist/lib/arborist/reify.js:657:20
1574 warn cleanup         at Array.map (<anonymous>)
1574 warn cleanup         at [rollbackCreateSparseTree] (/Users/zhaoyirui/.workbuddy/binaries/node/versions/22.22.2/lib/node_modules/npm/node_modules/@npmcli/arborist/lib/arborist/reify.js:657:8)
1574 warn cleanup         at [reifyPackages] (/Users/zhaoyirui/.workbuddy/binaries/node/versions/22.22.2/lib/node_modules/npm/node_modules/@npmcli/arborist/lib/arborist/reify.js:340:31)
1574 warn cleanup         at async Arborist.reify (/Users/zhaoyirui/.workbuddy/binaries/node/versions/22.22.2/lib/node_modules/npm/node_modules/@npmcli/arborist/lib/arborist/reify.js:149:5)
1574 warn cleanup         at async Install.exec (/Users/zhaoyirui/.workbuddy/binaries/node/versions/22.22.2/lib/node_modules/npm/lib/commands/install.js:150:5)
1574 warn cleanup   ],
1574 warn cleanup   [
1574 warn cleanup     '/Users/zhaoyirui/WorkBuddy/2026-08-25-17-14-24/soft-ip-v4/frontend/node_modules/@types/babel__generator',
1574 warn cleanup     Error: [safe-delete][SAFE_DELETE_BULK_CONFIRM_REQUIRED] {"count":53,"threshold":50,"scope":"turn","targets":["/Users/zhaoyirui/WorkBuddy/2026-08-25-17-14-24/soft-ip-v4/frontend/node_modules/@types/babel__generator"],"targetCount":1}
1574 warn cleanup         at checkBulkDeleteGuard (/Applications/WorkBuddy.app/Contents/Resources/app.asar.unpacked/cli/vendor/shim/genie-safe-delete.cjs:222:19)
1574 warn cleanup         at tryTrash (/Applications/WorkBuddy.app/Contents/Resources/app.asar.unpacked/cli/vendor/shim/genie-safe-delete.cjs:546:5)
1574 warn cleanup         at tryRm (/Applications/WorkBuddy.app/Contents/Resources/app.asar.unpacked/cli/vendor/shim/genie-safe-delete.cjs:722:5)
1574 warn cleanup         at wrappedPromisesRm (/Applications/WorkBuddy.app/Contents/Resources/app.asar.unpacked/cli/vendor/shim/genie-safe-delete.cjs:766:15)
1574 warn cleanup         at /Users/zhaoyirui/.workbuddy/binaries/node/versions/22.22.2/lib/node_modules/npm/node_modules/@npmcli/arborist/lib/arborist/reify.js:657:20
1574 warn cleanup         at Array.map (<anonymous>)
1574 warn cleanup         at [rollbackCreateSparseTree] (/Users/zhaoyirui/.workbuddy/binaries/node/versions/22.22.2/lib/node_modules/npm/node_modules/@npmcli/arborist/lib/arborist/reify.js:657:8)
1574 warn cleanup         at [reifyPackages] (/Users/zhaoyirui/.workbuddy/binaries/node/versions/22.22.2/lib/node_modules/npm/node_modules/@npmcli/arborist/lib/arborist/reify.js:340:31)
1574 warn cleanup         at async Arborist.reify (/Users/zhaoyirui/.workbuddy/binaries/node/versions/22.22.2/lib/node_modules/npm/node_modules/@npmcli/arborist/lib/arborist/reify.js:149:5)
1574 warn cleanup         at async Install.exec (/Users/zhaoyirui/.workbuddy/binaries/node/versions/22.22.2/lib/node_modules/npm/lib/commands/install.js:150:5)
1574 warn cleanup   ],
1574 warn cleanup   [
1574 warn cleanup     '/Users/zhaoyirui/WorkBuddy/2026-08-25-17-14-24/soft-ip-v4/frontend/node_modules/@types/babel__template',
1574 warn cleanup     Error: [safe-delete][SAFE_DELETE_BULK_CONFIRM_REQUIRED] {"count":53,"threshold":50,"scope":"turn","targets":["/Users/zhaoyirui/WorkBuddy/2026-08-25-17-14-24/soft-ip-v4/frontend/node_modules/@types/babel__template"],"targetCount":1}
1574 warn cleanup         at checkBulkDeleteGuard (/Applications/WorkBuddy.app/Contents/Resources/app.asar.unpacked/cli/vendor/shim/genie-safe-delete.cjs:222:19)
1574 warn cleanup         at tryTrash (/Applications/WorkBuddy.app/Contents/Resources/app.asar.unpacked/cli/vendor/shim/genie-safe-delete.cjs:546:5)
1574 warn cleanup         at tryRm (/Applications/WorkBuddy.app/Contents/Resources/app.asar.unpacked/cli/vendor/shim/genie-safe-delete.cjs:722:5)
1574 warn cleanup         at wrappedPromisesRm (/Applications/WorkBuddy.app/Contents/Resources/app.asar.unpacked/cli/vendor/shim/genie-safe-delete.cjs:766:15)
1574 warn cleanup         at /Users/zhaoyirui/.workbuddy/binaries/node/versions/22.22.2/lib/node_modules/npm/node_modules/@npmcli/arborist/lib/arborist/reify.js:657:20
1574 warn cleanup         at Array.map (<anonymous>)
1574 warn cleanup         at [rollbackCreateSparseTree] (/Users/zhaoyirui/.workbuddy/binaries/node/versions/22.22.2/lib/node_modules/npm/node_modules/@npmcli/arborist/lib/arborist/reify.js:657:8)
1574 warn cleanup         at [reifyPackages] (/Users/zhaoyirui/.workbuddy/binaries/node/versions/22.22.2/lib/node_modules/npm/node_modules/@npmcli/arborist/lib/arborist/reify.js:340:31)
1574 warn cleanup         at async Arborist.reify (/Users/zhaoyirui/.workbuddy/binaries/node/versions/22.22.2/lib/node_modules/npm/node_modules/@npmcli/arborist/lib/arborist/reify.js:149:5)
1574 warn cleanup         at async Install.exec (/Users/zhaoyirui/.workbuddy/binaries/node/versions/22.22.2/lib/node_modules/npm/lib/commands/install.js:150:5)
1574 warn cleanup   ],
1574 warn cleanup   [
1574 warn cleanup     '/Users/zhaoyirui/WorkBuddy/2026-08-25-17-14-24/soft-ip-v4/frontend/node_modules/@types/babel__traverse',
1574 warn cleanup     Error: [safe-delete][SAFE_DELETE_BULK_CONFIRM_REQUIRED] {"count":53,"threshold":50,"scope":"turn","targets":["/Users/zhaoyirui/WorkBuddy/2026-08-25-17-14-24/soft-ip-v4/frontend/node_modules/@types/babel__traverse"],"targetCount":1}
1574 warn cleanup         at checkBulkDeleteGuard (/Applications/WorkBuddy.app/Contents/Resources/app.asar.unpacked/cli/vendor/shim/genie-safe-delete.cjs:222:19)
1574 warn cleanup         at tryTrash (/Applications/WorkBuddy.app/Contents/Resources/app.asar.unpacked/cli/vendor/shim/genie-safe-delete.cjs:546:5)
1574 warn cleanup         at tryRm (/Applications/WorkBuddy.app/Contents/Resources/app.asar.unpacked/cli/vendor/shim/genie-safe-delete.cjs:722:5)
1574 warn cleanup         at wrappedPromisesRm (/Applications/WorkBuddy.app/Contents/Resources/app.asar.unpacked/cli/vendor/shim/genie-safe-delete.cjs:766:15)
1574 warn cleanup         at /Users/zhaoyirui/.workbuddy/binaries/node/versions/22.22.2/lib/node_modules/npm/node_modules/@npmcli/arborist/lib/arborist/reify.js:657:20
1574 warn cleanup         at Array.map (<anonymous>)
1574 warn cleanup         at [rollbackCreateSparseTree] (/Users/zhaoyirui/.workbuddy/binaries/node/versions/22.22.2/lib/node_modules/npm/node_modules/@npmcli/arborist/lib/arborist/reify.js:657:8)
1574 warn cleanup         at [reifyPackages] (/Users/zhaoyirui/.workbuddy/binaries/node/versions/22.22.2/lib/node_modules/npm/node_modules/@npmcli/arborist/lib/arborist/reify.js:340:31)
1574 warn cleanup         at async Arborist.reify (/Users/zhaoyirui/.workbuddy/binaries/node/versions/22.22.2/lib/node_modules/npm/node_modules/@npmcli/arborist/lib/arborist/reify.js:149:5)
1574 warn cleanup         at async Install.exec (/Users/zhaoyirui/.workbuddy/binaries/node/versions/22.22.2/lib/node_modules/npm/lib/commands/install.js:150:5)
1574 warn cleanup   ],
1574 warn cleanup   [
1574 warn cleanup     '/Users/zhaoyirui/WorkBuddy/2026-08-25-17-14-24/soft-ip-v4/frontend/node_modules/@babel/helper-plugin-utils',
1574 warn cleanup     Error: [safe-delete][SAFE_DELETE_BULK_CONFIRM_REQUIRED] {"count":54,"threshold":50,"scope":"turn","targets":["/Users/zhaoyirui/WorkBuddy/2026-08-25-17-14-24/soft-ip-v4/frontend/node_modules/@babel/helper-plugin-utils"],"targetCount":1}
1574 warn cleanup         at checkBulkDeleteGuard (/Applications/WorkBuddy.app/Contents/Resources/app.asar.unpacked/cli/vendor/shim/genie-safe-delete.cjs:222:19)
1574 warn cleanup         at tryTrash (/Applications/WorkBuddy.app/Contents/Resources/app.asar.unpacked/cli/vendor/shim/genie-safe-delete.cjs:546:5)
1574 warn cleanup         at tryRm (/Applications/WorkBuddy.app/Contents/Resources/app.asar.unpacked/cli/vendor/shim/genie-safe-delete.cjs:722:5)
1574 warn cleanup         at wrappedPromisesRm (/Applications/WorkBuddy.app/Contents/Resources/app.asar.unpacked/cli/vendor/shim/genie-safe-delete.cjs:766:15)
1574 warn cleanup         at /Users/zhaoyirui/.workbuddy/binaries/node/versions/22.22.2/lib/node_modules/npm/node_modules/@npmcli/arborist/lib/arborist/reify.js:657:20
1574 warn cleanup         at Array.map (<anonymous>)
1574 warn cleanup         at [rollbackCreateSparseTree] (/Users/zhaoyirui/.workbuddy/binaries/node/versions/22.22.2/lib/node_modules/npm/node_modules/@npmcli/arborist/lib/arborist/reify.js:657:8)
1574 warn cleanup         at [reifyPackages] (/Users/zhaoyirui/.workbuddy/binaries/node/versions/22.22.2/lib/node_modules/npm/node_modules/@npmcli/arborist/lib/arborist/reify.js:340:31)
1574 warn cleanup         at async Arborist.reify (/Users/zhaoyirui/.workbuddy/binaries/node/versions/22.22.2/lib/node_modules/npm/node_modules/@npmcli/arborist/lib/arborist/reify.js:149:5)
1574 warn cleanup         at async Install.exec (/Users/zhaoyirui/.workbuddy/binaries/node/versions/22.22.2/lib/node_modules/npm/lib/commands/install.js:150:5)
1574 warn cleanup   ],
1574 warn cleanup   [
1574 warn cleanup     '/Users/zhaoyirui/WorkBuddy/2026-08-25-17-14-24/soft-ip-v4/frontend/node_modules/caniuse-lite',
1574 warn cleanup     Error: [safe-delete][SAFE_DELETE_BULK_CONFIRM_REQUIRED] {"count":890,"threshold":50,"scope":"turn","targets":["/Users/zhaoyirui/WorkBuddy/2026-08-25-17-14-24/soft-ip-v4/frontend/node_modules/caniuse-lite"],"targetCount":1}
1574 warn cleanup         at checkBulkDeleteGuard (/Applications/WorkBuddy.app/Contents/Resources/app.asar.unpacked/cli/vendor/shim/genie-safe-delete.cjs:222:19)
1574 warn cleanup         at tryTrash (/Applications/WorkBuddy.app/Contents/Resources/app.asar.unpacked/cli/vendor/shim/genie-safe-delete.cjs:546:5)
1574 warn cleanup         at tryRm (/Applications/WorkBuddy.app/Contents/Resources/app.asar.unpacked/cli/vendor/shim/genie-safe-delete.cjs:722:5)
1574 warn cleanup         at wrappedPromisesRm (/Applications/WorkBuddy.app/Contents/Resources/app.asar.unpacked/cli/vendor/shim/genie-safe-delete.cjs:766:15)
1574 warn cleanup         at /Users/zhaoyirui/.workbuddy/binaries/node/versions/22.22.2/lib/node_modules/npm/node_modules/@npmcli/arborist/lib/arborist/reify.js:657:20
1574 warn cleanup         at Array.map (<anonymous>)
1574 warn cleanup         at [rollbackCreateSparseTree] (/Users/zhaoyirui/.workbuddy/binaries/node/versions/22.22.2/lib/node_modules/npm/node_modules/@npmcli/arborist/lib/arborist/reify.js:657:8)
1574 warn cleanup         at [reifyPackages] (/Users/zhaoyirui/.workbuddy/binaries/node/versions/22.22.2/lib/node_modules/npm/node_modules/@npmcli/arborist/lib/arborist/reify.js:340:31)
1574 warn cleanup         at async Arborist.reify (/Users/zhaoyirui/.workbuddy/binaries/node/versions/22.22.2/lib/node_modules/npm/node_modules/@npmcli/arborist/lib/arborist/reify.js:149:5)
1574 warn cleanup         at async Install.exec (/Users/zhaoyirui/.workbuddy/binaries/node/versions/22.22.2/lib/node_modules/npm/lib/commands/install.js:150:5)
1574 warn cleanup   ],
1574 warn cleanup   [
1574 warn cleanup     '/Users/zhaoyirui/WorkBuddy/2026-08-25-17-14-24/soft-ip-v4/frontend/node_modules/fraction.js',
1574 warn cleanup     Error: [safe-delete][SAFE_DELETE_BULK_CONFIRM_REQUIRED] {"count":70,"threshold":50,"scope":"turn","targets":["/Users/zhaoyirui/WorkBuddy/2026-08-25-17-14-24/soft-ip-v4/frontend/node_modules/fraction.js"],"targetCount":1}
1574 warn cleanup         at checkBulkDeleteGuard (/Applications/WorkBuddy.app/Contents/Resources/app.asar.unpacked/cli/vendor/shim/genie-safe-delete.cjs:222:19)
1574 warn cleanup         at tryTrash (/Applications/WorkBuddy.app/Contents/Resources/app.asar.unpacked/cli/vendor/shim/genie-safe-delete.cjs:546:5)
1574 warn cleanup         at tryRm (/Applications/WorkBuddy.app/Contents/Resources/app.asar.unpacked/cli/vendor/shim/genie-safe-delete.cjs:722:5)
1574 warn cleanup         at wrappedPromisesRm (/Applications/WorkBuddy.app/Contents/Resources/app.asar.unpacked/cli/vendor/shim/genie-safe-delete.cjs:766:15)
1574 warn cleanup         at /Users/zhaoyirui/.workbuddy/binaries/node/versions/22.22.2/lib/node_modules/npm/node_modules/@npmcli/arborist/lib/arborist/reify.js:657:20
1574 warn cleanup         at Array.map (<anonymous>)
1574 warn cleanup         at [rollbackCreateSparseTree] (/Users/zhaoyirui/.workbuddy/binaries/node/versions/22.22.2/lib/node_modules/npm/node_modules/@npmcli/arborist/lib/arborist/reify.js:657:8)
1574 warn cleanup         at [reifyPackages] (/Users/zhaoyirui/.workbuddy/binaries/node/versions/22.22.2/lib/node_modules/npm/node_modules/@npmcli/arborist/lib/arborist/reify.js:340:31)
1574 warn cleanup         at async Arborist.reify (/Users/zhaoyirui/.workbuddy/binaries/node/versions/22.22.2/lib/node_modules/npm/node_modules/@npmcli/arborist/lib/arborist/reify.js:149:5)
1574 warn cleanup         at async Install.exec (/Users/zhaoyirui/.workbuddy/binaries/node/versions/22.22.2/lib/node_modules/npm/lib/commands/install.js:150:5)
1574 warn cleanup   ],
1574 warn cleanup   [
1574 warn cleanup     '/Users/zhaoyirui/WorkBuddy/2026-08-25-17-14-24/soft-ip-v4/frontend/node_modules/postcss-value-parser',
1574 warn cleanup     Error: [safe-delete][SAFE_DELETE_BULK_CONFIRM_REQUIRED] {"count":58,"threshold":50,"scope":"turn","targets":["/Users/zhaoyirui/WorkBuddy/2026-08-25-17-14-24/soft-ip-v4/frontend/node_modules/postcss-value-parser"],"targetCount":1}
1574 warn cleanup         at checkBulkDeleteGuard (/Applications/WorkBuddy.app/Contents/Resources/app.asar.unpacked/cli/vendor/shim/genie-safe-delete.cjs:222:19)
1574 warn cleanup         at tryTrash (/Applications/WorkBuddy.app/Contents/Resources/app.asar.unpacked/cli/vendor/shim/genie-safe-delete.cjs:546:5)
1574 warn cleanup         at tryRm (/Applications/WorkBuddy.app/Contents/Resources/app.asar.unpacked/cli/vendor/shim/genie-safe-delete.cjs:722:5)
1574 warn cleanup         at wrappedPromisesRm (/Applications/WorkBuddy.app/Contents/Resources/app.asar.unpacked/cli/vendor/shim/genie-safe-delete.cjs:766:15)
1574 warn cleanup         at /Users/zhaoyirui/.workbuddy/binaries/node/versions/22.22.2/lib/node_modules/npm/node_modules/@npmcli/arborist/lib/arborist/reify.js:657:20
1574 warn cleanup         at Array.map (<anonymous>)
1574 warn cleanup         at [rollbackCreateSparseTree] (/Users/zhaoyirui/.workbuddy/binaries/node/versions/22.22.2/lib/node_modules/npm/node_modules/@npmcli/arborist/lib/arborist/reify.js:657:8)
1574 warn cleanup         at [reifyPackages] (/Users/zhaoyirui/.workbuddy/binaries/node/versions/22.22.2/lib/node_modules/npm/node_modules/@npmcli/arborist/lib/arborist/reify.js:340:31)
1574 warn cleanup         at async Arborist.reify (/Users/zhaoyirui/.workbuddy/binaries/node/versions/22.22.2/lib/node_modules/npm/node_modules/@npmcli/arborist/lib/arborist/reify.js:149:5)
1574 warn cleanup         at async Install.exec (/Users/zhaoyirui/.workbuddy/binaries/node/versions/22.22.2/lib/node_modules/npm/lib/commands/install.js:150:5)
1574 warn cleanup   ],
1574 warn cleanup   [
1574 warn cleanup     '/Users/zhaoyirui/WorkBuddy/2026-08-25-17-14-24/soft-ip-v4/frontend/node_modules/baseline-browser-mapping',
1574 warn cleanup     Error: [safe-delete][SAFE_DELETE_BULK_CONFIRM_REQUIRED] {"count":58,"threshold":50,"scope":"turn","targets":["/Users/zhaoyirui/WorkBuddy/2026-08-25-17-14-24/soft-ip-v4/frontend/node_modules/baseline-browser-mapping"],"targetCount":1}
1574 warn cleanup         at checkBulkDeleteGuard (/Applications/WorkBuddy.app/Contents/Resources/app.asar.unpacked/cli/vendor/shim/genie-safe-delete.cjs:222:19)
1574 warn cleanup         at tryTrash (/Applications/WorkBuddy.app/Contents/Resources/app.asar.unpacked/cli/vendor/shim/genie-safe-delete.cjs:546:5)
1574 warn cleanup         at tryRm (/Applications/WorkBuddy.app/Contents/Resources/app.asar.unpacked/cli/vendor/shim/genie-safe-delete.cjs:722:5)
1574 warn cleanup         at wrappedPromisesRm (/Applications/WorkBuddy.app/Contents/Resources/app.asar.unpacked/cli/vendor/shim/genie-safe-delete.cjs:766:15)
1574 warn cleanup         at /Users/zhaoyirui/.workbuddy/binaries/node/versions/22.22.2/lib/node_modules/npm/node_modules/@npmcli/arborist/lib/arborist/reify.js:657:20
1574 warn cleanup         at Array.map (<anonymous>)
1574 warn cleanup         at [rollbackCreateSparseTree] (/Users/zhaoyirui/.workbuddy/binaries/node/versions/22.22.2/lib/node_modules/npm/node_modules/@npmcli/arborist/lib/arborist/reify.js:657:8)
1574 warn cleanup         at [reifyPackages] (/Users/zhaoyirui/.workbuddy/binaries/node/versions/22.22.2/lib/node_modules/npm/node_modules/@npmcli/arborist/lib/arborist/reify.js:340:31)
1574 warn cleanup         at async Arborist.reify (/Users/zhaoyirui/.workbuddy/binaries/node/versions/22.22.2/lib/node_modules/npm/node_modules/@npmcli/arborist/lib/arborist/reify.js:149:5)
1574 warn cleanup         at async Install.exec (/Users/zhaoyirui/.workbuddy/binaries/node/versions/22.22.2/lib/node_modules/npm/lib/commands/install.js:150:5)
1574 warn cleanup   ],
1574 warn cleanup   [
1574 warn cleanup     '/Users/zhaoyirui/WorkBuddy/2026-08-25-17-14-24/soft-ip-v4/frontend/node_modules/electron-to-chromium',
1574 warn cleanup     Error: [safe-delete][SAFE_DELETE_BULK_CONFIRM_REQUIRED] {"count":61,"threshold":50,"scope":"turn","targets":["/Users/zhaoyirui/WorkBuddy/2026-08-25-17-14-24/soft-ip-v4/frontend/node_modules/electron-to-chromium"],"targetCount":1}
1574 warn cleanup         at checkBulkDeleteGuard (/Applications/WorkBuddy.app/Contents/Resources/app.asar.unpacked/cli/vendor/shim/genie-safe-delete.cjs:222:19)
1574 warn cleanup         at tryTrash (/Applications/WorkBuddy.app/Contents/Resources/app.asar.unpacked/cli/vendor/shim/genie-safe-delete.cjs:546:5)
1574 warn cleanup         at tryRm (/Applications/WorkBuddy.app/Contents/Resources/app.asar.unpacked/cli/vendor/shim/genie-safe-delete.cjs:722:5)
1574 warn cleanup         at wrappedPromisesRm (/Applications/WorkBuddy.app/Contents/Resources/app.asar.unpacked/cli/vendor/shim/genie-safe-delete.cjs:766:15)
1574 warn cleanup         at /Users/zhaoyirui/.workbuddy/binaries/node/versions/22.22.2/lib/node_modules/npm/node_modules/@npmcli/arborist/lib/arborist/reify.js:657:20
1574 warn cleanup         at Array.map (<anonymous>)
1574 warn cleanup         at [rollbackCreateSparseTree] (/Users/zhaoyirui/.workbuddy/binaries/node/versions/22.22.2/lib/node_modules/npm/node_modules/@npmcli/arborist/lib/arborist/reify.js:657:8)
1574 warn cleanup         at [reifyPackages] (/Users/zhaoyirui/.workbuddy/binaries/node/versions/22.22.2/lib/node_modules/npm/node_modules/@npmcli/arborist/lib/arborist/reify.js:340:31)
1574 warn cleanup         at async Arborist.reify (/Users/zhaoyirui/.workbuddy/binaries/node/versions/22.22.2/lib/node_modules/npm/node_modules/@npmcli/arborist/lib/arborist/reify.js:149:5)
1574 warn cleanup         at async Install.exec (/Users/zhaoyirui/.workbuddy/binaries/node/versions/22.22.2/lib/node_modules/npm/lib/commands/install.js:150:5)
1574 warn cleanup   ],
1574 warn cleanup   [
1574 warn cleanup     '/Users/zhaoyirui/WorkBuddy/2026-08-25-17-14-24/soft-ip-v4/frontend/node_modules/node-releases',
1574 warn cleanup     Error: [safe-delete][SAFE_DELETE_BULK_CONFIRM_REQUIRED] {"count":54,"threshold":50,"scope":"turn","targets":["/Users/zhaoyirui/WorkBuddy/2026-08-25-17-14-24/soft-ip-v4/frontend/node_modules/node-releases"],"targetCount":1}
1574 warn cleanup         at checkBulkDeleteGuard (/Applications/WorkBuddy.app/Contents/Resources/app.asar.unpacked/cli/vendor/shim/genie-safe-delete.cjs:222:19)
1574 warn cleanup         at tryTrash (/Applications/WorkBuddy.app/Contents/Resources/app.asar.unpacked/cli/vendor/shim/genie-safe-delete.cjs:546:5)
1574 warn cleanup         at tryRm (/Applications/WorkBuddy.app/Contents/Resources/app.asar.unpacked/cli/vendor/shim/genie-safe-delete.cjs:722:5)
1574 warn cleanup         at wrappedPromisesRm (/Applications/WorkBuddy.app/Contents/Resources/app.asar.unpacked/cli/vendor/shim/genie-safe-delete.cjs:766:15)
1574 warn cleanup         at /Users/zhaoyirui/.workbuddy/binaries/node/versions/22.22.2/lib/node_modules/npm/node_modules/@npmcli/arborist/lib/arborist/reify.js:657:20
1574 warn cleanup         at Array.map (<anonymous>)
1574 warn cleanup         at [rollbackCreateSparseTree] (/Users/zhaoyirui/.workbuddy/binaries/node/versions/22.22.2/lib/node_modules/npm/node_modules/@npmcli/arborist/lib/arborist/reify.js:657:8)
1574 warn cleanup         at [reifyPackages] (/Users/zhaoyirui/.workbuddy/binaries/node/versions/22.22.2/lib/node_modules/npm/node_modules/@npmcli/arborist/lib/arborist/reify.js:340:31)
1574 warn cleanup         at async Arborist.reify (/Users/zhaoyirui/.workbuddy/binaries/node/versions/22.22.2/lib/node_modules/npm/node_modules/@npmcli/arborist/lib/arborist/reify.js:149:5)
1574 warn cleanup         at async Install.exec (/Users/zhaoyirui/.workbuddy/binaries/node/versions/22.22.2/lib/node_modules/npm/lib/commands/install.js:150:5)
1574 warn cleanup   ],
1574 warn cleanup   [
1574 warn cleanup     '/Users/zhaoyirui/WorkBuddy/2026-08-25-17-14-24/soft-ip-v4/frontend/node_modules/update-browserslist-db',
1574 warn cleanup     Error: [safe-delete][SAFE_DELETE_BULK_CONFIRM_REQUIRED] {"count":57,"threshold":50,"scope":"turn","targets":["/Users/zhaoyirui/WorkBuddy/2026-08-25-17-14-24/soft-ip-v4/frontend/node_modules/update-browserslist-db"],"targetCount":1}
1574 warn cleanup         at checkBulkDeleteGuard (/Applications/WorkBuddy.app/Contents/Resources/app.asar.unpacked/cli/vendor/shim/genie-safe-delete.cjs:222:19)
1574 warn cleanup         at tryTrash (/Applications/WorkBuddy.app/Contents/Resources/app.asar.unpacked/cli/vendor/shim/genie-safe-delete.cjs:546:5)
1574 warn cleanup         at tryRm (/Applications/WorkBuddy.app/Contents/Resources/app.asar.unpacked/cli/vendor/shim/genie-safe-delete.cjs:722:5)
1574 warn cleanup         at wrappedPromisesRm (/Applications/WorkBuddy.app/Contents/Resources/app.asar.unpacked/cli/vendor/shim/genie-safe-delete.cjs:766:15)
1574 warn cleanup         at /Users/zhaoyirui/.workbuddy/binaries/node/versions/22.22.2/lib/node_modules/npm/node_modules/@npmcli/arborist/lib/arborist/reify.js:657:20
1574 warn cleanup         at Array.map (<anonymous>)
1574 warn cleanup         at [rollbackCreateSparseTree] (/Users/zhaoyirui/.workbuddy/binaries/node/versions/22.22.2/lib/node_modules/npm/node_modules/@npmcli/arborist/lib/arborist/reify.js:657:8)
1574 warn cleanup         at [reifyPackages] (/Users/zhaoyirui/.workbuddy/binaries/node/versions/22.22.2/lib/node_modules/npm/node_modules/@npmcli/arborist/lib/arborist/reify.js:340:31)
1574 warn cleanup         at async Arborist.reify (/Users/zhaoyirui/.workbuddy/binaries/node/versions/22.22.2/lib/node_modules/npm/node_modules/@npmcli/arborist/lib/arborist/reify.js:149:5)
1574 warn cleanup         at async Install.exec (/Users/zhaoyirui/.workbuddy/binaries/node/versions/22.22.2/lib/node_modules/npm/lib/commands/install.js:150:5)
1574 warn cleanup   ],
1574 warn cleanup   [
1574 warn cleanup     '/Users/zhaoyirui/WorkBuddy/2026-08-25-17-14-24/soft-ip-v4/frontend/node_modules/@babel/plugin-transform-react-jsx-source',
1574 warn cleanup     Error: [safe-delete][SAFE_DELETE_BULK_CONFIRM_REQUIRED] {"count":54,"threshold":50,"scope":"turn","targets":["/Users/zhaoyirui/WorkBuddy/2026-08-25-17-14-24/soft-ip-v4/frontend/node_modules/@babel/plugin-transform-react-jsx-source"],"targetCount":1}
1574 warn cleanup         at checkBulkDeleteGuard (/Applications/WorkBuddy.app/Contents/Resources/app.asar.unpacked/cli/vendor/shim/genie-safe-delete.cjs:222:19)
1574 warn cleanup         at tryTrash (/Applications/WorkBuddy.app/Contents/Resources/app.asar.unpacked/cli/vendor/shim/genie-safe-delete.cjs:546:5)
1574 warn cleanup         at tryRm (/Applications/WorkBuddy.app/Contents/Resources/app.asar.unpacked/cli/vendor/shim/genie-safe-delete.cjs:722:5)
1574 warn cleanup         at wrappedPromisesRm (/Applications/WorkBuddy.app/Contents/Resources/app.asar.unpacked/cli/vendor/shim/genie-safe-delete.cjs:766:15)
1574 warn cleanup         at /Users/zhaoyirui/.workbuddy/binaries/node/versions/22.22.2/lib/node_modules/npm/node_modules/@npmcli/arborist/lib/arborist/reify.js:657:20
1574 warn cleanup         at Array.map (<anonymous>)
1574 warn cleanup         at [rollbackCreateSparseTree] (/Users/zhaoyirui/.workbuddy/binaries/node/versions/22.22.2/lib/node_modules/npm/node_modules/@npmcli/arborist/lib/arborist/reify.js:657:8)
1574 warn cleanup         at [reifyPackages] (/Users/zhaoyirui/.workbuddy/binaries/node/versions/22.22.2/lib/node_modules/npm/node_modules/@npmcli/arborist/lib/arborist/reify.js:340:31)
1574 warn cleanup         at async Arborist.reify (/Users/zhaoyirui/.workbuddy/binaries/node/versions/22.22.2/lib/node_modules/npm/node_modules/@npmcli/arborist/lib/arborist/reify.js:149:5)
1574 warn cleanup         at async Install.exec (/Users/zhaoyirui/.workbuddy/binaries/node/versions/22.22.2/lib/node_modules/npm/lib/commands/install.js:150:5)
1574 warn cleanup   ],
1574 warn cleanup   [
1574 warn cleanup     '/Users/zhaoyirui/WorkBuddy/2026-08-25-17-14-24/soft-ip-v4/frontend/node_modules/ms',
1574 warn cleanup     Error: [safe-delete][SAFE_DELETE_BULK_CONFIRM_REQUIRED] {"count":53,"threshold":50,"scope":"turn","targets":["/Users/zhaoyirui/WorkBuddy/2026-08-25-17-14-24/soft-ip-v4/frontend/node_modules/ms"],"targetCount":1}
1574 warn cleanup         at checkBulkDeleteGuard (/Applications/WorkBuddy.app/Contents/Resources/app.asar.unpacked/cli/vendor/shim/genie-safe-delete.cjs:222:19)
1574 warn cleanup         at tryTrash (/Applications/WorkBuddy.app/Contents/Resources/app.asar.unpacked/cli/vendor/shim/genie-safe-delete.cjs:546:5)
1574 warn cleanup         at tryRm (/Applications/WorkBuddy.app/Contents/Resources/app.asar.unpacked/cli/vendor/shim/genie-safe-delete.cjs:722:5)
1574 warn cleanup         at wrappedPromisesRm (/Applications/WorkBuddy.app/Contents/Resources/app.asar.unpacked/cli/vendor/shim/genie-safe-delete.cjs:766:15)
1574 warn cleanup         at /Users/zhaoyirui/.workbuddy/binaries/node/versions/22.22.2/lib/node_modules/npm/node_modules/@npmcli/arborist/lib/arborist/reify.js:657:20
1574 warn cleanup         at Array.map (<anonymous>)
1574 warn cleanup         at [rollbackCreateSparseTree] (/Users/zhaoyirui/.workbuddy/binaries/node/versions/22.22.2/lib/node_modules/npm/node_modules/@npmcli/arborist/lib/arborist/reify.js:657:8)
1574 warn cleanup         at [reifyPackages] (/Users/zhaoyirui/.workbuddy/binaries/node/versions/22.22.2/lib/node_modules/npm/node_modules/@npmcli/arborist/lib/arborist/reify.js:340:31)
1574 warn cleanup         at async Arborist.reify (/Users/zhaoyirui/.workbuddy/binaries/node/versions/22.22.2/lib/node_modules/npm/node_modules/@npmcli/arborist/lib/arborist/reify.js:149:5)
1574 warn cleanup         at async Install.exec (/Users/zhaoyirui/.workbuddy/binaries/node/versions/22.22.2/lib/node_modules/npm/lib/commands/install.js:150:5)
1574 warn cleanup   ],
1574 warn cleanup   [
1574 warn cleanup     '/Users/zhaoyirui/WorkBuddy/2026-08-25-17-14-24/soft-ip-v4/frontend/node_modules/@babel/helper-string-parser',
1574 warn cleanup     Error: [safe-delete][SAFE_DELETE_BULK_CONFIRM_REQUIRED] {"count":54,"threshold":50,"scope":"turn","targets":["/Users/zhaoyirui/WorkBuddy/2026-08-25-17-14-24/soft-ip-v4/frontend/node_modules/@babel/helper-string-parser"],"targetCount":1}
1574 warn cleanup         at checkBulkDeleteGuard (/Applications/WorkBuddy.app/Contents/Resources/app.asar.unpacked/cli/vendor/shim/genie-safe-delete.cjs:222:19)
1574 warn cleanup         at tryTrash (/Applications/WorkBuddy.app/Contents/Resources/app.asar.unpacked/cli/vendor/shim/genie-safe-delete.cjs:546:5)
1574 warn cleanup         at tryRm (/Applications/WorkBuddy.app/Contents/Resources/app.asar.unpacked/cli/vendor/shim/genie-safe-delete.cjs:722:5)
1574 warn cleanup         at wrappedPromisesRm (/Applications/WorkBuddy.app/Contents/Resources/app.asar.unpacked/cli/vendor/shim/genie-safe-delete.cjs:766:15)
1574 warn cleanup         at /Users/zhaoyirui/.workbuddy/binaries/node/versions/22.22.2/lib/node_modules/npm/node_modules/@npmcli/arborist/lib/arborist/reify.js:657:20
1574 warn cleanup         at Array.map (<anonymous>)
1574 warn cleanup         at [rollbackCreateSparseTree] (/Users/zhaoyirui/.workbuddy/binaries/node/versions/22.22.2/lib/node_modules/npm/node_modules/@npmcli/arborist/lib/arborist/reify.js:657:8)
1574 warn cleanup         at [reifyPackages] (/Users/zhaoyirui/.workbuddy/binaries/node/versions/22.22.2/lib/node_modules/npm/node_modules/@npmcli/arborist/lib/arborist/reify.js:340:31)
1574 warn cleanup         at async Arborist.reify (/Users/zhaoyirui/.workbuddy/binaries/node/versions/22.22.2/lib/node_modules/npm/node_modules/@npmcli/arborist/lib/arborist/reify.js:149:5)
1574 warn cleanup         at async Install.exec (/Users/zhaoyirui/.workbuddy/binaries/node/versions/22.22.2/lib/node_modules/npm/lib/commands/install.js:150:5)
1574 warn cleanup   ],
1574 warn cleanup   [
1574 warn cleanup     '/Users/zhaoyirui/WorkBuddy/2026-08-25-17-14-24/soft-ip-v4/frontend/node_modules/zrender',
1574 warn cleanup     Error: [safe-delete][SAFE_DELETE_BULK_CONFIRM_REQUIRED] {"count":425,"threshold":50,"scope":"turn","targets":["/Users/zhaoyirui/WorkBuddy/2026-08-25-17-14-24/soft-ip-v4/frontend/node_modules/zrender"],"targetCount":1}
1574 warn cleanup         at checkBulkDeleteGuard (/Applications/WorkBuddy.app/Contents/Resources/app.asar.unpacked/cli/vendor/shim/genie-safe-delete.cjs:222:19)
1574 warn cleanup         at tryTrash (/Applications/WorkBuddy.app/Contents/Resources/app.asar.unpacked/cli/vendor/shim/genie-safe-delete.cjs:546:5)
1574 warn cleanup         at tryRm (/Applications/WorkBuddy.app/Contents/Resources/app.asar.unpacked/cli/vendor/shim/genie-safe-delete.cjs:722:5)
1574 warn cleanup         at wrappedPromisesRm (/Applications/WorkBuddy.app/Contents/Resources/app.asar.unpacked/cli/vendor/shim/genie-safe-delete.cjs:766:15)
1574 warn cleanup         at /Users/zhaoyirui/.workbuddy/binaries/node/versions/22.22.2/lib/node_modules/npm/node_modules/@npmcli/arborist/lib/arborist/reify.js:657:20
1574 warn cleanup         at Array.map (<anonymous>)
1574 warn cleanup         at [rollbackCreateSparseTree] (/Users/zhaoyirui/.workbuddy/binaries/node/versions/22.22.2/lib/node_modules/npm/node_modules/@npmcli/arborist/lib/arborist/reify.js:657:8)
1574 warn cleanup         at [reifyPackages] (/Users/zhaoyirui/.workbuddy/binaries/node/versions/22.22.2/lib/node_modules/npm/node_modules/@npmcli/arborist/lib/arborist/reify.js:340:31)
1574 warn cleanup         at async Arborist.reify (/Users/zhaoyirui/.workbuddy/binaries/node/versions/22.22.2/lib/node_modules/npm/node_modules/@npmcli/arborist/lib/arborist/reify.js:149:5)
1574 warn cleanup         at async Install.exec (/Users/zhaoyirui/.workbuddy/binaries/node/versions/22.22.2/lib/node_modules/npm/lib/commands/install.js:150:5)
1574 warn cleanup   ],
1574 warn cleanup   [
1574 warn cleanup     '/Users/zhaoyirui/WorkBuddy/2026-08-25-17-14-24/soft-ip-v4/frontend/node_modules/yallist',
1574 warn cleanup     Error: [safe-delete][SAFE_DELETE_BULK_CONFIRM_REQUIRED] {"count":54,"threshold":50,"scope":"turn","targets":["/Users/zhaoyirui/WorkBuddy/2026-08-25-17-14-24/soft-ip-v4/frontend/node_modules/yallist"],"targetCount":1}
1574 warn cleanup         at checkBulkDeleteGuard (/Applications/WorkBuddy.app/Contents/Resources/app.asar.unpacked/cli/vendor/shim/genie-safe-delete.cjs:222:19)
1574 warn cleanup         at tryTrash (/Applications/WorkBuddy.app/Contents/Resources/app.asar.unpacked/cli/vendor/shim/genie-safe-delete.cjs:546:5)
1574 warn cleanup         at tryRm (/Applications/WorkBuddy.app/Contents/Resources/app.asar.unpacked/cli/vendor/shim/genie-safe-delete.cjs:722:5)
1574 warn cleanup         at wrappedPromisesRm (/Applications/WorkBuddy.app/Contents/Resources/app.asar.unpacked/cli/vendor/shim/genie-safe-delete.cjs:766:15)
1574 warn cleanup         at /Users/zhaoyirui/.workbuddy/binaries/node/versions/22.22.2/lib/node_modules/npm/node_modules/@npmcli/arborist/lib/arborist/reify.js:657:20
1574 warn cleanup         at Array.map (<anonymous>)
1574 warn cleanup         at [rollbackCreateSparseTree] (/Users/zhaoyirui/.workbuddy/binaries/node/versions/22.22.2/lib/node_modules/npm/node_modules/@npmcli/arborist/lib/arborist/reify.js:657:8)
1574 warn cleanup         at [reifyPackages] (/Users/zhaoyirui/.workbuddy/binaries/node/versions/22.22.2/lib/node_modules/npm/node_modules/@npmcli/arborist/lib/arborist/reify.js:340:31)
1574 warn cleanup         at async Arborist.reify (/Users/zhaoyirui/.workbuddy/binaries/node/versions/22.22.2/lib/node_modules/npm/node_modules/@npmcli/arborist/lib/arborist/reify.js:149:5)
1574 warn cleanup         at async Install.exec (/Users/zhaoyirui/.workbuddy/binaries/node/versions/22.22.2/lib/node_modules/npm/lib/commands/install.js:150:5)
1574 warn cleanup   ],
1574 warn cleanup   [
1574 warn cleanup     '/Users/zhaoyirui/WorkBuddy/2026-08-25-17-14-24/soft-ip-v4/frontend/node_modules/tslib',
1574 warn cleanup     Error: [safe-delete][SAFE_DELETE_BULK_CONFIRM_REQUIRED] {"count":60,"threshold":50,"scope":"turn","targets":["/Users/zhaoyirui/WorkBuddy/2026-08-25-17-14-24/soft-ip-v4/frontend/node_modules/tslib"],"targetCount":1}
1574 warn cleanup         at checkBulkDeleteGuard (/Applications/WorkBuddy.app/Contents/Resources/app.asar.unpacked/cli/vendor/shim/genie-safe-delete.cjs:222:19)
1574 warn cleanup         at tryTrash (/Applications/WorkBuddy.app/Contents/Resources/app.asar.unpacked/cli/vendor/shim/genie-safe-delete.cjs:546:5)
1574 warn cleanup         at tryRm (/Applications/WorkBuddy.app/Contents/Resources/app.asar.unpacked/cli/vendor/shim/genie-safe-delete.cjs:722:5)
1574 warn cleanup         at wrappedPromisesRm (/Applications/WorkBuddy.app/Contents/Resources/app.asar.unpacked/cli/vendor/shim/genie-safe-delete.cjs:766:15)
1574 warn cleanup         at /Users/zhaoyirui/.workbuddy/binaries/node/versions/22.22.2/lib/node_modules/npm/node_modules/@npmcli/arborist/lib/arborist/reify.js:657:20
1574 warn cleanup         at Array.map (<anonymous>)
1574 warn cleanup         at [rollbackCreateSparseTree] (/Users/zhaoyirui/.workbuddy/binaries/node/versions/22.22.2/lib/node_modules/npm/node_modules/@npmcli/arborist/lib/arborist/reify.js:657:8)
1574 warn cleanup         at [reifyPackages] (/Users/zhaoyirui/.workbuddy/binaries/node/versions/22.22.2/lib/node_modules/npm/node_modules/@npmcli/arborist/lib/arborist/reify.js:340:31)
1574 warn cleanup         at async Arborist.reify (/Users/zhaoyirui/.workbuddy/binaries/node/versions/22.22.2/lib/node_modules/npm/node_modules/@npmcli/arborist/lib/arborist/reify.js:149:5)
1574 warn cleanup         at async Install.exec (/Users/zhaoyirui/.workbuddy/binaries/node/versions/22.22.2/lib/node_modules/npm/lib/commands/install.js:150:5)
1574 warn cleanup   ],
1574 warn cleanup   [
1574 warn cleanup     '/Users/zhaoyirui/WorkBuddy/2026-08-25-17-14-24/soft-ip-v4/frontend/node_modules/nanoid',
1574 warn cleanup     Error: [safe-delete][SAFE_DELETE_BULK_CONFIRM_REQUIRED] {"count":74,"threshold":50,"scope":"turn","targets":["/Users/zhaoyirui/WorkBuddy/2026-08-25-17-14-24/soft-ip-v4/frontend/node_modules/nanoid"],"targetCount":1}
1574 warn cleanup         at checkBulkDeleteGuard (/Applications/WorkBuddy.app/Contents/Resources/app.asar.unpacked/cli/vendor/shim/genie-safe-delete.cjs:222:19)
1574 warn cleanup         at tryTrash (/Applications/WorkBuddy.app/Contents/Resources/app.asar.unpacked/cli/vendor/shim/genie-safe-delete.cjs:546:5)
1574 warn cleanup         at tryRm (/Applications/WorkBuddy.app/Contents/Resources/app.asar.unpacked/cli/vendor/shim/genie-safe-delete.cjs:722:5)
1574 warn cleanup         at wrappedPromisesRm (/Applications/WorkBuddy.app/Contents/Resources/app.asar.unpacked/cli/vendor/shim/genie-safe-delete.cjs:766:15)
1574 warn cleanup         at /Users/zhaoyirui/.workbuddy/binaries/node/versions/22.22.2/lib/node_modules/npm/node_modules/@npmcli/arborist/lib/arborist/reify.js:657:20
1574 warn cleanup         at Array.map (<anonymous>)
1574 warn cleanup         at [rollbackCreateSparseTree] (/Users/zhaoyirui/.workbuddy/binaries/node/versions/22.22.2/lib/node_modules/npm/node_modules/@npmcli/arborist/lib/arborist/reify.js:657:8)
1574 warn cleanup         at [reifyPackages] (/Users/zhaoyirui/.workbuddy/binaries/node/versions/22.22.2/lib/node_modules/npm/node_modules/@npmcli/arborist/lib/arborist/reify.js:340:31)
1574 warn cleanup         at async Arborist.reify (/Users/zhaoyirui/.workbuddy/binaries/node/versions/22.22.2/lib/node_modules/npm/node_modules/@npmcli/arborist/lib/arborist/reify.js:149:5)
1574 warn cleanup         at async Install.exec (/Users/zhaoyirui/.workbuddy/binaries/node/versions/22.22.2/lib/node_modules/npm/lib/commands/install.js:150:5)
1574 warn cleanup   ],
1574 warn cleanup   [
1574 warn cleanup     '/Users/zhaoyirui/WorkBuddy/2026-08-25-17-14-24/soft-ip-v4/frontend/node_modules/loose-envify',
1574 warn cleanup     Error: [safe-delete][SAFE_DELETE_BULK_CONFIRM_REQUIRED] {"count":57,"threshold":50,"scope":"turn","targets":["/Users/zhaoyirui/WorkBuddy/2026-08-25-17-14-24/soft-ip-v4/frontend/node_modules/loose-envify"],"targetCount":1}
1574 warn cleanup         at checkBulkDeleteGuard (/Applications/WorkBuddy.app/Contents/Resources/app.asar.unpacked/cli/vendor/shim/genie-safe-delete.cjs:222:19)
1574 warn cleanup         at tryTrash (/Applications/WorkBuddy.app/Contents/Resources/app.asar.unpacked/cli/vendor/shim/genie-safe-delete.cjs:546:5)
1574 warn cleanup         at tryRm (/Applications/WorkBuddy.app/Contents/Resources/app.asar.unpacked/cli/vendor/shim/genie-safe-delete.cjs:722:5)
1574 warn cleanup         at wrappedPromisesRm (/Applications/WorkBuddy.app/Contents/Resources/app.asar.unpacked/cli/vendor/shim/genie-safe-delete.cjs:766:15)
1574 warn cleanup         at /Users/zhaoyirui/.workbuddy/binaries/node/versions/22.22.2/lib/node_modules/npm/node_modules/@npmcli/arborist/lib/arborist/reify.js:657:20
1574 warn cleanup         at Array.map (<anonymous>)
1574 warn cleanup         at [rollbackCreateSparseTree] (/Users/zhaoyirui/.workbuddy/binaries/node/versions/22.22.2/lib/node_modules/npm/node_modules/@npmcli/arborist/lib/arborist/reify.js:657:8)
1574 warn cleanup         at [reifyPackages] (/Users/zhaoyirui/.workbuddy/binaries/node/versions/22.22.2/lib/node_modules/npm/node_modules/@npmcli/arborist/lib/arborist/reify.js:340:31)
1574 warn cleanup         at async Arborist.reify (/Users/zhaoyirui/.workbuddy/binaries/node/versions/22.22.2/lib/node_modules/npm/node_modules/@npmcli/arborist/lib/arborist/reify.js:149:5)
1574 warn cleanup         at async Install.exec (/Users/zhaoyirui/.workbuddy/binaries/node/versions/22.22.2/lib/node_modules/npm/lib/commands/install.js:150:5)
1574 warn cleanup   ],
1574 warn cleanup   [
1574 warn cleanup     '/Users/zhaoyirui/WorkBuddy/2026-08-25-17-14-24/soft-ip-v4/frontend/node_modules/react-router',
1574 warn cleanup     Error: [safe-delete][SAFE_DELETE_BULK_CONFIRM_REQUIRED] {"count":69,"threshold":50,"scope":"turn","targets":["/Users/zhaoyirui/WorkBuddy/2026-08-25-17-14-24/soft-ip-v4/frontend/node_modules/react-router"],"targetCount":1}
1574 warn cleanup         at checkBulkDeleteGuard (/Applications/WorkBuddy.app/Contents/Resources/app.asar.unpacked/cli/vendor/shim/genie-safe-delete.cjs:222:19)
1574 warn cleanup         at tryTrash (/Applications/WorkBuddy.app/Contents/Resources/app.asar.unpacked/cli/vendor/shim/genie-safe-delete.cjs:546:5)
1574 warn cleanup         at tryRm (/Applications/WorkBuddy.app/Contents/Resources/app.asar.unpacked/cli/vendor/shim/genie-safe-delete.cjs:722:5)
1574 warn cleanup         at wrappedPromisesRm (/Applications/WorkBuddy.app/Contents/Resources/app.asar.unpacked/cli/vendor/shim/genie-safe-delete.cjs:766:15)
1574 warn cleanup         at /Users/zhaoyirui/.workbuddy/binaries/node/versions/22.22.2/lib/node_modules/npm/node_modules/@npmcli/arborist/lib/arborist/reify.js:657:20
1574 warn cleanup         at Array.map (<anonymous>)
1574 warn cleanup         at [rollbackCreateSparseTree] (/Users/zhaoyirui/.workbuddy/binaries/node/versions/22.22.2/lib/node_modules/npm/node_modules/@npmcli/arborist/lib/arborist/reify.js:657:8)
1574 warn cleanup         at [reifyPackages] (/Users/zhaoyirui/.workbuddy/binaries/node/versions/22.22.2/lib/node_modules/npm/node_modules/@npmcli/arborist/lib/arborist/reify.js:340:31)
1574 warn cleanup         at async Arborist.reify (/Users/zhaoyirui/.workbuddy/binaries/node/versions/22.22.2/lib/node_modules/npm/node_modules/@npmcli/arborist/lib/arborist/reify.js:149:5)
1574 warn cleanup         at async Install.exec (/Users/zhaoyirui/.workbuddy/binaries/node/versions/22.22.2/lib/node_modules/npm/lib/commands/install.js:150:5)
1574 warn cleanup   ],
1574 warn cleanup   [
1574 warn cleanup     '/Users/zhaoyirui/WorkBuddy/2026-08-25-17-14-24/soft-ip-v4/frontend/node_modules/@remix-run',
1574 warn cleanup     Error: [safe-delete][SAFE_DELETE_BULK_CONFIRM_REQUIRED] {"count":69,"threshold":50,"scope":"turn","targets":["/Users/zhaoyirui/WorkBuddy/2026-08-25-17-14-24/soft-ip-v4/frontend/node_modules/@remix-run"],"targetCount":1}
1574 warn cleanup         at checkBulkDeleteGuard (/Applications/WorkBuddy.app/Contents/Resources/app.asar.unpacked/cli/vendor/shim/genie-safe-delete.cjs:222:19)
1574 warn cleanup         at tryTrash (/Applications/WorkBuddy.app/Contents/Resources/app.asar.unpacked/cli/vendor/shim/genie-safe-delete.cjs:546:5)
1574 warn cleanup         at tryRm (/Applications/WorkBuddy.app/Contents/Resources/app.asar.unpacked/cli/vendor/shim/genie-safe-delete.cjs:722:5)
1574 warn cleanup         at wrappedPromisesRm (/Applications/WorkBuddy.app/Contents/Resources/app.asar.unpacked/cli/vendor/shim/genie-safe-delete.cjs:766:15)
1574 warn cleanup         at /Users/zhaoyirui/.workbuddy/binaries/node/versions/22.22.2/lib/node_modules/npm/node_modules/@npmcli/arborist/lib/arborist/reify.js:657:20
1574 warn cleanup         at Array.map (<anonymous>)
1574 warn cleanup         at [rollbackCreateSparseTree] (/Users/zhaoyirui/.workbuddy/binaries/node/versions/22.22.2/lib/node_modules/npm/node_modules/@npmcli/arborist/lib/arborist/reify.js:657:8)
1574 warn cleanup         at [reifyPackages] (/Users/zhaoyirui/.workbuddy/binaries/node/versions/22.22.2/lib/node_modules/npm/node_modules/@npmcli/arborist/lib/arborist/reify.js:340:31)
1574 warn cleanup         at async Arborist.reify (/Users/zhaoyirui/.workbuddy/binaries/node/versions/22.22.2/lib/node_modules/npm/node_modules/@npmcli/arborist/lib/arborist/reify.js:149:5)
1574 warn cleanup         at async Install.exec (/Users/zhaoyirui/.workbuddy/binaries/node/versions/22.22.2/lib/node_modules/npm/lib/commands/install.js:150:5)
1574 warn cleanup   ],
1574 warn cleanup   [
1574 warn cleanup     '/Users/zhaoyirui/WorkBuddy/2026-08-25-17-14-24/soft-ip-v4/frontend/node_modules/arg',
1574 warn cleanup     Error: [safe-delete][SAFE_DELETE_BULK_CONFIRM_REQUIRED] {"count":54,"threshold":50,"scope":"turn","targets":["/Users/zhaoyirui/WorkBuddy/2026-08-25-17-14-24/soft-ip-v4/frontend/node_modules/arg"],"targetCount":1}
1574 warn cleanup         at checkBulkDeleteGuard (/Applications/WorkBuddy.app/Contents/Resources/app.asar.unpacked/cli/vendor/shim/genie-safe-delete.cjs:222:19)
1574 warn cleanup         at tryTrash (/Applications/WorkBuddy.app/Contents/Resources/app.asar.unpacked/cli/vendor/shim/genie-safe-delete.cjs:546:5)
1574 warn cleanup         at tryRm (/Applications/WorkBuddy.app/Contents/Resources/app.asar.unpacked/cli/vendor/shim/genie-safe-delete.cjs:722:5)
1574 warn cleanup         at wrappedPromisesRm (/Applications/WorkBuddy.app/Contents/Resources/app.asar.unpacked/cli/vendor/shim/genie-safe-delete.cjs:766:15)
1574 warn cleanup         at /Users/zhaoyirui/.workbuddy/binaries/node/versions/22.22.2/lib/node_modules/npm/node_modules/@npmcli/arborist/lib/arborist/reify.js:657:20
1574 warn cleanup         at Array.map (<anonymous>)
1574 warn cleanup         at [rollbackCreateSparseTree] (/Users/zhaoyirui/.workbuddy/binaries/node/versions/22.22.2/lib/node_modules/npm/node_modules/@npmcli/arborist/lib/arborist/reify.js:657:8)
1574 warn cleanup         at [reifyPackages] (/Users/zhaoyirui/.workbuddy/binaries/node/versions/22.22.2/lib/node_modules/npm/node_modules/@npmcli/arborist/lib/arborist/reify.js:340:31)
1574 warn cleanup         at async Arborist.reify (/Users/zhaoyirui/.workbuddy/binaries/node/versions/22.22.2/lib/node_modules/npm/node_modules/@npmcli/arborist/lib/arborist/reify.js:149:5)
1574 warn cleanup         at async Install.exec (/Users/zhaoyirui/.workbuddy/binaries/node/versions/22.22.2/lib/node_modules/npm/lib/commands/install.js:150:5)
1574 warn cleanup   ],
1574 warn cleanup   [
1574 warn cleanup     '/Users/zhaoyirui/WorkBuddy/2026-08-25-17-14-24/soft-ip-v4/frontend/node_modules/dlv',
1574 warn cleanup     Error: [safe-delete][SAFE_DELETE_BULK_CONFIRM_REQUIRED] {"count":58,"threshold":50,"scope":"turn","targets":["/Users/zhaoyirui/WorkBuddy/2026-08-25-17-14-24/soft-ip-v4/frontend/node_modules/dlv"],"targetCount":1}
1574 warn cleanup         at checkBulkDeleteGuard (/Applications/WorkBuddy.app/Contents/Resources/app.asar.unpacked/cli/vendor/shim/genie-safe-delete.cjs:222:19)
1574 warn cleanup         at tryTrash (/Applications/WorkBuddy.app/Contents/Resources/app.asar.unpacked/cli/vendor/shim/genie-safe-delete.cjs:546:5)
1574 warn cleanup         at tryRm (/Applications/WorkBuddy.app/Contents/Resources/app.asar.unpacked/cli/vendor/shim/genie-safe-delete.cjs:722:5)
1574 warn cleanup         at wrappedPromisesRm (/Applications/WorkBuddy.app/Contents/Resources/app.asar.unpacked/cli/vendor/shim/genie-safe-delete.cjs:766:15)
1574 warn cleanup         at /Users/zhaoyirui/.workbuddy/binaries/node/versions/22.22.2/lib/node_modules/npm/node_modules/@npmcli/arborist/lib/arborist/reify.js:657:20
1574 warn cleanup         at Array.map (<anonymous>)
1574 warn cleanup         at [rollbackCreateSparseTree] (/Users/zhaoyirui/.workbuddy/binaries/node/versions/22.22.2/lib/node_modules/npm/node_modules/@npmcli/arborist/lib/arborist/reify.js:657:8)
1574 warn cleanup         at [reifyPackages] (/Users/zhaoyirui/.workbuddy/binaries/node/versions/22.22.2/lib/node_modules/npm/node_modules/@npmcli/arborist/lib/arborist/reify.js:340:31)
1574 warn cleanup         at async Arborist.reify (/Users/zhaoyirui/.workbuddy/binaries/node/versions/22.22.2/lib/node_modules/npm/node_modules/@npmcli/arborist/lib/arborist/reify.js:149:5)
1574 warn cleanup         at async Install.exec (/Users/zhaoyirui/.workbuddy/binaries/node/versions/22.22.2/lib/node_modules/npm/lib/commands/install.js:150:5)
1574 warn cleanup   ],
1574 warn cleanup   [
1574 warn cleanup     '/Users/zhaoyirui/WorkBuddy/2026-08-25-17-14-24/soft-ip-v4/frontend/node_modules/source-map-js',
1574 warn cleanup     Error: [safe-delete][SAFE_DELETE_BULK_CONFIRM_REQUIRED] {"count":67,"threshold":50,"scope":"turn","targets":["/Users/zhaoyirui/WorkBuddy/2026-08-25-17-14-24/soft-ip-v4/frontend/node_modules/source-map-js"],"targetCount":1}
1574 warn cleanup         at checkBulkDeleteGuard (/Applications/WorkBuddy.app/Contents/Resources/app.asar.unpacked/cli/vendor/shim/genie-safe-delete.cjs:222:19)
1574 warn cleanup         at tryTrash (/Applications/WorkBuddy.app/Contents/Resources/app.asar.unpacked/cli/vendor/shim/genie-safe-delete.cjs:546:5)
1574 warn cleanup         at tryRm (/Applications/WorkBuddy.app/Contents/Resources/app.asar.unpacked/cli/vendor/shim/genie-safe-delete.cjs:722:5)
1574 warn cleanup         at wrappedPromisesRm (/Applications/WorkBuddy.app/Contents/Resources/app.asar.unpacked/cli/vendor/shim/genie-safe-delete.cjs:766:15)
1574 warn cleanup         at /Users/zhaoyirui/.workbuddy/binaries/node/versions/22.22.2/lib/node_modules/npm/node_modules/@npmcli/arborist/lib/arborist/reify.js:657:20
1574 warn cleanup         at Array.map (<anonymous>)
1574 warn cleanup         at [rollbackCreateSparseTree] (/Users/zhaoyirui/.workbuddy/binaries/node/versions/22.22.2/lib/node_modules/npm/node_modules/@npmcli/arborist/lib/arborist/reify.js:657:8)
1574 warn cleanup         at [reifyPackages] (/Users/zhaoyirui/.workbuddy/binaries/node/versions/22.22.2/lib/node_modules/npm/node_modules/@npmcli/arborist/lib/arborist/reify.js:340:31)
1574 warn cleanup         at async Arborist.reify (/Users/zhaoyirui/.workbuddy/binaries/node/versions/22.22.2/lib/node_modules/npm/node_modules/@npmcli/arborist/lib/arborist/reify.js:149:5)
1574 warn cleanup         at async Install.exec (/Users/zhaoyirui/.workbuddy/binaries/node/versions/22.22.2/lib/node_modules/npm/lib/commands/install.js:150:5)
1574 warn cleanup   ],
1574 warn cleanup   [
1574 warn cleanup     '/Users/zhaoyirui/WorkBuddy/2026-08-25-17-14-24/soft-ip-v4/frontend/node_modules/didyoumean',
1574 warn cleanup     Error: [safe-delete][SAFE_DELETE_BULK_CONFIRM_REQUIRED] {"count":54,"threshold":50,"scope":"turn","targets":["/Users/zhaoyirui/WorkBuddy/2026-08-25-17-14-24/soft-ip-v4/frontend/node_modules/didyoumean"],"targetCount":1}
1574 warn cleanup         at checkBulkDeleteGuard (/Applications/WorkBuddy.app/Contents/Resources/app.asar.unpacked/cli/vendor/shim/genie-safe-delete.cjs:222:19)
1574 warn cleanup         at tryTrash (/Applications/WorkBuddy.app/Contents/Resources/app.asar.unpacked/cli/vendor/shim/genie-safe-delete.cjs:546:5)
1574 warn cleanup         at tryRm (/Applications/WorkBuddy.app/Contents/Resources/app.asar.unpacked/cli/vendor/shim/genie-safe-delete.cjs:722:5)
1574 warn cleanup         at wrappedPromisesRm (/Applications/WorkBuddy.app/Contents/Resources/app.asar.unpacked/cli/vendor/shim/genie-safe-delete.cjs:766:15)
1574 warn cleanup         at /Users/zhaoyirui/.workbuddy/binaries/node/versions/22.22.2/lib/node_modules/npm/node_modules/@npmcli/arborist/lib/arborist/reify.js:657:20
1574 warn cleanup         at Array.map (<anonymous>)
1574 warn cleanup         at [rollbackCreateSparseTree] (/Users/zhaoyirui/.workbuddy/binaries/node/versions/22.22.2/lib/node_modules/npm/node_modules/@npmcli/arborist/lib/arborist/reify.js:657:8)
1574 warn cleanup         at [reifyPackages] (/Users/zhaoyirui/.workbuddy/binaries/node/versions/22.22.2/lib/node_modules/npm/node_modules/@npmcli/arborist/lib/arborist/reify.js:340:31)
1574 warn cleanup         at async Arborist.reify (/Users/zhaoyirui/.workbuddy/binaries/node/versions/22.22.2/lib/node_modules/npm/node_modules/@npmcli/arborist/lib/arborist/reify.js:149:5)
1574 warn cleanup         at async Install.exec (/Users/zhaoyirui/.workbuddy/binaries/node/versions/22.22.2/lib/node_modules/npm/lib/commands/install.js:150:5)
1574 warn cleanup   ],
1574 warn cleanup   [
1574 warn cleanup     '/Users/zhaoyirui/WorkBuddy/2026-08-25-17-14-24/soft-ip-v4/frontend/node_modules/is-glob',
1574 warn cleanup     Error: [safe-delete][SAFE_DELETE_BULK_CONFIRM_REQUIRED] {"count":53,"threshold":50,"scope":"turn","targets":["/Users/zhaoyirui/WorkBuddy/2026-08-25-17-14-24/soft-ip-v4/frontend/node_modules/is-glob"],"targetCount":1}
1574 warn cleanup         at checkBulkDeleteGuard (/Applications/WorkBuddy.app/Contents/Resources/app.asar.unpacked/cli/vendor/shim/genie-safe-delete.cjs:222:19)
1574 warn cleanup         at tryTrash (/Applications/WorkBuddy.app/Contents/Resources/app.asar.unpacked/cli/vendor/shim/genie-safe-delete.cjs:546:5)
1574 warn cleanup         at tryRm (/Applications/WorkBuddy.app/Contents/Resources/app.asar.unpacked/cli/vendor/shim/genie-safe-delete.cjs:722:5)
1574 warn cleanup         at wrappedPromisesRm (/Applications/WorkBuddy.app/Contents/Resources/app.asar.unpacked/cli/vendor/shim/genie-safe-delete.cjs:766:15)
1574 warn cleanup         at /Users/zhaoyirui/.workbuddy/binaries/node/versions/22.22.2/lib/node_modules/npm/node_modules/@npmcli/arborist/lib/arborist/reify.js:657:20
1574 warn cleanup         at Array.map (<anonymous>)
1574 warn cleanup         at [rollbackCreateSparseTree] (/Users/zhaoyirui/.workbuddy/binaries/node/versions/22.22.2/lib/node_modules/npm/node_modules/@npmcli/arborist/lib/arborist/reify.js:657:8)
1574 warn cleanup         at [reifyPackages] (/Users/zhaoyirui/.workbuddy/binaries/node/versions/22.22.2/lib/node_modules/npm/node_modules/@npmcli/arborist/lib/arborist/reify.js:340:31)
1574 warn cleanup         at async Arborist.reify (/Users/zhaoyirui/.workbuddy/binaries/node/versions/22.22.2/lib/node_modules/npm/node_modules/@npmcli/arborist/lib/arborist/reify.js:149:5)
1574 warn cleanup         at async Install.exec (/Users/zhaoyirui/.workbuddy/binaries/node/versions/22.22.2/lib/node_modules/npm/lib/commands/install.js:150:5)
1574 warn cleanup   ],
1574 warn cleanup   [
1574 warn cleanup     '/Users/zhaoyirui/WorkBuddy/2026-08-25-17-14-24/soft-ip-v4/frontend/node_modules/glob-parent',
1574 warn cleanup     Error: [safe-delete][SAFE_DELETE_BULK_CONFIRM_REQUIRED] {"count":53,"threshold":50,"scope":"turn","targets":["/Users/zhaoyirui/WorkBuddy/2026-08-25-17-14-24/soft-ip-v4/frontend/node_modules/glob-parent"],"targetCount":1}
1574 warn cleanup         at checkBulkDeleteGuard (/Applications/WorkBuddy.app/Contents/Resources/app.asar.unpacked/cli/vendor/shim/genie-safe-delete.cjs:222:19)
1574 warn cleanup         at tryTrash (/Applications/WorkBuddy.app/Contents/Resources/app.asar.unpacked/cli/vendor/shim/genie-safe-delete.cjs:546:5)
1574 warn cleanup         at tryRm (/Applications/WorkBuddy.app/Contents/Resources/app.asar.unpacked/cli/vendor/shim/genie-safe-delete.cjs:722:5)
1574 warn cleanup         at wrappedPromisesRm (/Applications/WorkBuddy.app/Contents/Resources/app.asar.unpacked/cli/vendor/shim/genie-safe-delete.cjs:766:15)
1574 warn cleanup         at /Users/zhaoyirui/.workbuddy/binaries/node/versions/22.22.2/lib/node_modules/npm/node_modules/@npmcli/arborist/lib/arborist/reify.js:657:20
1574 warn cleanup         at Array.map (<anonymous>)
1574 warn cleanup         at [rollbackCreateSparseTree] (/Users/zhaoyirui/.workbuddy/binaries/node/versions/22.22.2/lib/node_modules/npm/node_modules/@npmcli/arborist/lib/arborist/reify.js:657:8)
1574 warn cleanup         at [reifyPackages] (/Users/zhaoyirui/.workbuddy/binaries/node/versions/22.22.2/lib/node_modules/npm/node_modules/@npmcli/arborist/lib/arborist/reify.js:340:31)
1574 warn cleanup         at async Arborist.reify (/Users/zhaoyirui/.workbuddy/binaries/node/versions/22.22.2/lib/node_modules/npm/node_modules/@npmcli/arborist/lib/arborist/reify.js:149:5)
1574 warn cleanup         at async Install.exec (/Users/zhaoyirui/.workbuddy/binaries/node/versions/22.22.2/lib/node_modules/npm/lib/commands/install.js:150:5)
1574 warn cleanup   ],
1574 warn cleanup   [
1574 warn cleanup     '/Users/zhaoyirui/WorkBuddy/2026-08-25-17-14-24/soft-ip-v4/frontend/node_modules/lilconfig',
1574 warn cleanup     Error: [safe-delete][SAFE_DELETE_BULK_CONFIRM_REQUIRED] {"count":54,"threshold":50,"scope":"turn","targets":["/Users/zhaoyirui/WorkBuddy/2026-08-25-17-14-24/soft-ip-v4/frontend/node_modules/lilconfig"],"targetCount":1}
1574 warn cleanup         at checkBulkDeleteGuard (/Applications/WorkBuddy.app/Contents/Resources/app.asar.unpacked/cli/vendor/shim/genie-safe-delete.cjs:222:19)
1574 warn cleanup         at tryTrash (/Applications/WorkBuddy.app/Contents/Resources/app.asar.unpacked/cli/vendor/shim/genie-safe-delete.cjs:546:5)
1574 warn cleanup         at tryRm (/Applications/WorkBuddy.app/Contents/Resources/app.asar.unpacked/cli/vendor/shim/genie-safe-delete.cjs:722:5)
1574 warn cleanup         at wrappedPromisesRm (/Applications/WorkBuddy.app/Contents/Resources/app.asar.unpacked/cli/vendor/shim/genie-safe-delete.cjs:766:15)
1574 warn cleanup         at /Users/zhaoyirui/.workbuddy/binaries/node/versions/22.22.2/lib/node_modules/npm/node_modules/@npmcli/arborist/lib/arborist/reify.js:657:20
1574 warn cleanup         at Array.map (<anonymous>)
1574 warn cleanup         at [rollbackCreateSparseTree] (/Users/zhaoyirui/.workbuddy/binaries/node/versions/22.22.2/lib/node_modules/npm/node_modules/@npmcli/arborist/lib/arborist/reify.js:657:8)
1574 warn cleanup         at [reifyPackages] (/Users/zhaoyirui/.workbuddy/binaries/node/versions/22.22.2/lib/node_modules/npm/node_modules/@npmcli/arborist/lib/arborist/reify.js:340:31)
1574 warn cleanup         at async Arborist.reify (/Users/zhaoyirui/.workbuddy/binaries/node/versions/22.22.2/lib/node_modules/npm/node_modules/@npmcli/arborist/lib/arborist/reify.js:149:5)
1574 warn cleanup         at async Install.exec (/Users/zhaoyirui/.workbuddy/binaries/node/versions/22.22.2/lib/node_modules/npm/lib/commands/install.js:150:5)
1574 warn cleanup   ],
1574 warn cleanup   [
1574 warn cleanup     '/Users/zhaoyirui/WorkBuddy/2026-08-25-17-14-24/soft-ip-v4/frontend/node_modules/normalize-path',
1574 warn cleanup     Error: [safe-delete][SAFE_DELETE_BULK_CONFIRM_REQUIRED] {"count":53,"threshold":50,"scope":"turn","targets":["/Users/zhaoyirui/WorkBuddy/2026-08-25-17-14-24/soft-ip-v4/frontend/node_modules/normalize-path"],"targetCount":1}
1574 warn cleanup         at checkBulkDeleteGuard (/Applications/WorkBuddy.app/Contents/Resources/app.asar.unpacked/cli/vendor/shim/genie-safe-delete.cjs:222:19)
1574 warn cleanup         at tryTrash (/Applications/WorkBuddy.app/Contents/Resources/app.asar.unpacked/cli/vendor/shim/genie-safe-delete.cjs:546:5)
1574 warn cleanup         at tryRm (/Applications/WorkBuddy.app/Contents/Resources/app.asar.unpacked/cli/vendor/shim/genie-safe-delete.cjs:722:5)
1574 warn cleanup         at wrappedPromisesRm (/Applications/WorkBuddy.app/Contents/Resources/app.asar.unpacked/cli/vendor/shim/genie-safe-delete.cjs:766:15)
1574 warn cleanup         at /Users/zhaoyirui/.workbuddy/binaries/node/versions/22.22.2/lib/node_modules/npm/node_modules/@npmcli/arborist/lib/arborist/reify.js:657:20
1574 warn cleanup         at Array.map (<anonymous>)
1574 warn cleanup         at [rollbackCreateSparseTree] (/Users/zhaoyirui/.workbuddy/binaries/node/versions/22.22.2/lib/node_modules/npm/node_modules/@npmcli/arborist/lib/arborist/reify.js:657:8)
1574 warn cleanup         at [reifyPackages] (/Users/zhaoyirui/.workbuddy/binaries/node/versions/22.22.2/lib/node_modules/npm/node_modules/@npmcli/arborist/lib/arborist/reify.js:340:31)
1574 warn cleanup         at async Arborist.reify (/Users/zhaoyirui/.workbuddy/binaries/node/versions/22.22.2/lib/node_modules/npm/node_modules/@npmcli/arborist/lib/arborist/reify.js:149:5)
1574 warn cleanup         at async Install.exec (/Users/zhaoyirui/.workbuddy/binaries/node/versions/22.22.2/lib/node_modules/npm/lib/commands/install.js:150:5)
1574 warn cleanup   ],
1574 warn cleanup   [
1574 warn cleanup     '/Users/zhaoyirui/WorkBuddy/2026-08-25-17-14-24/soft-ip-v4/frontend/node_modules/postcss-import',
1574 warn cleanup     Error: [safe-delete][SAFE_DELETE_BULK_CONFIRM_REQUIRED] {"count":61,"threshold":50,"scope":"turn","targets":["/Users/zhaoyirui/WorkBuddy/2026-08-25-17-14-24/soft-ip-v4/frontend/node_modules/postcss-import"],"targetCount":1}
1574 warn cleanup         at checkBulkDeleteGuard (/Applications/WorkBuddy.app/Contents/Resources/app.asar.unpacked/cli/vendor/shim/genie-safe-delete.cjs:222:19)
1574 warn cleanup         at tryTrash (/Applications/WorkBuddy.app/Contents/Resources/app.asar.unpacked/cli/vendor/shim/genie-safe-delete.cjs:546:5)
1574 warn cleanup         at tryRm (/Applications/WorkBuddy.app/Contents/Resources/app.asar.unpacked/cli/vendor/shim/genie-safe-delete.cjs:722:5)
1574 warn cleanup         at wrappedPromisesRm (/Applications/WorkBuddy.app/Contents/Resources/app.asar.unpacked/cli/vendor/shim/genie-safe-delete.cjs:766:15)
1574 warn cleanup         at /Users/zhaoyirui/.workbuddy/binaries/node/versions/22.22.2/lib/node_modules/npm/node_modules/@npmcli/arborist/lib/arborist/reify.js:657:20
1574 warn cleanup         at Array.map (<anonymous>)
1574 warn cleanup         at [rollbackCreateSparseTree] (/Users/zhaoyirui/.workbuddy/binaries/node/versions/22.22.2/lib/node_modules/npm/node_modules/@npmcli/arborist/lib/arborist/reify.js:657:8)
1574 warn cleanup         at [reifyPackages] (/Users/zhaoyirui/.workbuddy/binaries/node/versions/22.22.2/lib/node_modules/npm/node_modules/@npmcli/arborist/lib/arborist/reify.js:340:31)
1574 warn cleanup         at async Arborist.reify (/Users/zhaoyirui/.workbuddy/binaries/node/versions/22.22.2/lib/node_modules/npm/node_modules/@npmcli/arborist/lib/arborist/reify.js:149:5)
1574 warn cleanup         at async Install.exec (/Users/zhaoyirui/.workbuddy/binaries/node/versions/22.22.2/lib/node_modules/npm/lib/commands/install.js:150:5)
1574 warn cleanup   ],
1574 warn cleanup   [
1574 warn cleanup     '/Users/zhaoyirui/WorkBuddy/2026-08-25-17-14-24/soft-ip-v4/frontend/node_modules/object-hash',
1574 warn cleanup     Error: [safe-delete][SAFE_DELETE_BULK_CONFIRM_REQUIRED] {"count":54,"threshold":50,"scope":"turn","targets":["/Users/zhaoyirui/WorkBuddy/2026-08-25-17-14-24/soft-ip-v4/frontend/node_modules/object-hash"],"targetCount":1}
1574 warn cleanup         at checkBulkDeleteGuard (/Applications/WorkBuddy.app/Contents/Resources/app.asar.unpacked/cli/vendor/shim/genie-safe-delete.cjs:222:19)
1574 warn cleanup         at tryTrash (/Applications/WorkBuddy.app/Contents/Resources/app.asar.unpacked/cli/vendor/shim/genie-safe-delete.cjs:546:5)
1574 warn cleanup         at tryRm (/Applications/WorkBuddy.app/Contents/Resources/app.asar.unpacked/cli/vendor/shim/genie-safe-delete.cjs:722:5)
1574 warn cleanup         at wrappedPromisesRm (/Applications/WorkBuddy.app/Contents/Resources/app.asar.unpacked/cli/vendor/shim/genie-safe-delete.cjs:766:15)
1574 warn cleanup         at /Users/zhaoyirui/.workbuddy/binaries/node/versions/22.22.2/lib/node_modules/npm/node_modules/@npmcli/arborist/lib/arborist/reify.js:657:20
1574 warn cleanup         at Array.map (<anonymous>)
1574 warn cleanup         at [rollbackCreateSparseTree] (/Users/zhaoyirui/.workbuddy/binaries/node/versions/22.22.2/lib/node_modules/npm/node_modules/@npmcli/arborist/lib/arborist/reify.js:657:8)
1574 warn cleanup         at [reifyPackages] (/Users/zhaoyirui/.workbuddy/binaries/node/versions/22.22.2/lib/node_modules/npm/node_modules/@npmcli/arborist/lib/arborist/reify.js:340:31)
1574 warn cleanup         at async Arborist.reify (/Users/zhaoyirui/.workbuddy/binaries/node/versions/22.22.2/lib/node_modules/npm/node_modules/@npmcli/arborist/lib/arborist/reify.js:149:5)
1574 warn cleanup         at async Install.exec (/Users/zhaoyirui/.workbuddy/binaries/node/versions/22.22.2/lib/node_modules/npm/lib/commands/install.js:150:5)
1574 warn cleanup   ],
1574 warn cleanup   [
1574 warn cleanup     '/Users/zhaoyirui/WorkBuddy/2026-08-25-17-14-24/soft-ip-v4/frontend/node_modules/@alloc',
1574 warn cleanup     Error: [safe-delete][SAFE_DELETE_BULK_CONFIRM_REQUIRED] {"count":54,"threshold":50,"scope":"turn","targets":["/Users/zhaoyirui/WorkBuddy/2026-08-25-17-14-24/soft-ip-v4/frontend/node_modules/@alloc"],"targetCount":1}
1574 warn cleanup         at checkBulkDeleteGuard (/Applications/WorkBuddy.app/Contents/Resources/app.asar.unpacked/cli/vendor/shim/genie-safe-delete.cjs:222:19)
1574 warn cleanup         at tryTrash (/Applications/WorkBuddy.app/Contents/Resources/app.asar.unpacked/cli/vendor/shim/genie-safe-delete.cjs:546:5)
1574 warn cleanup         at tryRm (/Applications/WorkBuddy.app/Contents/Resources/app.asar.unpacked/cli/vendor/shim/genie-safe-delete.cjs:722:5)
1574 warn cleanup         at wrappedPromisesRm (/Applications/WorkBuddy.app/Contents/Resources/app.asar.unpacked/cli/vendor/shim/genie-safe-delete.cjs:766:15)
1574 warn cleanup         at /Users/zhaoyirui/.workbuddy/binaries/node/versions/22.22.2/lib/node_modules/npm/node_modules/@npmcli/arborist/lib/arborist/reify.js:657:20
1574 warn cleanup         at Array.map (<anonymous>)
1574 warn cleanup         at [rollbackCreateSparseTree] (/Users/zhaoyirui/.workbuddy/binaries/node/versions/22.22.2/lib/node_modules/npm/node_modules/@npmcli/arborist/lib/arborist/reify.js:657:8)
1574 warn cleanup         at [reifyPackages] (/Users/zhaoyirui/.workbuddy/binaries/node/versions/22.22.2/lib/node_modules/npm/node_modules/@npmcli/arborist/lib/arborist/reify.js:340:31)
1574 warn cleanup         at async Arborist.reify (/Users/zhaoyirui/.workbuddy/binaries/node/versions/22.22.2/lib/node_modules/npm/node_modules/@npmcli/arborist/lib/arborist/reify.js:149:5)
1574 warn cleanup         at async Install.exec (/Users/zhaoyirui/.workbuddy/binaries/node/versions/22.22.2/lib/node_modules/npm/lib/commands/install.js:150:5)
1574 warn cleanup   ],
1574 warn cleanup   [
1574 warn cleanup     '/Users/zhaoyirui/WorkBuddy/2026-08-25-17-14-24/soft-ip-v4/frontend/node_modules/postcss-load-config',
1574 warn cleanup     Error: [safe-delete][SAFE_DELETE_BULK_CONFIRM_REQUIRED] {"count":57,"threshold":50,"scope":"turn","targets":["/Users/zhaoyirui/WorkBuddy/2026-08-25-17-14-24/soft-ip-v4/frontend/node_modules/postcss-load-config"],"targetCount":1}
1574 warn cleanup         at checkBulkDeleteGuard (/Applications/WorkBuddy.app/Contents/Resources/app.asar.unpacked/cli/vendor/shim/genie-safe-delete.cjs:222:19)
1574 warn cleanup         at tryTrash (/Applications/WorkBuddy.app/Contents/Resources/app.asar.unpacked/cli/vendor/shim/genie-safe-delete.cjs:546:5)
1574 warn cleanup         at tryRm (/Applications/WorkBuddy.app/Contents/Resources/app.asar.unpacked/cli/vendor/shim/genie-safe-delete.cjs:722:5)
1574 warn cleanup         at wrappedPromisesRm (/Applications/WorkBuddy.app/Contents/Resources/app.asar.unpacked/cli/vendor/shim/genie-safe-delete.cjs:766:15)
1574 warn cleanup         at /Users/zhaoyirui/.workbuddy/binaries/node/versions/22.22.2/lib/node_modules/npm/node_modules/@npmcli/arborist/lib/arborist/reify.js:657:20
1574 warn cleanup         at Array.map (<anonymous>)
1574 warn cleanup         at [rollbackCreateSparseTree] (/Users/zhaoyirui/.workbuddy/binaries/node/versions/22.22.2/lib/node_modules/npm/node_modules/@npmcli/arborist/lib/arborist/reify.js:657:8)
1574 warn cleanup         at [reifyPackages] (/Users/zhaoyirui/.workbuddy/binaries/node/versions/22.22.2/lib/node_modules/npm/node_modules/@npmcli/arborist/lib/arborist/reify.js:340:31)
1574 warn cleanup         at async Arborist.reify (/Users/zhaoyirui/.workbuddy/binaries/node/versions/22.22.2/lib/node_modules/npm/node_modules/@npmcli/arborist/lib/arborist/reify.js:149:5)
1574 warn cleanup         at async Install.exec (/Users/zhaoyirui/.workbuddy/binaries/node/versions/22.22.2/lib/node_modules/npm/lib/commands/install.js:150:5)
1574 warn cleanup   ],
1574 warn cleanup   [
1574 warn cleanup     '/Users/zhaoyirui/WorkBuddy/2026-08-25-17-14-24/soft-ip-v4/frontend/node_modules/postcss-nested',
1574 warn cleanup     Error: [safe-delete][SAFE_DELETE_BULK_CONFIRM_REQUIRED] {"count":54,"threshold":50,"scope":"turn","targets":["/Users/zhaoyirui/WorkBuddy/2026-08-25-17-14-24/soft-ip-v4/frontend/node_modules/postcss-nested"],"targetCount":1}
1574 warn cleanup         at checkBulkDeleteGuard (/Applications/WorkBuddy.app/Contents/Resources/app.asar.unpacked/cli/vendor/shim/genie-safe-delete.cjs:222:19)
1574 warn cleanup         at tryTrash (/Applications/WorkBuddy.app/Contents/Resources/app.asar.unpacked/cli/vendor/shim/genie-safe-delete.cjs:546:5)
1574 warn cleanup         at tryRm (/Applications/WorkBuddy.app/Contents/Resources/app.asar.unpacked/cli/vendor/shim/genie-safe-delete.cjs:722:5)
1574 warn cleanup         at wrappedPromisesRm (/Applications/WorkBuddy.app/Contents/Resources/app.asar.unpacked/cli/vendor/shim/genie-safe-delete.cjs:766:15)
1574 warn cleanup         at /Users/zhaoyirui/.workbuddy/binaries/node/versions/22.22.2/lib/node_modules/npm/node_modules/@npmcli/arborist/lib/arborist/reify.js:657:20
1574 warn cleanup         at Array.map (<anonymous>)
1574 warn cleanup         at [rollbackCreateSparseTree] (/Users/zhaoyirui/.workbuddy/binaries/node/versions/22.22.2/lib/node_modules/npm/node_modules/@npmcli/arborist/lib/arborist/reify.js:657:8)
1574 warn cleanup         at [reifyPackages] (/Users/zhaoyirui/.workbuddy/binaries/node/versions/22.22.2/lib/node_modules/npm/node_modules/@npmcli/arborist/lib/arborist/reify.js:340:31)
1574 warn cleanup         at async Arborist.reify (/Users/zhaoyirui/.workbuddy/binaries/node/versions/22.22.2/lib/node_modules/npm/node_modules/@npmcli/arborist/lib/arborist/reify.js:149:5)
1574 warn cleanup         at async Install.exec (/Users/zhaoyirui/.workbuddy/binaries/node/versions/22.22.2/lib/node_modules/npm/lib/commands/install.js:150:5)
1574 warn cleanup   ],
1574 warn cleanup   [
1574 warn cleanup     '/Users/zhaoyirui/WorkBuddy/2026-08-25-17-14-24/soft-ip-v4/frontend/node_modules/postcss-js',
1574 warn cleanup     Error: [safe-delete][SAFE_DELETE_BULK_CONFIRM_REQUIRED] {"count":59,"threshold":50,"scope":"turn","targets":["/Users/zhaoyirui/WorkBuddy/2026-08-25-17-14-24/soft-ip-v4/frontend/node_modules/postcss-js"],"targetCount":1}
1574 warn cleanup         at checkBulkDeleteGuard (/Applications/WorkBuddy.app/Contents/Resources/app.asar.unpacked/cli/vendor/shim/genie-safe-delete.cjs:222:19)
1574 warn cleanup         at tryTrash (/Applications/WorkBuddy.app/Contents/Resources/app.asar.unpacked/cli/vendor/shim/genie-safe-delete.cjs:546:5)
1574 warn cleanup         at tryRm (/Applications/WorkBuddy.app/Contents/Resources/app.asar.unpacked/cli/vendor/shim/genie-safe-delete.cjs:722:5)
1574 warn cleanup         at wrappedPromisesRm (/Applications/WorkBuddy.app/Contents/Resources/app.asar.unpacked/cli/vendor/shim/genie-safe-delete.cjs:766:15)
1574 warn cleanup         at /Users/zhaoyirui/.workbuddy/binaries/node/versions/22.22.2/lib/node_modules/npm/node_modules/@npmcli/arborist/lib/arborist/reify.js:657:20
1574 warn cleanup         at Array.map (<anonymous>)
1574 warn cleanup         at [rollbackCreateSparseTree] (/Users/zhaoyirui/.workbuddy/binaries/node/versions/22.22.2/lib/node_modules/npm/node_modules/@npmcli/arborist/lib/arborist/reify.js:657:8)
1574 warn cleanup         at [reifyPackages] (/Users/zhaoyirui/.workbuddy/binaries/node/versions/22.22.2/lib/node_modules/npm/node_modules/@npmcli/arborist/lib/arborist/reify.js:340:31)
1574 warn cleanup         at async Arborist.reify (/Users/zhaoyirui/.workbuddy/binaries/node/versions/22.22.2/lib/node_modules/npm/node_modules/@npmcli/arborist/lib/arborist/reify.js:149:5)
1574 warn cleanup         at async Install.exec (/Users/zhaoyirui/.workbuddy/binaries/node/versions/22.22.2/lib/node_modules/npm/lib/commands/install.js:150:5)
1574 warn cleanup   ],
1574 warn cleanup   [
1574 warn cleanup     '/Users/zhaoyirui/WorkBuddy/2026-08-25-17-14-24/soft-ip-v4/frontend/node_modules/resolve',
1574 warn cleanup     Error: [safe-delete][SAFE_DELETE_BULK_CONFIRM_REQUIRED] {"count":154,"threshold":50,"scope":"turn","targets":["/Users/zhaoyirui/WorkBuddy/2026-08-25-17-14-24/soft-ip-v4/frontend/node_modules/resolve"],"targetCount":1}
1574 warn cleanup         at checkBulkDeleteGuard (/Applications/WorkBuddy.app/Contents/Resources/app.asar.unpacked/cli/vendor/shim/genie-safe-delete.cjs:222:19)
1574 warn cleanup         at tryTrash (/Applications/WorkBuddy.app/Contents/Resources/app.asar.unpacked/cli/vendor/shim/genie-safe-delete.cjs:546:5)
1574 warn cleanup         at tryRm (/Applications/WorkBuddy.app/Contents/Resources/app.asar.unpacked/cli/vendor/shim/genie-safe-delete.cjs:722:5)
1574 warn cleanup         at wrappedPromisesRm (/Applications/WorkBuddy.app/Contents/Resources/app.asar.unpacked/cli/vendor/shim/genie-safe-delete.cjs:766:15)
1574 warn cleanup         at /Users/zhaoyirui/.workbuddy/binaries/node/versions/22.22.2/lib/node_modules/npm/node_modules/@npmcli/arborist/lib/arborist/reify.js:657:20
1574 warn cleanup         at Array.map (<anonymous>)
1574 warn cleanup         at [rollbackCreateSparseTree] (/Users/zhaoyirui/.workbuddy/binaries/node/versions/22.22.2/lib/node_modules/npm/node_modules/@npmcli/arborist/lib/arborist/reify.js:657:8)
1574 warn cleanup         at [reifyPackages] (/Users/zhaoyirui/.workbuddy/binaries/node/versions/22.22.2/lib/node_modules/npm/node_modules/@npmcli/arborist/lib/arborist/reify.js:340:31)
1574 warn cleanup         at async Arborist.reify (/Users/zhaoyirui/.workbuddy/binaries/node/versions/22.22.2/lib/node_modules/npm/node_modules/@npmcli/arborist/lib/arborist/reify.js:149:5)
1574 warn cleanup         at async Install.exec (/Users/zhaoyirui/.workbuddy/binaries/node/versions/22.22.2/lib/node_modules/npm/lib/commands/install.js:150:5)
1574 warn cleanup   ],
1574 warn cleanup   [
1574 warn cleanup     '/Users/zhaoyirui/WorkBuddy/2026-08-25-17-14-24/soft-ip-v4/frontend/node_modules/postcss-selector-parser',
1574 warn cleanup     Error: [safe-delete][SAFE_DELETE_BULK_CONFIRM_REQUIRED] {"count":86,"threshold":50,"scope":"turn","targets":["/Users/zhaoyirui/WorkBuddy/2026-08-25-17-14-24/soft-ip-v4/frontend/node_modules/postcss-selector-parser"],"targetCount":1}
1574 warn cleanup         at checkBulkDeleteGuard (/Applications/WorkBuddy.app/Contents/Resources/app.asar.unpacked/cli/vendor/shim/genie-safe-delete.cjs:222:19)
1574 warn cleanup         at tryTrash (/Applications/WorkBuddy.app/Contents/Resources/app.asar.unpacked/cli/vendor/shim/genie-safe-delete.cjs:546:5)
1574 warn cleanup         at tryRm (/Applications/WorkBuddy.app/Contents/Resources/app.asar.unpacked/cli/vendor/shim/genie-safe-delete.cjs:722:5)
1574 warn cleanup         at wrappedPromisesRm (/Applications/WorkBuddy.app/Contents/Resources/app.asar.unpacked/cli/vendor/shim/genie-safe-delete.cjs:766:15)
1574 warn cleanup         at /Users/zhaoyirui/.workbuddy/binaries/node/versions/22.22.2/lib/node_modules/npm/node_modules/@npmcli/arborist/lib/arborist/reify.js:657:20
1574 warn cleanup         at Array.map (<anonymous>)
1574 warn cleanup         at [rollbackCreateSparseTree] (/Users/zhaoyirui/.workbuddy/binaries/node/versions/22.22.2/lib/node_modules/npm/node_modules/@npmcli/arborist/lib/arborist/reify.js:657:8)
1574 warn cleanup         at [reifyPackages] (/Users/zhaoyirui/.workbuddy/binaries/node/versions/22.22.2/lib/node_modules/npm/node_modules/@npmcli/arborist/lib/arborist/reify.js:340:31)
1574 warn cleanup         at async Arborist.reify (/Users/zhaoyirui/.workbuddy/binaries/node/versions/22.22.2/lib/node_modules/npm/node_modules/@npmcli/arborist/lib/arborist/reify.js:149:5)
1574 warn cleanup         at async Install.exec (/Users/zhaoyirui/.workbuddy/binaries/node/versions/22.22.2/lib/node_modules/npm/lib/commands/install.js:150:5)
1574 warn cleanup   ],
1574 warn cleanup   [
1574 warn cleanup     '/Users/zhaoyirui/WorkBuddy/2026-08-25-17-14-24/soft-ip-v4/frontend/node_modules/sucrase',
1574 warn cleanup     Error: [safe-delete][SAFE_DELETE_BULK_CONFIRM_REQUIRED] {"count":239,"threshold":50,"scope":"turn","targets":["/Users/zhaoyirui/WorkBuddy/2026-08-25-17-14-24/soft-ip-v4/frontend/node_modules/sucrase"],"targetCount":1}
1574 warn cleanup         at checkBulkDeleteGuard (/Applications/WorkBuddy.app/Contents/Resources/app.asar.unpacked/cli/vendor/shim/genie-safe-delete.cjs:222:19)
1574 warn cleanup         at tryTrash (/Applications/WorkBuddy.app/Contents/Resources/app.asar.unpacked/cli/vendor/shim/genie-safe-delete.cjs:546:5)
1574 warn cleanup         at tryRm (/Applications/WorkBuddy.app/Contents/Resources/app.asar.unpacked/cli/vendor/shim/genie-safe-delete.cjs:722:5)
1574 warn cleanup         at wrappedPromisesRm (/Applications/WorkBuddy.app/Contents/Resources/app.asar.unpacked/cli/vendor/shim/genie-safe-delete.cjs:766:15)
1574 warn cleanup         at /Users/zhaoyirui/.workbuddy/binaries/node/versions/22.22.2/lib/node_modules/npm/node_modules/@npmcli/arborist/lib/arborist/reify.js:657:20
1574 warn cleanup         at Array.map (<anonymous>)
1574 warn cleanup         at [rollbackCreateSparseTree] (/Users/zhaoyirui/.workbuddy/binaries/node/versions/22.22.2/lib/node_modules/npm/node_modules/@npmcli/arborist/lib/arborist/reify.js:657:8)
1574 warn cleanup         at [reifyPackages] (/Users/zhaoyirui/.workbuddy/binaries/node/versions/22.22.2/lib/node_modules/npm/node_modules/@npmcli/arborist/lib/arborist/reify.js:340:31)
1574 warn cleanup         at async Arborist.reify (/Users/zhaoyirui/.workbuddy/binaries/node/versions/22.22.2/lib/node_modules/npm/node_modules/@npmcli/arborist/lib/arborist/reify.js:149:5)
1574 warn cleanup         at async Install.exec (/Users/zhaoyirui/.workbuddy/binaries/node/versions/22.22.2/lib/node_modules/npm/lib/commands/install.js:150:5)
1574 warn cleanup   ],
1574 warn cleanup   [
1574 warn cleanup     '/Users/zhaoyirui/WorkBuddy/2026-08-25-17-14-24/soft-ip-v4/frontend/node_modules/scheduler',
1574 warn cleanup     Error: [safe-delete][SAFE_DELETE_BULK_CONFIRM_REQUIRED] {"count":66,"threshold":50,"scope":"turn","targets":["/Users/zhaoyirui/WorkBuddy/2026-08-25-17-14-24/soft-ip-v4/frontend/node_modules/scheduler"],"targetCount":1}
1574 warn cleanup         at checkBulkDeleteGuard (/Applications/WorkBuddy.app/Contents/Resources/app.asar.unpacked/cli/vendor/shim/genie-safe-delete.cjs:222:19)
1574 warn cleanup         at tryTrash (/Applications/WorkBuddy.app/Contents/Resources/app.asar.unpacked/cli/vendor/shim/genie-safe-delete.cjs:546:5)
1574 warn cleanup         at tryRm (/Applications/WorkBuddy.app/Contents/Resources/app.asar.unpacked/cli/vendor/shim/genie-safe-delete.cjs:722:5)
1574 warn cleanup         at wrappedPromisesRm (/Applications/WorkBuddy.app/Contents/Resources/app.asar.unpacked/cli/vendor/shim/genie-safe-delete.cjs:766:15)
1574 warn cleanup         at /Users/zhaoyirui/.workbuddy/binaries/node/versions/22.22.2/lib/node_modules/npm/node_modules/@npmcli/arborist/lib/arborist/reify.js:657:20
1574 warn cleanup         at Array.map (<anonymous>)
1574 warn cleanup         at [rollbackCreateSparseTree] (/Users/zhaoyirui/.workbuddy/binaries/node/versions/22.22.2/lib/node_modules/npm/node_modules/@npmcli/arborist/lib/arborist/reify.js:657:8)
1574 warn cleanup         at [reifyPackages] (/Users/zhaoyirui/.workbuddy/binaries/node/versions/22.22.2/lib/node_modules/npm/node_modules/@npmcli/arborist/lib/arborist/reify.js:340:31)
1574 warn cleanup         at async Arborist.reify (/Users/zhaoyirui/.workbuddy/binaries/node/versions/22.22.2/lib/node_modules/npm/node_modules/@npmcli/arborist/lib/arborist/reify.js:149:5)
1574 warn cleanup         at async Install.exec (/Users/zhaoyirui/.workbuddy/binaries/node/versions/22.22.2/lib/node_modules/npm/lib/commands/install.js:150:5)
1574 warn cleanup   ],
1574 warn cleanup   [
1574 warn cleanup     '/Users/zhaoyirui/WorkBuddy/2026-08-25-17-14-24/soft-ip-v4/frontend/node_modules/braces',
1574 warn cleanup     Error: [safe-delete][SAFE_DELETE_BULK_CONFIRM_REQUIRED] {"count":59,"threshold":50,"scope":"turn","targets":["/Users/zhaoyirui/WorkBuddy/2026-08-25-17-14-24/soft-ip-v4/frontend/node_modules/braces"],"targetCount":1}
1574 warn cleanup         at checkBulkDeleteGuard (/Applications/WorkBuddy.app/Contents/Resources/app.asar.unpacked/cli/vendor/shim/genie-safe-delete.cjs:222:19)
1574 warn cleanup         at tryTrash (/Applications/WorkBuddy.app/Contents/Resources/app.asar.unpacked/cli/vendor/shim/genie-safe-delete.cjs:546:5)
1574 warn cleanup         at tryRm (/Applications/WorkBuddy.app/Contents/Resources/app.asar.unpacked/cli/vendor/shim/genie-safe-delete.cjs:722:5)
1574 warn cleanup         at wrappedPromisesRm (/Applications/WorkBuddy.app/Contents/Resources/app.asar.unpacked/cli/vendor/shim/genie-safe-delete.cjs:766:15)
1574 warn cleanup         at /Users/zhaoyirui/.workbuddy/binaries/node/versions/22.22.2/lib/node_modules/npm/node_modules/@npmcli/arborist/lib/arborist/reify.js:657:20
1574 warn cleanup         at Array.map (<anonymous>)
1574 warn cleanup         at [rollbackCreateSparseTree] (/Users/zhaoyirui/.workbuddy/binaries/node/versions/22.22.2/lib/node_modules/npm/node_modules/@npmcli/arborist/lib/arborist/reify.js:657:8)
1574 warn cleanup         at [reifyPackages] (/Users/zhaoyirui/.workbuddy/binaries/node/versions/22.22.2/lib/node_modules/npm/node_modules/@npmcli/arborist/lib/arborist/reify.js:340:31)
1574 warn cleanup         at async Arborist.reify (/Users/zhaoyirui/.workbuddy/binaries/node/versions/22.22.2/lib/node_modules/npm/node_modules/@npmcli/arborist/lib/arborist/reify.js:149:5)
1574 warn cleanup         at async Install.exec (/Users/zhaoyirui/.workbuddy/binaries/node/versions/22.22.2/lib/node_modules/npm/lib/commands/install.js:150:5)
1574 warn cleanup   ],
1574 warn cleanup   [
1574 warn cleanup     '/Users/zhaoyirui/WorkBuddy/2026-08-25-17-14-24/soft-ip-v4/frontend/node_modules/micromatch',
1574 warn cleanup     Error: [safe-delete][SAFE_DELETE_BULK_CONFIRM_REQUIRED] {"count":53,"threshold":50,"scope":"turn","targets":["/Users/zhaoyirui/WorkBuddy/2026-08-25-17-14-24/soft-ip-v4/frontend/node_modules/micromatch"],"targetCount":1}
1574 warn cleanup         at checkBulkDeleteGuard (/Applications/WorkBuddy.app/Contents/Resources/app.asar.unpacked/cli/vendor/shim/genie-safe-delete.cjs:222:19)
1574 warn cleanup         at tryTrash (/Applications/WorkBuddy.app/Contents/Resources/app.asar.unpacked/cli/vendor/shim/genie-safe-delete.cjs:546:5)
1574 warn cleanup         at tryRm (/Applications/WorkBuddy.app/Contents/Resources/app.asar.unpacked/cli/vendor/shim/genie-safe-delete.cjs:722:5)
1574 warn cleanup         at wrappedPromisesRm (/Applications/WorkBuddy.app/Contents/Resources/app.asar.unpacked/cli/vendor/shim/genie-safe-delete.cjs:766:15)
1574 warn cleanup         at /Users/zhaoyirui/.workbuddy/binaries/node/versions/22.22.2/lib/node_modules/npm/node_modules/@npmcli/arborist/lib/arborist/reify.js:657:20
1574 warn cleanup         at Array.map (<anonymous>)
1574 warn cleanup         at [rollbackCreateSparseTree] (/Users/zhaoyirui/.workbuddy/binaries/node/versions/22.22.2/lib/node_modules/npm/node_modules/@npmcli/arborist/lib/arborist/reify.js:657:8)
1574 warn cleanup         at [reifyPackages] (/Users/zhaoyirui/.workbuddy/binaries/node/versions/22.22.2/lib/node_modules/npm/node_modules/@npmcli/arborist/lib/arborist/reify.js:340:31)
1574 warn cleanup         at async Arborist.reify (/Users/zhaoyirui/.workbuddy/binaries/node/versions/22.22.2/lib/node_modules/npm/node_modules/@npmcli/arborist/lib/arborist/reify.js:149:5)
1574 warn cleanup         at async Install.exec (/Users/zhaoyirui/.workbuddy/binaries/node/versions/22.22.2/lib/node_modules/npm/lib/commands/install.js:150:5)
1574 warn cleanup   ],
1574 warn cleanup   [
1574 warn cleanup     '/Users/zhaoyirui/WorkBuddy/2026-08-25-17-14-24/soft-ip-v4/frontend/node_modules/fsevents',
1574 warn cleanup     Error: [safe-delete][SAFE_DELETE_BULK_CONFIRM_REQUIRED] {"count":55,"threshold":50,"scope":"turn","targets":["/Users/zhaoyirui/WorkBuddy/2026-08-25-17-14-24/soft-ip-v4/frontend/node_modules/fsevents"],"targetCount":1}
1574 warn cleanup         at checkBulkDeleteGuard (/Applications/WorkBuddy.app/Contents/Resources/app.asar.unpacked/cli/vendor/shim/genie-safe-delete.cjs:222:19)
1574 warn cleanup         at tryTrash (/Applications/WorkBuddy.app/Contents/Resources/app.asar.unpacked/cli/vendor/shim/genie-safe-delete.cjs:546:5)
1574 warn cleanup         at tryRm (/Applications/WorkBuddy.app/Contents/Resources/app.asar.unpacked/cli/vendor/shim/genie-safe-delete.cjs:722:5)
1574 warn cleanup         at wrappedPromisesRm (/Applications/WorkBuddy.app/Contents/Resources/app.asar.unpacked/cli/vendor/shim/genie-safe-delete.cjs:766:15)
1574 warn cleanup         at /Users/zhaoyirui/.workbuddy/binaries/node/versions/22.22.2/lib/node_modules/npm/node_modules/@npmcli/arborist/lib/arborist/reify.js:657:20
1574 warn cleanup         at Array.map (<anonymous>)
1574 warn cleanup         at [rollbackCreateSparseTree] (/Users/zhaoyirui/.workbuddy/binaries/node/versions/22.22.2/lib/node_modules/npm/node_modules/@npmcli/arborist/lib/arborist/reify.js:657:8)
1574 warn cleanup         at [reifyPackages] (/Users/zhaoyirui/.workbuddy/binaries/node/versions/22.22.2/lib/node_modules/npm/node_modules/@npmcli/arborist/lib/arborist/reify.js:340:31)
1574 warn cleanup         at async Arborist.reify (/Users/zhaoyirui/.workbuddy/binaries/node/versions/22.22.2/lib/node_modules/npm/node_modules/@npmcli/arborist/lib/arborist/reify.js:149:5)
1574 warn cleanup         at async Install.exec (/Users/zhaoyirui/.workbuddy/binaries/node/versions/22.22.2/lib/node_modules/npm/lib/commands/install.js:150:5)
1574 warn cleanup   ],
1574 warn cleanup   [
1574 warn cleanup     '/Users/zhaoyirui/WorkBuddy/2026-08-25-17-14-24/soft-ip-v4/frontend/node_modules/readdirp',
1574 warn cleanup     Error: [safe-delete][SAFE_DELETE_BULK_CONFIRM_REQUIRED] {"count":54,"threshold":50,"scope":"turn","targets":["/Users/zhaoyirui/WorkBuddy/2026-08-25-17-14-24/soft-ip-v4/frontend/node_modules/readdirp"],"targetCount":1}
1574 warn cleanup         at checkBulkDeleteGuard (/Applications/WorkBuddy.app/Contents/Resources/app.asar.unpacked/cli/vendor/shim/genie-safe-delete.cjs:222:19)
1574 warn cleanup         at tryTrash (/Applications/WorkBuddy.app/Contents/Resources/app.asar.unpacked/cli/vendor/shim/genie-safe-delete.cjs:546:5)
1574 warn cleanup         at tryRm (/Applications/WorkBuddy.app/Contents/Resources/app.asar.unpacked/cli/vendor/shim/genie-safe-delete.cjs:722:5)
1574 warn cleanup         at wrappedPromisesRm (/Applications/WorkBuddy.app/Contents/Resources/app.asar.unpacked/cli/vendor/shim/genie-safe-delete.cjs:766:15)
1574 warn cleanup         at /Users/zhaoyirui/.workbuddy/binaries/node/versions/22.22.2/lib/node_modules/npm/node_modules/@npmcli/arborist/lib/arborist/reify.js:657:20
1574 warn cleanup         at Array.map (<anonymous>)
1574 warn cleanup         at [rollbackCreateSparseTree] (/Users/zhaoyirui/.workbuddy/binaries/node/versions/22.22.2/lib/node_modules/npm/node_modules/@npmcli/arborist/lib/arborist/reify.js:657:8)
1574 warn cleanup         at [reifyPackages] (/Users/zhaoyirui/.workbuddy/binaries/node/versions/22.22.2/lib/node_modules/npm/node_modules/@npmcli/arborist/lib/arborist/reify.js:340:31)
1574 warn cleanup         at async Arborist.reify (/Users/zhaoyirui/.workbuddy/binaries/node/versions/22.22.2/lib/node_modules/npm/node_modules/@npmcli/arborist/lib/arborist/reify.js:149:5)
1574 warn cleanup         at async Install.exec (/Users/zhaoyirui/.workbuddy/binaries/node/versions/22.22.2/lib/node_modules/npm/lib/commands/install.js:150:5)
1574 warn cleanup   ],
1574 warn cleanup   [
1574 warn cleanup     '/Users/zhaoyirui/WorkBuddy/2026-08-25-17-14-24/soft-ip-v4/frontend/node_modules/anymatch',
1574 warn cleanup     Error: [safe-delete][SAFE_DELETE_BULK_CONFIRM_REQUIRED] {"count":54,"threshold":50,"scope":"turn","targets":["/Users/zhaoyirui/WorkBuddy/2026-08-25-17-14-24/soft-ip-v4/frontend/node_modules/anymatch"],"targetCount":1}
1574 warn cleanup         at checkBulkDeleteGuard (/Applications/WorkBuddy.app/Contents/Resources/app.asar.unpacked/cli/vendor/shim/genie-safe-delete.cjs:222:19)
1574 warn cleanup         at tryTrash (/Applications/WorkBuddy.app/Contents/Resources/app.asar.unpacked/cli/vendor/shim/genie-safe-delete.cjs:546:5)
1574 warn cleanup         at tryRm (/Applications/WorkBuddy.app/Contents/Resources/app.asar.unpacked/cli/vendor/shim/genie-safe-delete.cjs:722:5)
1574 warn cleanup         at wrappedPromisesRm (/Applications/WorkBuddy.app/Contents/Resources/app.asar.unpacked/cli/vendor/shim/genie-safe-delete.cjs:766:15)
1574 warn cleanup         at /Users/zhaoyirui/.workbuddy/binaries/node/versions/22.22.2/lib/node_modules/npm/node_modules/@npmcli/arborist/lib/arborist/reify.js:657:20
1574 warn cleanup         at Array.map (<anonymous>)
1574 warn cleanup         at [rollbackCreateSparseTree] (/Users/zhaoyirui/.workbuddy/binaries/node/versions/22.22.2/lib/node_modules/npm/node_modules/@npmcli/arborist/lib/arborist/reify.js:657:8)
1574 warn cleanup         at [reifyPackages] (/Users/zhaoyirui/.workbuddy/binaries/node/versions/22.22.2/lib/node_modules/npm/node_modules/@npmcli/arborist/lib/arborist/reify.js:340:31)
1574 warn cleanup         at async Arborist.reify (/Users/zhaoyirui/.workbuddy/binaries/node/versions/22.22.2/lib/node_modules/npm/node_modules/@npmcli/arborist/lib/arborist/reify.js:149:5)
1574 warn cleanup         at async Install.exec (/Users/zhaoyirui/.workbuddy/binaries/node/versions/22.22.2/lib/node_modules/npm/lib/commands/install.js:150:5)
1574 warn cleanup   ],
1574 warn cleanup   [
1574 warn cleanup     '/Users/zhaoyirui/WorkBuddy/2026-08-25-17-14-24/soft-ip-v4/frontend/node_modules/merge2',
1574 warn cleanup     Error: [safe-delete][SAFE_DELETE_BULK_CONFIRM_REQUIRED] {"count":53,"threshold":50,"scope":"turn","targets":["/Users/zhaoyirui/WorkBuddy/2026-08-25-17-14-24/soft-ip-v4/frontend/node_modules/merge2"],"targetCount":1}
1574 warn cleanup         at checkBulkDeleteGuard (/Applications/WorkBuddy.app/Contents/Resources/app.asar.unpacked/cli/vendor/shim/genie-safe-delete.cjs:222:19)
1574 warn cleanup         at tryTrash (/Applications/WorkBuddy.app/Contents/Resources/app.asar.unpacked/cli/vendor/shim/genie-safe-delete.cjs:546:5)
1574 warn cleanup         at tryRm (/Applications/WorkBuddy.app/Contents/Resources/app.asar.unpacked/cli/vendor/shim/genie-safe-delete.cjs:722:5)
1574 warn cleanup         at wrappedPromisesRm (/Applications/WorkBuddy.app/Contents/Resources/app.asar.unpacked/cli/vendor/shim/genie-safe-delete.cjs:766:15)
1574 warn cleanup         at /Users/zhaoyirui/.workbuddy/binaries/node/versions/22.22.2/lib/node_modules/npm/node_modules/@npmcli/arborist/lib/arborist/reify.js:657:20
1574 warn cleanup         at Array.map (<anonymous>)
1574 warn cleanup         at [rollbackCreateSparseTree] (/Users/zhaoyirui/.workbuddy/binaries/node/versions/22.22.2/lib/node_modules/npm/node_modules/@npmcli/arborist/lib/arborist/reify.js:657:8)
1574 warn cleanup         at [reifyPackages] (/Users/zhaoyirui/.workbuddy/binaries/node/versions/22.22.2/lib/node_modules/npm/node_modules/@npmcli/arborist/lib/arborist/reify.js:340:31)
1574 warn cleanup         at async Arborist.reify (/Users/zhaoyirui/.workbuddy/binaries/node/versions/22.22.2/lib/node_modules/npm/node_modules/@npmcli/arborist/lib/arborist/reify.js:149:5)
1574 warn cleanup         at async Install.exec (/Users/zhaoyirui/.workbuddy/binaries/node/versions/22.22.2/lib/node_modules/npm/lib/commands/install.js:150:5)
1574 warn cleanup   ],
1574 warn cleanup   [
1574 warn cleanup     '/Users/zhaoyirui/WorkBuddy/2026-08-25-17-14-24/soft-ip-v4/frontend/node_modules/fill-range',
1574 warn cleanup     Error: [safe-delete][SAFE_DELETE_BULK_CONFIRM_REQUIRED] {"count":53,"threshold":50,"scope":"turn","targets":["/Users/zhaoyirui/WorkBuddy/2026-08-25-17-14-24/soft-ip-v4/frontend/node_modules/fill-range"],"targetCount":1}
1574 warn cleanup         at checkBulkDeleteGuard (/Applications/WorkBuddy.app/Contents/Resources/app.asar.unpacked/cli/vendor/shim/genie-safe-delete.cjs:222:19)
1574 warn cleanup         at tryTrash (/Applications/WorkBuddy.app/Contents/Resources/app.asar.unpacked/cli/vendor/shim/genie-safe-delete.cjs:546:5)
1574 warn cleanup         at tryRm (/Applications/WorkBuddy.app/Contents/Resources/app.asar.unpacked/cli/vendor/shim/genie-safe-delete.cjs:722:5)
1574 warn cleanup         at wrappedPromisesRm (/Applications/WorkBuddy.app/Contents/Resources/app.asar.unpacked/cli/vendor/shim/genie-safe-delete.cjs:766:15)
1574 warn cleanup         at /Users/zhaoyirui/.workbuddy/binaries/node/versions/22.22.2/lib/node_modules/npm/node_modules/@npmcli/arborist/lib/arborist/reify.js:657:20
1574 warn cleanup         at Array.map (<anonymous>)
1574 warn cleanup         at [rollbackCreateSparseTree] (/Users/zhaoyirui/.workbuddy/binaries/node/versions/22.22.2/lib/node_modules/npm/node_modules/@npmcli/arborist/lib/arborist/reify.js:657:8)
1574 warn cleanup         at [reifyPackages] (/Users/zhaoyirui/.workbuddy/binaries/node/versions/22.22.2/lib/node_modules/npm/node_modules/@npmcli/arborist/lib/arborist/reify.js:340:31)
1574 warn cleanup         at async Arborist.reify (/Users/zhaoyirui/.workbuddy/binaries/node/versions/22.22.2/lib/node_modules/npm/node_modules/@npmcli/arborist/lib/arborist/reify.js:149:5)
1574 warn cleanup         at async Install.exec (/Users/zhaoyirui/.workbuddy/binaries/node/versions/22.22.2/lib/node_modules/npm/lib/commands/install.js:150:5)
1574 warn cleanup   ],
1574 warn cleanup   [
1574 warn cleanup     '/Users/zhaoyirui/WorkBuddy/2026-08-25-17-14-24/soft-ip-v4/frontend/node_modules/fastq',
1574 warn cleanup     Error: [safe-delete][SAFE_DELETE_BULK_CONFIRM_REQUIRED] {"count":63,"threshold":50,"scope":"turn","targets":["/Users/zhaoyirui/WorkBuddy/2026-08-25-17-14-24/soft-ip-v4/frontend/node_modules/fastq"],"targetCount":1}
1574 warn cleanup         at checkBulkDeleteGuard (/Applications/WorkBuddy.app/Contents/Resources/app.asar.unpacked/cli/vendor/shim/genie-safe-delete.cjs:222:19)
1574 warn cleanup         at tryTrash (/Applications/WorkBuddy.app/Contents/Resources/app.asar.unpacked/cli/vendor/shim/genie-safe-delete.cjs:546:5)
1574 warn cleanup         at tryRm (/Applications/WorkBuddy.app/Contents/Resources/app.asar.unpacked/cli/vendor/shim/genie-safe-delete.cjs:722:5)
1574 warn cleanup         at wrappedPromisesRm (/Applications/WorkBuddy.app/Contents/Resources/app.asar.unpacked/cli/vendor/shim/genie-safe-delete.cjs:766:15)
1574 warn cleanup         at /Users/zhaoyirui/.workbuddy/binaries/node/versions/22.22.2/lib/node_modules/npm/node_modules/@npmcli/arborist/lib/arborist/reify.js:657:20
1574 warn cleanup         at Array.map (<anonymous>)
1574 warn cleanup         at [rollbackCreateSparseTree] (/Users/zhaoyirui/.workbuddy/binaries/node/versions/22.22.2/lib/node_modules/npm/node_modules/@npmcli/arborist/lib/arborist/reify.js:657:8)
1574 warn cleanup         at [reifyPackages] (/Users/zhaoyirui/.workbuddy/binaries/node/versions/22.22.2/lib/node_modules/npm/node_modules/@npmcli/arborist/lib/arborist/reify.js:340:31)
1574 warn cleanup         at async Arborist.reify (/Users/zhaoyirui/.workbuddy/binaries/node/versions/22.22.2/lib/node_modules/npm/node_modules/@npmcli/arborist/lib/arborist/reify.js:149:5)
1574 warn cleanup         at async Install.exec (/Users/zhaoyirui/.workbuddy/binaries/node/versions/22.22.2/lib/node_modules/npm/lib/commands/install.js:150:5)
1574 warn cleanup   ],
1574 warn cleanup   [
1574 warn cleanup     '/Users/zhaoyirui/WorkBuddy/2026-08-25-17-14-24/soft-ip-v4/frontend/node_modules/picomatch',
1574 warn cleanup     Error: [safe-delete][SAFE_DELETE_BULK_CONFIRM_REQUIRED] {"count":58,"threshold":50,"scope":"turn","targets":["/Users/zhaoyirui/WorkBuddy/2026-08-25-17-14-24/soft-ip-v4/frontend/node_modules/picomatch"],"targetCount":1}
1574 warn cleanup         at checkBulkDeleteGuard (/Applications/WorkBuddy.app/Contents/Resources/app.asar.unpacked/cli/vendor/shim/genie-safe-delete.cjs:222:19)
1574 warn cleanup         at tryTrash (/Applications/WorkBuddy.app/Contents/Resources/app.asar.unpacked/cli/vendor/shim/genie-safe-delete.cjs:546:5)
1574 warn cleanup         at tryRm (/Applications/WorkBuddy.app/Contents/Resources/app.asar.unpacked/cli/vendor/shim/genie-safe-delete.cjs:722:5)
1574 warn cleanup         at wrappedPromisesRm (/Applications/WorkBuddy.app/Contents/Resources/app.asar.unpacked/cli/vendor/shim/genie-safe-delete.cjs:766:15)
1574 warn cleanup         at /Users/zhaoyirui/.workbuddy/binaries/node/versions/22.22.2/lib/node_modules/npm/node_modules/@npmcli/arborist/lib/arborist/reify.js:657:20
1574 warn cleanup         at Array.map (<anonymous>)
1574 warn cleanup         at [rollbackCreateSparseTree] (/Users/zhaoyirui/.workbuddy/binaries/node/versions/22.22.2/lib/node_modules/npm/node_modules/@npmcli/arborist/lib/arborist/reify.js:657:8)
1574 warn cleanup         at [reifyPackages] (/Users/zhaoyirui/.workbuddy/binaries/node/versions/22.22.2/lib/node_modules/npm/node_modules/@npmcli/arborist/lib/arborist/reify.js:340:31)
1574 warn cleanup         at async Arborist.reify (/Users/zhaoyirui/.workbuddy/binaries/node/versions/22.22.2/lib/node_modules/npm/node_modules/@npmcli/arborist/lib/arborist/reify.js:149:5)
1574 warn cleanup         at async Install.exec (/Users/zhaoyirui/.workbuddy/binaries/node/versions/22.22.2/lib/node_modules/npm/lib/commands/install.js:150:5)
1574 warn cleanup   ],
1574 warn cleanup   [
1574 warn cleanup     '/Users/zhaoyirui/WorkBuddy/2026-08-25-17-14-24/soft-ip-v4/frontend/node_modules/is-binary-path',
1574 warn cleanup     Error: [safe-delete][SAFE_DELETE_BULK_CONFIRM_REQUIRED] {"count":54,"threshold":50,"scope":"turn","targets":["/Users/zhaoyirui/WorkBuddy/2026-08-25-17-14-24/soft-ip-v4/frontend/node_modules/is-binary-path"],"targetCount":1}
1574 warn cleanup         at checkBulkDeleteGuard (/Applications/WorkBuddy.app/Contents/Resources/app.asar.unpacked/cli/vendor/shim/genie-safe-delete.cjs:222:19)
1574 warn cleanup         at tryTrash (/Applications/WorkBuddy.app/Contents/Resources/app.asar.unpacked/cli/vendor/shim/genie-safe-delete.cjs:546:5)
1574 warn cleanup         at tryRm (/Applications/WorkBuddy.app/Contents/Resources/app.asar.unpacked/cli/vendor/shim/genie-safe-delete.cjs:722:5)
1574 warn cleanup         at wrappedPromisesRm (/Applications/WorkBuddy.app/Contents/Resources/app.asar.unpacked/cli/vendor/shim/genie-safe-delete.cjs:766:15)
1574 warn cleanup         at /Users/zhaoyirui/.workbuddy/binaries/node/versions/22.22.2/lib/node_modules/npm/node_modules/@npmcli/arborist/lib/arborist/reify.js:657:20
1574 warn cleanup         at Array.map (<anonymous>)
1574 warn cleanup         at [rollbackCreateSparseTree] (/Users/zhaoyirui/.workbuddy/binaries/node/versions/22.22.2/lib/node_modules/npm/node_modules/@npmcli/arborist/lib/arborist/reify.js:657:8)
1574 warn cleanup         at [reifyPackages] (/Users/zhaoyirui/.workbuddy/binaries/node/versions/22.22.2/lib/node_modules/npm/node_modules/@npmcli/arborist/lib/arborist/reify.js:340:31)
1574 warn cleanup         at async Arborist.reify (/Users/zhaoyirui/.workbuddy/binaries/node/versions/22.22.2/lib/node_modules/npm/node_modules/@npmcli/arborist/lib/arborist/reify.js:149:5)
1574 warn cleanup         at async Install.exec (/Users/zhaoyirui/.workbuddy/binaries/node/versions/22.22.2/lib/node_modules/npm/lib/commands/install.js:150:5)
1574 warn cleanup   ],
1574 warn cleanup   [
1574 warn cleanup     '/Users/zhaoyirui/WorkBuddy/2026-08-25-17-14-24/soft-ip-v4/frontend/node_modules/reusify',
1574 warn cleanup     Error: [safe-delete][SAFE_DELETE_BULK_CONFIRM_REQUIRED] {"count":63,"threshold":50,"scope":"turn","targets":["/Users/zhaoyirui/WorkBuddy/2026-08-25-17-14-24/soft-ip-v4/frontend/node_modules/reusify"],"targetCount":1}
1574 warn cleanup         at checkBulkDeleteGuard (/Applications/WorkBuddy.app/Contents/Resources/app.asar.unpacked/cli/vendor/shim/genie-safe-delete.cjs:222:19)
1574 warn cleanup         at tryTrash (/Applications/WorkBuddy.app/Contents/Resources/app.asar.unpacked/cli/vendor/shim/genie-safe-delete.cjs:546:5)
1574 warn cleanup         at tryRm (/Applications/WorkBuddy.app/Contents/Resources/app.asar.unpacked/cli/vendor/shim/genie-safe-delete.cjs:722:5)
1574 warn cleanup         at wrappedPromisesRm (/Applications/WorkBuddy.app/Contents/Resources/app.asar.unpacked/cli/vendor/shim/genie-safe-delete.cjs:766:15)
1574 warn cleanup         at /Users/zhaoyirui/.workbuddy/binaries/node/versions/22.22.2/lib/node_modules/npm/node_modules/@npmcli/arborist/lib/arborist/reify.js:657:20
1574 warn cleanup         at Array.map (<anonymous>)
1574 warn cleanup         at [rollbackCreateSparseTree] (/Users/zhaoyirui/.workbuddy/binaries/node/versions/22.22.2/lib/node_modules/npm/node_modules/@npmcli/arborist/lib/arborist/reify.js:657:8)
1574 warn cleanup         at [reifyPackages] (/Users/zhaoyirui/.workbuddy/binaries/node/versions/22.22.2/lib/node_modules/npm/node_modules/@npmcli/arborist/lib/arborist/reify.js:340:31)
1574 warn cleanup         at async Arborist.reify (/Users/zhaoyirui/.workbuddy/binaries/node/versions/22.22.2/lib/node_modules/npm/node_modules/@npmcli/arborist/lib/arborist/reify.js:149:5)
1574 warn cleanup         at async Install.exec (/Users/zhaoyirui/.workbuddy/binaries/node/versions/22.22.2/lib/node_modules/npm/lib/commands/install.js:150:5)
1574 warn cleanup   ],
1574 warn cleanup   [
1574 warn cleanup     '/Users/zhaoyirui/WorkBuddy/2026-08-25-17-14-24/soft-ip-v4/frontend/node_modules/run-parallel',
1574 warn cleanup     Error: [safe-delete][SAFE_DELETE_BULK_CONFIRM_REQUIRED] {"count":53,"threshold":50,"scope":"turn","targets":["/Users/zhaoyirui/WorkBuddy/2026-08-25-17-14-24/soft-ip-v4/frontend/node_modules/run-parallel"],"targetCount":1}
1574 warn cleanup         at checkBulkDeleteGuard (/Applications/WorkBuddy.app/Contents/Resources/app.asar.unpacked/cli/vendor/shim/genie-safe-delete.cjs:222:19)
1574 warn cleanup         at tryTrash (/Applications/WorkBuddy.app/Contents/Resources/app.asar.unpacked/cli/vendor/shim/genie-safe-delete.cjs:546:5)
1574 warn cleanup         at tryRm (/Applications/WorkBuddy.app/Contents/Resources/app.asar.unpacked/cli/vendor/shim/genie-safe-delete.cjs:722:5)
1574 warn cleanup         at wrappedPromisesRm (/Applications/WorkBuddy.app/Contents/Resources/app.asar.unpacked/cli/vendor/shim/genie-safe-delete.cjs:766:15)
1574 warn cleanup         at /Users/zhaoyirui/.workbuddy/binaries/node/versions/22.22.2/lib/node_modules/npm/node_modules/@npmcli/arborist/lib/arborist/reify.js:657:20
1574 warn cleanup         at Array.map (<anonymous>)
1574 warn cleanup         at [rollbackCreateSparseTree] (/Users/zhaoyirui/.workbuddy/binaries/node/versions/22.22.2/lib/node_modules/npm/node_modules/@npmcli/arborist/lib/arborist/reify.js:657:8)
1574 warn cleanup         at [reifyPackages] (/Users/zhaoyirui/.workbuddy/binaries/node/versions/22.22.2/lib/node_modules/npm/node_modules/@npmcli/arborist/lib/arborist/reify.js:340:31)
1574 warn cleanup         at async Arborist.reify (/Users/zhaoyirui/.workbuddy/binaries/node/versions/22.22.2/lib/node_modules/npm/node_modules/@npmcli/arborist/lib/arborist/reify.js:149:5)
1574 warn cleanup         at async Install.exec (/Users/zhaoyirui/.workbuddy/binaries/node/versions/22.22.2/lib/node_modules/npm/lib/commands/install.js:150:5)
1574 warn cleanup   ],
1574 warn cleanup   [
1574 warn cleanup     '/Users/zhaoyirui/WorkBuddy/2026-08-25-17-14-24/soft-ip-v4/frontend/node_modules/to-regex-range',
1574 warn cleanup     Error: [safe-delete][SAFE_DELETE_BULK_CONFIRM_REQUIRED] {"count":53,"threshold":50,"scope":"turn","targets":["/Users/zhaoyirui/WorkBuddy/2026-08-25-17-14-24/soft-ip-v4/frontend/node_modules/to-regex-range"],"targetCount":1}
1574 warn cleanup         at checkBulkDeleteGuard (/Applications/WorkBuddy.app/Contents/Resources/app.asar.unpacked/cli/vendor/shim/genie-safe-delete.cjs:222:19)
1574 warn cleanup         at tryTrash (/Applications/WorkBuddy.app/Contents/Resources/app.asar.unpacked/cli/vendor/shim/genie-safe-delete.cjs:546:5)
1574 warn cleanup         at tryRm (/Applications/WorkBuddy.app/Contents/Resources/app.asar.unpacked/cli/vendor/shim/genie-safe-delete.cjs:722:5)
1574 warn cleanup         at wrappedPromisesRm (/Applications/WorkBuddy.app/Contents/Resources/app.asar.unpacked/cli/vendor/shim/genie-safe-delete.cjs:766:15)
1574 warn cleanup         at /Users/zhaoyirui/.workbuddy/binaries/node/versions/22.22.2/lib/node_modules/npm/node_modules/@npmcli/arborist/lib/arborist/reify.js:657:20
1574 warn cleanup         at Array.map (<anonymous>)
1574 warn cleanup         at [rollbackCreateSparseTree] (/Users/zhaoyirui/.workbuddy/binaries/node/versions/22.22.2/lib/node_modules/npm/node_modules/@npmcli/arborist/lib/arborist/reify.js:657:8)
1574 warn cleanup         at [reifyPackages] (/Users/zhaoyirui/.workbuddy/binaries/node/versions/22.22.2/lib/node_modules/npm/node_modules/@npmcli/arborist/lib/arborist/reify.js:340:31)
1574 warn cleanup         at async Arborist.reify (/Users/zhaoyirui/.workbuddy/binaries/node/versions/22.22.2/lib/node_modules/npm/node_modules/@npmcli/arborist/lib/arborist/reify.js:149:5)
1574 warn cleanup         at async Install.exec (/Users/zhaoyirui/.workbuddy/binaries/node/versions/22.22.2/lib/node_modules/npm/lib/commands/install.js:150:5)
1574 warn cleanup   ],
1574 warn cleanup   [
1574 warn cleanup     '/Users/zhaoyirui/WorkBuddy/2026-08-25-17-14-24/soft-ip-v4/frontend/node_modules/binary-extensions',
1574 warn cleanup     Error: [safe-delete][SAFE_DELETE_BULK_CONFIRM_REQUIRED] {"count":56,"threshold":50,"scope":"turn","targets":["/Users/zhaoyirui/WorkBuddy/2026-08-25-17-14-24/soft-ip-v4/frontend/node_modules/binary-extensions"],"targetCount":1}
1574 warn cleanup         at checkBulkDeleteGuard (/Applications/WorkBuddy.app/Contents/Resources/app.asar.unpacked/cli/vendor/shim/genie-safe-delete.cjs:222:19)
1574 warn cleanup         at tryTrash (/Applications/WorkBuddy.app/Contents/Resources/app.asar.unpacked/cli/vendor/shim/genie-safe-delete.cjs:546:5)
1574 warn cleanup         at tryRm (/Applications/WorkBuddy.app/Contents/Resources/app.asar.unpacked/cli/vendor/shim/genie-safe-delete.cjs:722:5)
1574 warn cleanup         at wrappedPromisesRm (/Applications/WorkBuddy.app/Contents/Resources/app.asar.unpacked/cli/vendor/shim/genie-safe-delete.cjs:766:15)
1574 warn cleanup         at /Users/zhaoyirui/.workbuddy/binaries/node/versions/22.22.2/lib/node_modules/npm/node_modules/@npmcli/arborist/lib/arborist/reify.js:657:20
1574 warn cleanup         at Array.map (<anonymous>)
1574 warn cleanup         at [rollbackCreateSparseTree] (/Users/zhaoyirui/.workbuddy/binaries/node/versions/22.22.2/lib/node_modules/npm/node_modules/@npmcli/arborist/lib/arborist/reify.js:657:8)
1574 warn cleanup         at [reifyPackages] (/Users/zhaoyirui/.workbuddy/binaries/node/versions/22.22.2/lib/node_modules/npm/node_modules/@npmcli/arborist/lib/arborist/reify.js:340:31)
1574 warn cleanup         at async Arborist.reify (/Users/zhaoyirui/.workbuddy/binaries/node/versions/22.22.2/lib/node_modules/npm/node_modules/@npmcli/arborist/lib/arborist/reify.js:149:5)
1574 warn cleanup         at async Install.exec (/Users/zhaoyirui/.workbuddy/binaries/node/versions/22.22.2/lib/node_modules/npm/lib/commands/install.js:150:5)
1574 warn cleanup   ],
1574 warn cleanup   [
1574 warn cleanup     '/Users/zhaoyirui/WorkBuddy/2026-08-25-17-14-24/soft-ip-v4/frontend/node_modules/read-cache',
1574 warn cleanup     Error: [safe-delete][SAFE_DELETE_BULK_CONFIRM_REQUIRED] {"count":53,"threshold":50,"scope":"turn","targets":["/Users/zhaoyirui/WorkBuddy/2026-08-25-17-14-24/soft-ip-v4/frontend/node_modules/read-cache"],"targetCount":1}
1574 warn cleanup         at checkBulkDeleteGuard (/Applications/WorkBuddy.app/Contents/Resources/app.asar.unpacked/cli/vendor/shim/genie-safe-delete.cjs:222:19)
1574 warn cleanup         at tryTrash (/Applications/WorkBuddy.app/Contents/Resources/app.asar.unpacked/cli/vendor/shim/genie-safe-delete.cjs:546:5)
1574 warn cleanup         at tryRm (/Applications/WorkBuddy.app/Contents/Resources/app.asar.unpacked/cli/vendor/shim/genie-safe-delete.cjs:722:5)
1574 warn cleanup         at wrappedPromisesRm (/Applications/WorkBuddy.app/Contents/Resources/app.asar.unpacked/cli/vendor/shim/genie-safe-delete.cjs:766:15)
1574 warn cleanup         at /Users/zhaoyirui/.workbuddy/binaries/node/versions/22.22.2/lib/node_modules/npm/node_modules/@npmcli/arborist/lib/arborist/reify.js:657:20
1574 warn cleanup         at Array.map (<anonymous>)
1574 warn cleanup         at [rollbackCreateSparseTree] (/Users/zhaoyirui/.workbuddy/binaries/node/versions/22.22.2/lib/node_modules/npm/node_modules/@npmcli/arborist/lib/arborist/reify.js:657:8)
1574 warn cleanup         at [reifyPackages] (/Users/zhaoyirui/.workbuddy/binaries/node/versions/22.22.2/lib/node_modules/npm/node_modules/@npmcli/arborist/lib/arborist/reify.js:340:31)
1574 warn cleanup         at async Arborist.reify (/Users/zhaoyirui/.workbuddy/binaries/node/versions/22.22.2/lib/node_modules/npm/node_modules/@npmcli/arborist/lib/arborist/reify.js:149:5)
1574 warn cleanup         at async Install.exec (/Users/zhaoyirui/.workbuddy/binaries/node/versions/22.22.2/lib/node_modules/npm/lib/commands/install.js:150:5)
1574 warn cleanup   ],
1574 warn cleanup   ... 39 more items
1574 warn cleanup ]
1575 verbose stack Error: [safe-delete][SAFE_DELETE_BULK_CONFIRM_REQUIRED] {"count":50,"threshold":50,"scope":"turn","targets":["/Users/zhaoyirui/WorkBuddy/2026-08-25-17-14-24/soft-ip-v4/frontend/.npm-cache/_cacache/tmp/1be93117"],"targetCount":1}
1575 verbose stack     at checkBulkDeleteGuard (/Applications/WorkBuddy.app/Contents/Resources/app.asar.unpacked/cli/vendor/shim/genie-safe-delete.cjs:222:19)
1575 verbose stack     at tryTrash (/Applications/WorkBuddy.app/Contents/Resources/app.asar.unpacked/cli/vendor/shim/genie-safe-delete.cjs:546:5)
1575 verbose stack     at tryRm (/Applications/WorkBuddy.app/Contents/Resources/app.asar.unpacked/cli/vendor/shim/genie-safe-delete.cjs:722:5)
1575 verbose stack     at Object.wrappedPromisesRm [as rm] (/Applications/WorkBuddy.app/Contents/Resources/app.asar.unpacked/cli/vendor/shim/genie-safe-delete.cjs:766:15)
1575 verbose stack     at handleContent (/Users/zhaoyirui/.workbuddy/binaries/node/versions/22.22.2/lib/node_modules/npm/node_modules/cacache/lib/content/write.js:115:16)
1576 error [safe-delete][SAFE_DELETE_BULK_CONFIRM_REQUIRED] {"count":50,"threshold":50,"scope":"turn","targets":["/Users/zhaoyirui/WorkBuddy/2026-08-25-17-14-24/soft-ip-v4/frontend/.npm-cache/_cacache/tmp/1be93117"],"targetCount":1}
1577 silly unfinished npm timer reify 1787740669668
1578 silly unfinished npm timer reify:unpack 1787740680936
1579 silly unfinished npm timer reifyNode:node_modules/fast-glob/node_modules/glob-parent 1787740680937
1580 verbose cwd /Users/zhaoyirui/WorkBuddy/2026-08-25-17-14-24/soft-ip-v4/frontend
1581 verbose os Darwin 24.6.0
1582 verbose node v22.22.2
1583 verbose npm  v10.9.7
1584 notice
1584 notice New major version of npm available! 10.9.7 -> 12.0.2
1584 notice Changelog: https://github.com/npm/cli/releases/tag/v12.0.2
1584 notice To update run: npm install -g npm@12.0.2
1584 notice  { force: true, [Symbol(proc-log.meta)]: true }
1585 verbose exit 1
1586 verbose code 1
1587 error A complete log of this run can be found in: /Users/zhaoyirui/WorkBuddy/2026-08-25-17-14-24/soft-ip-v4/frontend/.npm-cache/_logs/2026-08-26T10_37_49_372Z-debug-0.log
